Dish ID,Dish Name,Restaurant,Restaurant Address,City,Country,Postal Code (ZIP / PIN),Meal Category,Dietary Pattern,Macro Tier,Calories (kcal),Protein (g),Carbs (g),Fat (g),Fiber (g),Net Carbs (g),Estimated Sugar (g),Cooking Fat,Seed-Oil Free,Gluten-Free,Keto-Friendly,Grass-Fed / Pastured,Dairy-Free,Diet Tags,Key Ingredients,Health Highlights,Price,Rating,Reviews Count,Chef & Verification Notes,Latitude,Longitude
in-delhi-110001-1,Desi Clay Oven Chicken Tikka (Zero Batter),Fabcafe (Connaught Place),"Regal Building, CP, Delhi, Delhi 110001",Delhi,India,110001,Clay Oven & Fire Grills,High-Protein Omnivore / Paleo,Super-High Protein (45g+),380,46,12,12,4,8,1,Pure A2 Desi Cow Ghee,YES,YES,YES,YES,NO,Seed Oil Free; Gluten-Free; High Protein; High Fiber; Low Sugar; Millet / Whole Grain,Pasture-raised chicken breast; hung cow milk dahi; Kashmiri degi mirch; roasted ajwain; kassori methi; fresh lemon,46g Clean Protein; Zero Seed Oils; Clay Oven Roasting; Zero Added Sugar; 100% Gluten-Free,₹224,4.8,320,"Boneless chicken breast steeped in hung curd, ginger-garlic, and cold-ground spices. Roasted in traditional clay tandoor without maida or food colors.",28.6058,77.19485
in-delhi-110001-2,Organic Palak Paneer & Foxtail Millet Khichdi,EatFit Organic (Connaught Place),"Regal Building, CP, Delhi, Delhi 110001",Delhi,India,110001,Ancient Millets & Ayurvedic Staples,Vegetarian (Dairy / Pure Ghee),Balanced Clean Protein (20g-34g),390,26,36,14,9,27,4,Pure A2 Desi Cow Ghee,YES,YES,NO,YES,NO,Seed Oil Free; Gluten-Free; High Protein; High Fiber; Low Sugar; Millet / Whole Grain,Sprouted foxtail millet; pure cow milk paneer cubes; slow-simmered spinach purée; roasted jeera; pink Himalayan salt,26g Dairy & Millet Protein; Pure A2 Cow Ghee; Zero Seed Oils; 9g Dietary Fiber; 100% Gluten-Free,₹204,4.7,224,"Prebiotic superfood bowl cooked with mineral-dense foxtail millets and iron-rich baby spinach. Zero refined oils, naturally gluten-free.",28.61887,77.20564
in-delhi-110001-3,High-Protein Sprouted Moong & Kala Chana Chaat,Healthy Bites (Connaught Place),"Regal Building, CP, Delhi, Delhi 110001",Delhi,India,110001,Pulse & Sprouted Legumes,100% Plant-Based / Vegan,Balanced Clean Protein (20g-34g),260,22,32,4,11,21,4,Cold-Pressed Kachi Ghani Mustard Oil,YES,YES,NO,NO,YES,Seed Oil Free; Gluten-Free; High Protein; High Fiber; Low Sugar; Millet / Whole Grain,Sprouted whole green moong; boiled black chana; diced cucumber & tomatoes; pomegranate arils; fresh lime juice; rock salt,22g Clean Pulse Protein; Raw / Cold-Pressed Mustard Oil; Zero Seed Oils; 11g High Fiber; 100% Gluten-Free,₹374,4.7,287,Bioavailable sprouted pulse chaat tossed raw with digestive roasted cumin and cold-pressed Kachi Ghani oil. Zero cooking loss of vitamins.,28.60698,77.21354
in-delhi-110001-4,Artisanal Cow Milk Paneer Tikka Salad,Greenr Cafe (Connaught Place),"Regal Building, CP, Delhi, Delhi 110001",Delhi,India,110001,Salad & Raw Greens,Vegetarian (Dairy / Pure Ghee),Balanced Clean Protein (20g-34g),340,28,16,16,6,10,2,Pure A2 Desi Cow Ghee,YES,YES,YES,YES,NO,Seed Oil Free; Gluten-Free; High Protein; High Fiber; Low Sugar; Millet / Whole Grain,Organic grass-fed cow paneer; charred bell peppers & onions; massaged baby greens; mint-coriander emulsion; roasted flaxseed,28g High-Quality Protein; Pure A2 Desi Cow Ghee; Zero Seed Oils; 6g Dietary Fiber; 100% Gluten-Free,₹186,4.9,178,"Freshly coagulated cow milk paneer lightly blistered in clay tandoor. Low carb, high calcium, zero wheat additives.",28.62388,77.21656
in-delhi-110001-5,Coastal Wild Kingfish Tawa Steak,Mojigao Coastal (Connaught Place),"Regal Building, CP, Delhi, Delhi 110001",Delhi,India,110001,Wild Seafood & Coastal,Pescetarian,High Protein (35g-44g),410,44,8,18,4,4,1,Wood-Pressed Virgin Coconut Oil,YES,YES,YES,NO,YES,Seed Oil Free; Gluten-Free; High Protein; High Fiber; Low Sugar; Millet / Whole Grain,Wild-caught coastal kingfish / surmai; freshly ground Malabar pepper; kokum extract; curry leaves; steamed French beans,44g Wild Marine Protein; Wood-Pressed Coconut Oil; Zero Seed Oils; Heart-Healthy Omega 3; 100% Gluten-Free,₹318,4.7,347,"Fresh caught kingfish pan-seared gently in cold-pressed virgin coconut oil with digestive kokum. Zero batter, zero trans-fats.",28.62062,77.19999
in-delhi-110024-1,Artisanal Cow Milk Paneer Tikka Salad,Greenr Cafe (Lajpat Nagar),"Central Market, Lajpat Nagar, Delhi, Delhi 110024",Delhi,India,110024,Salad & Raw Greens,Vegetarian (Dairy / Pure Ghee),Balanced Clean Protein (20g-34g),340,28,16,16,6,10,2,Pure A2 Desi Cow Ghee,YES,YES,YES,YES,NO,Seed Oil Free; Gluten-Free; High Protein; High Fiber; Low Sugar; Millet / Whole Grain,Organic grass-fed cow paneer; charred bell peppers & onions; massaged baby greens; mint-coriander emulsion; roasted flaxseed,28g High-Quality Protein; Pure A2 Desi Cow Ghee; Zero Seed Oils; 6g Dietary Fiber; 100% Gluten-Free,₹320,4.8,195,"Freshly coagulated cow milk paneer lightly blistered in clay tandoor. Low carb, high calcium, zero wheat additives.",28.61728,77.22098
in-delhi-110024-2,Coastal Wild Kingfish Tawa Steak,Mojigao Coastal (Lajpat Nagar),"Central Market, Lajpat Nagar, Delhi, Delhi 110024",Delhi,India,110024,Wild Seafood & Coastal,Pescetarian,High Protein (35g-44g),410,44,8,18,4,4,1,Wood-Pressed Virgin Coconut Oil,YES,YES,YES,NO,YES,Seed Oil Free; Gluten-Free; High Protein; High Fiber; Low Sugar; Millet / Whole Grain,Wild-caught coastal kingfish / surmai; freshly ground Malabar pepper; kokum extract; curry leaves; steamed French beans,44g Wild Marine Protein; Wood-Pressed Coconut Oil; Zero Seed Oils; Heart-Healthy Omega 3; 100% Gluten-Free,₹212,4.8,322,"Fresh caught kingfish pan-seared gently in cold-pressed virgin coconut oil with digestive kokum. Zero batter, zero trans-fats.",28.62248,77.21302
in-delhi-110024-3,Jowar Bhakri with Sprouted Matki Usal,Swaad Organic (Lajpat Nagar),"Central Market, Lajpat Nagar, Delhi, Delhi 110024",Delhi,India,110024,Ancient Millets & Ayurvedic Staples,100% Plant-Based / Vegan,Balanced Clean Protein (20g-34g),320,21,42,6,10,32,5,Pure A2 Desi Cow Ghee,YES,YES,NO,YES,YES,Seed Oil Free; Gluten-Free; High Protein; High Fiber; Low Sugar; Millet / Whole Grain,100% Hand-pressed jowar (sorghum) flour; sprouted dew beans (matki); fresh ginger & garlic; tempered mustard seeds; green chili,21g Plant Protein; Pure A2 Ghee; Zero Seed Oils; 10g Millet Fiber; 100% Gluten-Free,₹386,4.8,110,"Ancient grain sorghum roti hand-patted and puffed on cast-iron tawa, served with enzymatic sprouted dew bean curry. 100% gluten-free.",28.623,77.21504
in-delhi-110024-4,Steamed Ragi Mudde with Huruli (Horsegram) Saaru,Karnataka Millets (Lajpat Nagar),"Central Market, Lajpat Nagar, Delhi, Delhi 110024",Delhi,India,110024,Ancient Millets & Ayurvedic Staples,100% Plant-Based / Vegan,Balanced Clean Protein (20g-34g),290,23,38,4,12,26,5,Pure A2 Desi Cow Ghee,YES,YES,NO,YES,YES,Seed Oil Free; Gluten-Free; High Protein; High Fiber; Low Sugar; Millet / Whole Grain,Finger millet (ragi) whole grain flour; horsegram (kulthi) slow broth; crushed peppercorns; fresh coriander roots; curry leaf tadka,23g High-Protein Broth; Pure A2 Cow Ghee; Zero Seed Oils; 12g High Fiber; 100% Gluten-Free,₹259,4.9,250,Legendary Ayurvedic endurance staple. Steamed mineral-rich ragi ball paired with high-protein horsegram broth. Zero seed oils.,28.61143,77.19696
in-delhi-110024-5,High-Protein Sattu & Roasted Jeera Buttermilk Bowl,Bihar Sattu & Grain (Lajpat Nagar),"Central Market, Lajpat Nagar, Delhi, Delhi 110024",Delhi,India,110024,Pulse & Sprouted Legumes,Vegetarian (Dairy / Pure Ghee),Balanced Clean Protein (20g-34g),270,24,30,5,9,21,4,Cold-Pressed Kachi Ghani Mustard Oil,YES,YES,NO,NO,NO,Seed Oil Free; Gluten-Free; High Protein; High Fiber; Low Sugar; Millet / Whole Grain,Toasted Bengal gram (sattu) flour; churned A2 cow milk chaas; finely chopped shallots & green chilies; kala namak; roasted cumin,24g Clean Pulse Protein; Probiotic Chaas; Zero Seed Oils; 9g Prebiotic Fiber; 100% Gluten-Free,₹265,4.9,311,Cooling powerhouse protein meal with roasted chana flour suspended in churned dahi. Extremely low glycemic index and 100% gluten-free.,28.62793,77.21013
in-delhi-110048-1,Steamed Ragi Mudde with Huruli (Horsegram) Saaru,Karnataka Millets (Greater Kailash 1),"M-Block Market, GK 1, Delhi, Delhi 110048",Delhi,India,110048,Ancient Millets & Ayurvedic Staples,100% Plant-Based / Vegan,Balanced Clean Protein (20g-34g),290,23,38,4,12,26,5,Pure A2 Desi Cow Ghee,YES,YES,NO,YES,YES,Seed Oil Free; Gluten-Free; High Protein; High Fiber; Low Sugar; Millet / Whole Grain,Finger millet (ragi) whole grain flour; horsegram (kulthi) slow broth; crushed peppercorns; fresh coriander roots; curry leaf tadka,23g High-Protein Broth; Pure A2 Cow Ghee; Zero Seed Oils; 12g High Fiber; 100% Gluten-Free,₹313,4.7,389,Legendary Ayurvedic endurance staple. Steamed mineral-rich ragi ball paired with high-protein horsegram broth. Zero seed oils.,28.62514,77.21819
in-delhi-110048-2,High-Protein Sattu & Roasted Jeera Buttermilk Bowl,Bihar Sattu & Grain (Greater Kailash 1),"M-Block Market, GK 1, Delhi, Delhi 110048",Delhi,India,110048,Pulse & Sprouted Legumes,Vegetarian (Dairy / Pure Ghee),Balanced Clean Protein (20g-34g),270,24,30,5,9,21,4,Cold-Pressed Kachi Ghani Mustard Oil,YES,YES,NO,NO,NO,Seed Oil Free; Gluten-Free; High Protein; High Fiber; Low Sugar; Millet / Whole Grain,Toasted Bengal gram (sattu) flour; churned A2 cow milk chaas; finely chopped shallots & green chilies; kala namak; roasted cumin,24g Clean Pulse Protein; Probiotic Chaas; Zero Seed Oils; 9g Prebiotic Fiber; 100% Gluten-Free,₹197,4.8,168,Cooling powerhouse protein meal with roasted chana flour suspended in churned dahi. Extremely low glycemic index and 100% gluten-free.,28.62067,77.20737
in-delhi-110048-3,Desi Clay Oven Chicken Tikka (Zero Batter),Fabcafe (Greater Kailash 1),"M-Block Market, GK 1, Delhi, Delhi 110048",Delhi,India,110048,Clay Oven & Fire Grills,High-Protein Omnivore / Paleo,Super-High Protein (45g+),380,46,12,12,4,8,1,Pure A2 Desi Cow Ghee,YES,YES,YES,YES,NO,Seed Oil Free; Gluten-Free; High Protein; High Fiber; Low Sugar; Millet / Whole Grain,Pasture-raised chicken breast; hung cow milk dahi; Kashmiri degi mirch; roasted ajwain; kassori methi; fresh lemon,46g Clean Protein; Zero Seed Oils; Clay Oven Roasting; Zero Added Sugar; 100% Gluten-Free,₹352,4.9,133,"Boneless chicken breast steeped in hung curd, ginger-garlic, and cold-ground spices. Roasted in traditional clay tandoor without maida or food colors.",28.60303,77.21002
in-delhi-110048-4,Organic Palak Paneer & Foxtail Millet Khichdi,EatFit Organic (Greater Kailash 1),"M-Block Market, GK 1, Delhi, Delhi 110048",Delhi,India,110048,Ancient Millets & Ayurvedic Staples,Vegetarian (Dairy / Pure Ghee),Balanced Clean Protein (20g-34g),390,26,36,14,9,27,4,Pure A2 Desi Cow Ghee,YES,YES,NO,YES,NO,Seed Oil Free; Gluten-Free; High Protein; High Fiber; Low Sugar; Millet / Whole Grain,Sprouted foxtail millet; pure cow milk paneer cubes; slow-simmered spinach purée; roasted jeera; pink Himalayan salt,26g Dairy & Millet Protein; Pure A2 Cow Ghee; Zero Seed Oils; 9g Dietary Fiber; 100% Gluten-Free,₹270,4.8,398,"Prebiotic superfood bowl cooked with mineral-dense foxtail millets and iron-rich baby spinach. Zero refined oils, naturally gluten-free.",28.61884,77.22272
in-delhi-110048-5,High-Protein Sprouted Moong & Kala Chana Chaat,Healthy Bites (Greater Kailash 1),"M-Block Market, GK 1, Delhi, Delhi 110048",Delhi,India,110048,Pulse & Sprouted Legumes,100% Plant-Based / Vegan,Balanced Clean Protein (20g-34g),260,22,32,4,11,21,4,Cold-Pressed Kachi Ghani Mustard Oil,YES,YES,NO,NO,YES,Seed Oil Free; Gluten-Free; High Protein; High Fiber; Low Sugar; Millet / Whole Grain,Sprouted whole green moong; boiled black chana; diced cucumber & tomatoes; pomegranate arils; fresh lime juice; rock salt,22g Clean Pulse Protein; Raw / Cold-Pressed Mustard Oil; Zero Seed Oils; 11g High Fiber; 100% Gluten-Free,₹376,4.8,305,Bioavailable sprouted pulse chaat tossed raw with digestive roasted cumin and cold-pressed Kachi Ghani oil. Zero cooking loss of vitamins.,28.61591,77.19914
in-delhi-110057-1,Organic Palak Paneer & Foxtail Millet Khichdi,EatFit Organic (Vasant Vihar),"Priya Cinema Complex, Vasant Vihar, Delhi, Delhi 110057",Delhi,India,110057,Ancient Millets & Ayurvedic Staples,Vegetarian (Dairy / Pure Ghee),Balanced Clean Protein (20g-34g),390,26,36,14,9,27,4,Pure A2 Desi Cow Ghee,YES,YES,NO,YES,NO,Seed Oil Free; Gluten-Free; High Protein; High Fiber; Low Sugar; Millet / Whole Grain,Sprouted foxtail millet; pure cow milk paneer cubes; slow-simmered spinach purée; roasted jeera; pink Himalayan salt,26g Dairy & Millet Protein; Pure A2 Cow Ghee; Zero Seed Oils; 9g Dietary Fiber; 100% Gluten-Free,₹266,4.7,378,"Prebiotic superfood bowl cooked with mineral-dense foxtail millets and iron-rich baby spinach. Zero refined oils, naturally gluten-free.",28.6086,77.20254
in-delhi-110057-2,High-Protein Sprouted Moong & Kala Chana Chaat,Healthy Bites (Vasant Vihar),"Priya Cinema Complex, Vasant Vihar, Delhi, Delhi 110057",Delhi,India,110057,Pulse & Sprouted Legumes,100% Plant-Based / Vegan,Balanced Clean Protein (20g-34g),260,22,32,4,11,21,4,Cold-Pressed Kachi Ghani Mustard Oil,YES,YES,NO,NO,YES,Seed Oil Free; Gluten-Free; High Protein; High Fiber; Low Sugar; Millet / Whole Grain,Sprouted whole green moong; boiled black chana; diced cucumber & tomatoes; pomegranate arils; fresh lime juice; rock salt,22g Clean Pulse Protein; Raw / Cold-Pressed Mustard Oil; Zero Seed Oils; 11g High Fiber; 100% Gluten-Free,₹365,4.7,285,Bioavailable sprouted pulse chaat tossed raw with digestive roasted cumin and cold-pressed Kachi Ghani oil. Zero cooking loss of vitamins.,28.61648,77.19739
in-delhi-110057-3,Artisanal Cow Milk Paneer Tikka Salad,Greenr Cafe (Vasant Vihar),"Priya Cinema Complex, Vasant Vihar, Delhi, Delhi 110057",Delhi,India,110057,Salad & Raw Greens,Vegetarian (Dairy / Pure Ghee),Balanced Clean Protein (20g-34g),340,28,16,16,6,10,2,Pure A2 Desi Cow Ghee,YES,YES,YES,YES,NO,Seed Oil Free; Gluten-Free; High Protein; High Fiber; Low Sugar; Millet / Whole Grain,Organic grass-fed cow paneer; charred bell peppers & onions; massaged baby greens; mint-coriander emulsion; roasted flaxseed,28g High-Quality Protein; Pure A2 Desi Cow Ghee; Zero Seed Oils; 6g Dietary Fiber; 100% Gluten-Free,₹282,4.8,310,"Freshly coagulated cow milk paneer lightly blistered in clay tandoor. Low carb, high calcium, zero wheat additives.",28.60535,77.20441
in-delhi-110057-4,Coastal Wild Kingfish Tawa Steak,Mojigao Coastal (Vasant Vihar),"Priya Cinema Complex, Vasant Vihar, Delhi, Delhi 110057",Delhi,India,110057,Wild Seafood & Coastal,Pescetarian,High Protein (35g-44g),410,44,8,18,4,4,1,Wood-Pressed Virgin Coconut Oil,YES,YES,YES,NO,YES,Seed Oil Free; Gluten-Free; High Protein; High Fiber; Low Sugar; Millet / Whole Grain,Wild-caught coastal kingfish / surmai; freshly ground Malabar pepper; kokum extract; curry leaves; steamed French beans,44g Wild Marine Protein; Wood-Pressed Coconut Oil; Zero Seed Oils; Heart-Healthy Omega 3; 100% Gluten-Free,₹266,4.7,297,"Fresh caught kingfish pan-seared gently in cold-pressed virgin coconut oil with digestive kokum. Zero batter, zero trans-fats.",28.61998,77.21996
in-delhi-110057-5,Jowar Bhakri with Sprouted Matki Usal,Swaad Organic (Vasant Vihar),"Priya Cinema Complex, Vasant Vihar, Delhi, Delhi 110057",Delhi,India,110057,Ancient Millets & Ayurvedic Staples,100% Plant-Based / Vegan,Balanced Clean Protein (20g-34g),320,21,42,6,10,32,5,Pure A2 Desi Cow Ghee,YES,YES,NO,YES,YES,Seed Oil Free; Gluten-Free; High Protein; High Fiber; Low Sugar; Millet / Whole Grain,100% Hand-pressed jowar (sorghum) flour; sprouted dew beans (matki); fresh ginger & garlic; tempered mustard seeds; green chili,21g Plant Protein; Pure A2 Ghee; Zero Seed Oils; 10g Millet Fiber; 100% Gluten-Free,₹204,4.8,389,"Ancient grain sorghum roti hand-patted and puffed on cast-iron tawa, served with enzymatic sprouted dew bean curry. 100% gluten-free.",28.60823,77.19608
in-gurugram-122002-1,Desi Clay Oven Chicken Tikka (Zero Batter),Fabcafe (Cyber Hub / DLF Phase 2),"DLF Cyber Hub, NH 8, Gurugram, Haryana 122002",Gurugram,India,122002,Clay Oven & Fire Grills,High-Protein Omnivore / Paleo,Super-High Protein (45g+),380,46,12,12,4,8,1,Pure A2 Desi Cow Ghee,YES,YES,YES,YES,NO,Seed Oil Free; Gluten-Free; High Protein; High Fiber; Low Sugar; Millet / Whole Grain,Pasture-raised chicken breast; hung cow milk dahi; Kashmiri degi mirch; roasted ajwain; kassori methi; fresh lemon,46g Clean Protein; Zero Seed Oils; Clay Oven Roasting; Zero Added Sugar; 100% Gluten-Free,₹246,4.8,118,"Boneless chicken breast steeped in hung curd, ginger-garlic, and cold-ground spices. Roasted in traditional clay tandoor without maida or food colors.",28.4446,77.01317
in-gurugram-122002-2,Organic Palak Paneer & Foxtail Millet Khichdi,EatFit Organic (Cyber Hub / DLF Phase 2),"DLF Cyber Hub, NH 8, Gurugram, Haryana 122002",Gurugram,India,122002,Ancient Millets & Ayurvedic Staples,Vegetarian (Dairy / Pure Ghee),Balanced Clean Protein (20g-34g),390,26,36,14,9,27,4,Pure A2 Desi Cow Ghee,YES,YES,NO,YES,NO,Seed Oil Free; Gluten-Free; High Protein; High Fiber; Low Sugar; Millet / Whole Grain,Sprouted foxtail millet; pure cow milk paneer cubes; slow-simmered spinach purée; roasted jeera; pink Himalayan salt,26g Dairy & Millet Protein; Pure A2 Cow Ghee; Zero Seed Oils; 9g Dietary Fiber; 100% Gluten-Free,₹193,4.8,297,"Prebiotic superfood bowl cooked with mineral-dense foxtail millets and iron-rich baby spinach. Zero refined oils, naturally gluten-free.",28.47217,77.03555
in-gurugram-122002-3,High-Protein Sprouted Moong & Kala Chana Chaat,Healthy Bites (Cyber Hub / DLF Phase 2),"DLF Cyber Hub, NH 8, Gurugram, Haryana 122002",Gurugram,India,122002,Pulse & Sprouted Legumes,100% Plant-Based / Vegan,Balanced Clean Protein (20g-34g),260,22,32,4,11,21,4,Cold-Pressed Kachi Ghani Mustard Oil,YES,YES,NO,NO,YES,Seed Oil Free; Gluten-Free; High Protein; High Fiber; Low Sugar; Millet / Whole Grain,Sprouted whole green moong; boiled black chana; diced cucumber & tomatoes; pomegranate arils; fresh lime juice; rock salt,22g Clean Pulse Protein; Raw / Cold-Pressed Mustard Oil; Zero Seed Oils; 11g High Fiber; 100% Gluten-Free,₹272,4.9,284,Bioavailable sprouted pulse chaat tossed raw with digestive roasted cumin and cold-pressed Kachi Ghani oil. Zero cooking loss of vitamins.,28.47262,77.03898
in-gurugram-122002-4,Artisanal Cow Milk Paneer Tikka Salad,Greenr Cafe (Cyber Hub / DLF Phase 2),"DLF Cyber Hub, NH 8, Gurugram, Haryana 122002",Gurugram,India,122002,Salad & Raw Greens,Vegetarian (Dairy / Pure Ghee),Balanced Clean Protein (20g-34g),340,28,16,16,6,10,2,Pure A2 Desi Cow Ghee,YES,YES,YES,YES,NO,Seed Oil Free; Gluten-Free; High Protein; High Fiber; Low Sugar; Millet / Whole Grain,Organic grass-fed cow paneer; charred bell peppers & onions; massaged baby greens; mint-coriander emulsion; roasted flaxseed,28g High-Quality Protein; Pure A2 Desi Cow Ghee; Zero Seed Oils; 6g Dietary Fiber; 100% Gluten-Free,₹314,4.8,126,"Freshly coagulated cow milk paneer lightly blistered in clay tandoor. Low carb, high calcium, zero wheat additives.",28.46377,77.0143
in-gurugram-122002-5,Coastal Wild Kingfish Tawa Steak,Mojigao Coastal (Cyber Hub / DLF Phase 2),"DLF Cyber Hub, NH 8, Gurugram, Haryana 122002",Gurugram,India,122002,Wild Seafood & Coastal,Pescetarian,High Protein (35g-44g),410,44,8,18,4,4,1,Wood-Pressed Virgin Coconut Oil,YES,YES,YES,NO,YES,Seed Oil Free; Gluten-Free; High Protein; High Fiber; Low Sugar; Millet / Whole Grain,Wild-caught coastal kingfish / surmai; freshly ground Malabar pepper; kokum extract; curry leaves; steamed French beans,44g Wild Marine Protein; Wood-Pressed Coconut Oil; Zero Seed Oils; Heart-Healthy Omega 3; 100% Gluten-Free,₹340,4.9,349,"Fresh caught kingfish pan-seared gently in cold-pressed virgin coconut oil with digestive kokum. Zero batter, zero trans-fats.",28.45394,77.01571
in-gurugram-122018-1,Artisanal Cow Milk Paneer Tikka Salad,Greenr Cafe (Sohna Road / Sector 49),"Spaze I-Tech Park, Sohna Rd, Gurugram, Haryana 122018",Gurugram,India,122018,Salad & Raw Greens,Vegetarian (Dairy / Pure Ghee),Balanced Clean Protein (20g-34g),340,28,16,16,6,10,2,Pure A2 Desi Cow Ghee,YES,YES,YES,YES,NO,Seed Oil Free; Gluten-Free; High Protein; High Fiber; Low Sugar; Millet / Whole Grain,Organic grass-fed cow paneer; charred bell peppers & onions; massaged baby greens; mint-coriander emulsion; roasted flaxseed,28g High-Quality Protein; Pure A2 Desi Cow Ghee; Zero Seed Oils; 6g Dietary Fiber; 100% Gluten-Free,₹218,4.7,242,"Freshly coagulated cow milk paneer lightly blistered in clay tandoor. Low carb, high calcium, zero wheat additives.",28.46751,77.02122
in-gurugram-122018-2,Coastal Wild Kingfish Tawa Steak,Mojigao Coastal (Sohna Road / Sector 49),"Spaze I-Tech Park, Sohna Rd, Gurugram, Haryana 122018",Gurugram,India,122018,Wild Seafood & Coastal,Pescetarian,High Protein (35g-44g),410,44,8,18,4,4,1,Wood-Pressed Virgin Coconut Oil,YES,YES,YES,NO,YES,Seed Oil Free; Gluten-Free; High Protein; High Fiber; Low Sugar; Millet / Whole Grain,Wild-caught coastal kingfish / surmai; freshly ground Malabar pepper; kokum extract; curry leaves; steamed French beans,44g Wild Marine Protein; Wood-Pressed Coconut Oil; Zero Seed Oils; Heart-Healthy Omega 3; 100% Gluten-Free,₹309,4.8,282,"Fresh caught kingfish pan-seared gently in cold-pressed virgin coconut oil with digestive kokum. Zero batter, zero trans-fats.",28.47277,77.0146
in-gurugram-122018-3,Jowar Bhakri with Sprouted Matki Usal,Swaad Organic (Sohna Road / Sector 49),"Spaze I-Tech Park, Sohna Rd, Gurugram, Haryana 122018",Gurugram,India,122018,Ancient Millets & Ayurvedic Staples,100% Plant-Based / Vegan,Balanced Clean Protein (20g-34g),320,21,42,6,10,32,5,Pure A2 Desi Cow Ghee,YES,YES,NO,YES,YES,Seed Oil Free; Gluten-Free; High Protein; High Fiber; Low Sugar; Millet / Whole Grain,100% Hand-pressed jowar (sorghum) flour; sprouted dew beans (matki); fresh ginger & garlic; tempered mustard seeds; green chili,21g Plant Protein; Pure A2 Ghee; Zero Seed Oils; 10g Millet Fiber; 100% Gluten-Free,₹209,4.7,126,"Ancient grain sorghum roti hand-patted and puffed on cast-iron tawa, served with enzymatic sprouted dew bean curry. 100% gluten-free.",28.46105,77.01858
in-gurugram-122018-4,Steamed Ragi Mudde with Huruli (Horsegram) Saaru,Karnataka Millets (Sohna Road / Sector 49),"Spaze I-Tech Park, Sohna Rd, Gurugram, Haryana 122018",Gurugram,India,122018,Ancient Millets & Ayurvedic Staples,100% Plant-Based / Vegan,Balanced Clean Protein (20g-34g),290,23,38,4,12,26,5,Pure A2 Desi Cow Ghee,YES,YES,NO,YES,YES,Seed Oil Free; Gluten-Free; High Protein; High Fiber; Low Sugar; Millet / Whole Grain,Finger millet (ragi) whole grain flour; horsegram (kulthi) slow broth; crushed peppercorns; fresh coriander roots; curry leaf tadka,23g High-Protein Broth; Pure A2 Cow Ghee; Zero Seed Oils; 12g High Fiber; 100% Gluten-Free,₹210,4.8,308,Legendary Ayurvedic endurance staple. Steamed mineral-rich ragi ball paired with high-protein horsegram broth. Zero seed oils.,28.44738,77.03537
in-gurugram-122018-5,High-Protein Sattu & Roasted Jeera Buttermilk Bowl,Bihar Sattu & Grain (Sohna Road / Sector 49),"Spaze I-Tech Park, Sohna Rd, Gurugram, Haryana 122018",Gurugram,India,122018,Pulse & Sprouted Legumes,Vegetarian (Dairy / Pure Ghee),Balanced Clean Protein (20g-34g),270,24,30,5,9,21,4,Cold-Pressed Kachi Ghani Mustard Oil,YES,YES,NO,NO,NO,Seed Oil Free; Gluten-Free; High Protein; High Fiber; Low Sugar; Millet / Whole Grain,Toasted Bengal gram (sattu) flour; churned A2 cow milk chaas; finely chopped shallots & green chilies; kala namak; roasted cumin,24g Clean Pulse Protein; Probiotic Chaas; Zero Seed Oils; 9g Prebiotic Fiber; 100% Gluten-Free,₹370,4.8,333,Cooling powerhouse protein meal with roasted chana flour suspended in churned dahi. Extremely low glycemic index and 100% gluten-free.,28.46475,77.01409
in-noida-201301-1,Desi Clay Oven Chicken Tikka (Zero Batter),Fabcafe (Sector 18),"Wave Silver Tower, Sector 18, Noida, Uttar Pradesh 201301",Noida,India,201301,Clay Oven & Fire Grills,High-Protein Omnivore / Paleo,Super-High Protein (45g+),380,46,12,12,4,8,1,Pure A2 Desi Cow Ghee,YES,YES,YES,YES,NO,Seed Oil Free; Gluten-Free; High Protein; High Fiber; Low Sugar; Millet / Whole Grain,Pasture-raised chicken breast; hung cow milk dahi; Kashmiri degi mirch; roasted ajwain; kassori methi; fresh lemon,46g Clean Protein; Zero Seed Oils; Clay Oven Roasting; Zero Added Sugar; 100% Gluten-Free,₹252,4.8,163,"Boneless chicken breast steeped in hung curd, ginger-garlic, and cold-ground spices. Roasted in traditional clay tandoor without maida or food colors.",28.52883,77.3907
in-noida-201301-2,Organic Palak Paneer & Foxtail Millet Khichdi,EatFit Organic (Sector 18),"Wave Silver Tower, Sector 18, Noida, Uttar Pradesh 201301",Noida,India,201301,Ancient Millets & Ayurvedic Staples,Vegetarian (Dairy / Pure Ghee),Balanced Clean Protein (20g-34g),390,26,36,14,9,27,4,Pure A2 Desi Cow Ghee,YES,YES,NO,YES,NO,Seed Oil Free; Gluten-Free; High Protein; High Fiber; Low Sugar; Millet / Whole Grain,Sprouted foxtail millet; pure cow milk paneer cubes; slow-simmered spinach purée; roasted jeera; pink Himalayan salt,26g Dairy & Millet Protein; Pure A2 Cow Ghee; Zero Seed Oils; 9g Dietary Fiber; 100% Gluten-Free,₹281,4.9,98,"Prebiotic superfood bowl cooked with mineral-dense foxtail millets and iron-rich baby spinach. Zero refined oils, naturally gluten-free.",28.52262,77.38795
in-noida-201301-3,High-Protein Sprouted Moong & Kala Chana Chaat,Healthy Bites (Sector 18),"Wave Silver Tower, Sector 18, Noida, Uttar Pradesh 201301",Noida,India,201301,Pulse & Sprouted Legumes,100% Plant-Based / Vegan,Balanced Clean Protein (20g-34g),260,22,32,4,11,21,4,Cold-Pressed Kachi Ghani Mustard Oil,YES,YES,NO,NO,YES,Seed Oil Free; Gluten-Free; High Protein; High Fiber; Low Sugar; Millet / Whole Grain,Sprouted whole green moong; boiled black chana; diced cucumber & tomatoes; pomegranate arils; fresh lime juice; rock salt,22g Clean Pulse Protein; Raw / Cold-Pressed Mustard Oil; Zero Seed Oils; 11g High Fiber; 100% Gluten-Free,₹255,4.9,283,Bioavailable sprouted pulse chaat tossed raw with digestive roasted cumin and cold-pressed Kachi Ghani oil. Zero cooking loss of vitamins.,28.53505,77.39115
in-noida-201301-4,Artisanal Cow Milk Paneer Tikka Salad,Greenr Cafe (Sector 18),"Wave Silver Tower, Sector 18, Noida, Uttar Pradesh 201301",Noida,India,201301,Salad & Raw Greens,Vegetarian (Dairy / Pure Ghee),Balanced Clean Protein (20g-34g),340,28,16,16,6,10,2,Pure A2 Desi Cow Ghee,YES,YES,YES,YES,NO,Seed Oil Free; Gluten-Free; High Protein; High Fiber; Low Sugar; Millet / Whole Grain,Organic grass-fed cow paneer; charred bell peppers & onions; massaged baby greens; mint-coriander emulsion; roasted flaxseed,28g High-Quality Protein; Pure A2 Desi Cow Ghee; Zero Seed Oils; 6g Dietary Fiber; 100% Gluten-Free,₹316,4.7,281,"Freshly coagulated cow milk paneer lightly blistered in clay tandoor. Low carb, high calcium, zero wheat additives.",28.54567,77.38717
in-noida-201301-5,Coastal Wild Kingfish Tawa Steak,Mojigao Coastal (Sector 18),"Wave Silver Tower, Sector 18, Noida, Uttar Pradesh 201301",Noida,India,201301,Wild Seafood & Coastal,Pescetarian,High Protein (35g-44g),410,44,8,18,4,4,1,Wood-Pressed Virgin Coconut Oil,YES,YES,YES,NO,YES,Seed Oil Free; Gluten-Free; High Protein; High Fiber; Low Sugar; Millet / Whole Grain,Wild-caught coastal kingfish / surmai; freshly ground Malabar pepper; kokum extract; curry leaves; steamed French beans,44g Wild Marine Protein; Wood-Pressed Coconut Oil; Zero Seed Oils; Heart-Healthy Omega 3; 100% Gluten-Free,₹218,4.9,256,"Fresh caught kingfish pan-seared gently in cold-pressed virgin coconut oil with digestive kokum. Zero batter, zero trans-fats.",28.54856,77.39347
in-noida-201304-1,Artisanal Cow Milk Paneer Tikka Salad,Greenr Cafe (Sector 104 / Expressway),"Hajipur Market, Sector 104, Noida, Uttar Pradesh 201304",Noida,India,201304,Salad & Raw Greens,Vegetarian (Dairy / Pure Ghee),Balanced Clean Protein (20g-34g),340,28,16,16,6,10,2,Pure A2 Desi Cow Ghee,YES,YES,YES,YES,NO,Seed Oil Free; Gluten-Free; High Protein; High Fiber; Low Sugar; Millet / Whole Grain,Organic grass-fed cow paneer; charred bell peppers & onions; massaged baby greens; mint-coriander emulsion; roasted flaxseed,28g High-Quality Protein; Pure A2 Desi Cow Ghee; Zero Seed Oils; 6g Dietary Fiber; 100% Gluten-Free,₹221,4.8,395,"Freshly coagulated cow milk paneer lightly blistered in clay tandoor. Low carb, high calcium, zero wheat additives.",28.55016,77.40571
in-noida-201304-2,Coastal Wild Kingfish Tawa Steak,Mojigao Coastal (Sector 104 / Expressway),"Hajipur Market, Sector 104, Noida, Uttar Pradesh 201304",Noida,India,201304,Wild Seafood & Coastal,Pescetarian,High Protein (35g-44g),410,44,8,18,4,4,1,Wood-Pressed Virgin Coconut Oil,YES,YES,YES,NO,YES,Seed Oil Free; Gluten-Free; High Protein; High Fiber; Low Sugar; Millet / Whole Grain,Wild-caught coastal kingfish / surmai; freshly ground Malabar pepper; kokum extract; curry leaves; steamed French beans,44g Wild Marine Protein; Wood-Pressed Coconut Oil; Zero Seed Oils; Heart-Healthy Omega 3; 100% Gluten-Free,₹358,4.8,136,"Fresh caught kingfish pan-seared gently in cold-pressed virgin coconut oil with digestive kokum. Zero batter, zero trans-fats.",28.54773,77.4004
in-noida-201304-3,Jowar Bhakri with Sprouted Matki Usal,Swaad Organic (Sector 104 / Expressway),"Hajipur Market, Sector 104, Noida, Uttar Pradesh 201304",Noida,India,201304,Ancient Millets & Ayurvedic Staples,100% Plant-Based / Vegan,Balanced Clean Protein (20g-34g),320,21,42,6,10,32,5,Pure A2 Desi Cow Ghee,YES,YES,NO,YES,YES,Seed Oil Free; Gluten-Free; High Protein; High Fiber; Low Sugar; Millet / Whole Grain,100% Hand-pressed jowar (sorghum) flour; sprouted dew beans (matki); fresh ginger & garlic; tempered mustard seeds; green chili,21g Plant Protein; Pure A2 Ghee; Zero Seed Oils; 10g Millet Fiber; 100% Gluten-Free,₹187,4.8,241,"Ancient grain sorghum roti hand-patted and puffed on cast-iron tawa, served with enzymatic sprouted dew bean curry. 100% gluten-free.",28.5243,77.38794
in-noida-201304-4,Steamed Ragi Mudde with Huruli (Horsegram) Saaru,Karnataka Millets (Sector 104 / Expressway),"Hajipur Market, Sector 104, Noida, Uttar Pradesh 201304",Noida,India,201304,Ancient Millets & Ayurvedic Staples,100% Plant-Based / Vegan,Balanced Clean Protein (20g-34g),290,23,38,4,12,26,5,Pure A2 Desi Cow Ghee,YES,YES,NO,YES,YES,Seed Oil Free; Gluten-Free; High Protein; High Fiber; Low Sugar; Millet / Whole Grain,Finger millet (ragi) whole grain flour; horsegram (kulthi) slow broth; crushed peppercorns; fresh coriander roots; curry leaf tadka,23g High-Protein Broth; Pure A2 Cow Ghee; Zero Seed Oils; 12g High Fiber; 100% Gluten-Free,₹363,4.9,235,Legendary Ayurvedic endurance staple. Steamed mineral-rich ragi ball paired with high-protein horsegram broth. Zero seed oils.,28.53438,77.39433
in-noida-201304-5,High-Protein Sattu & Roasted Jeera Buttermilk Bowl,Bihar Sattu & Grain (Sector 104 / Expressway),"Hajipur Market, Sector 104, Noida, Uttar Pradesh 201304",Noida,India,201304,Pulse & Sprouted Legumes,Vegetarian (Dairy / Pure Ghee),Balanced Clean Protein (20g-34g),270,24,30,5,9,21,4,Cold-Pressed Kachi Ghani Mustard Oil,YES,YES,NO,NO,NO,Seed Oil Free; Gluten-Free; High Protein; High Fiber; Low Sugar; Millet / Whole Grain,Toasted Bengal gram (sattu) flour; churned A2 cow milk chaas; finely chopped shallots & green chilies; kala namak; roasted cumin,24g Clean Pulse Protein; Probiotic Chaas; Zero Seed Oils; 9g Prebiotic Fiber; 100% Gluten-Free,₹216,4.8,91,Cooling powerhouse protein meal with roasted chana flour suspended in churned dahi. Extremely low glycemic index and 100% gluten-free.,28.52453,77.40538
in-ghaziabad-201001-1,Desi Clay Oven Chicken Tikka (Zero Batter),Fabcafe (Ghantaghar / Central),"Ghantaghar Market, Ghaziabad, Uttar Pradesh 201001",Ghaziabad,India,201001,Clay Oven & Fire Grills,High-Protein Omnivore / Paleo,Super-High Protein (45g+),380,46,12,12,4,8,1,Pure A2 Desi Cow Ghee,YES,YES,YES,YES,NO,Seed Oil Free; Gluten-Free; High Protein; High Fiber; Low Sugar; Millet / Whole Grain,Pasture-raised chicken breast; hung cow milk dahi; Kashmiri degi mirch; roasted ajwain; kassori methi; fresh lemon,46g Clean Protein; Zero Seed Oils; Clay Oven Roasting; Zero Added Sugar; 100% Gluten-Free,₹254,4.7,362,"Boneless chicken breast steeped in hung curd, ginger-garlic, and cold-ground spices. Roasted in traditional clay tandoor without maida or food colors.",28.67516,77.4609
in-ghaziabad-201001-2,Organic Palak Paneer & Foxtail Millet Khichdi,EatFit Organic (Ghantaghar / Central),"Ghantaghar Market, Ghaziabad, Uttar Pradesh 201001",Ghaziabad,India,201001,Ancient Millets & Ayurvedic Staples,Vegetarian (Dairy / Pure Ghee),Balanced Clean Protein (20g-34g),390,26,36,14,9,27,4,Pure A2 Desi Cow Ghee,YES,YES,NO,YES,NO,Seed Oil Free; Gluten-Free; High Protein; High Fiber; Low Sugar; Millet / Whole Grain,Sprouted foxtail millet; pure cow milk paneer cubes; slow-simmered spinach purée; roasted jeera; pink Himalayan salt,26g Dairy & Millet Protein; Pure A2 Cow Ghee; Zero Seed Oils; 9g Dietary Fiber; 100% Gluten-Free,₹224,4.8,94,"Prebiotic superfood bowl cooked with mineral-dense foxtail millets and iron-rich baby spinach. Zero refined oils, naturally gluten-free.",28.67805,77.46596
in-ghaziabad-201001-3,High-Protein Sprouted Moong & Kala Chana Chaat,Healthy Bites (Ghantaghar / Central),"Ghantaghar Market, Ghaziabad, Uttar Pradesh 201001",Ghaziabad,India,201001,Pulse & Sprouted Legumes,100% Plant-Based / Vegan,Balanced Clean Protein (20g-34g),260,22,32,4,11,21,4,Cold-Pressed Kachi Ghani Mustard Oil,YES,YES,NO,NO,YES,Seed Oil Free; Gluten-Free; High Protein; High Fiber; Low Sugar; Millet / Whole Grain,Sprouted whole green moong; boiled black chana; diced cucumber & tomatoes; pomegranate arils; fresh lime juice; rock salt,22g Clean Pulse Protein; Raw / Cold-Pressed Mustard Oil; Zero Seed Oils; 11g High Fiber; 100% Gluten-Free,₹340,4.8,171,Bioavailable sprouted pulse chaat tossed raw with digestive roasted cumin and cold-pressed Kachi Ghani oil. Zero cooking loss of vitamins.,28.66019,77.46175
in-ghaziabad-201001-4,Artisanal Cow Milk Paneer Tikka Salad,Greenr Cafe (Ghantaghar / Central),"Ghantaghar Market, Ghaziabad, Uttar Pradesh 201001",Ghaziabad,India,201001,Salad & Raw Greens,Vegetarian (Dairy / Pure Ghee),Balanced Clean Protein (20g-34g),340,28,16,16,6,10,2,Pure A2 Desi Cow Ghee,YES,YES,YES,YES,NO,Seed Oil Free; Gluten-Free; High Protein; High Fiber; Low Sugar; Millet / Whole Grain,Organic grass-fed cow paneer; charred bell peppers & onions; massaged baby greens; mint-coriander emulsion; roasted flaxseed,28g High-Quality Protein; Pure A2 Desi Cow Ghee; Zero Seed Oils; 6g Dietary Fiber; 100% Gluten-Free,₹324,4.9,252,"Freshly coagulated cow milk paneer lightly blistered in clay tandoor. Low carb, high calcium, zero wheat additives.",28.66562,77.44784
in-ghaziabad-201001-5,Coastal Wild Kingfish Tawa Steak,Mojigao Coastal (Ghantaghar / Central),"Ghantaghar Market, Ghaziabad, Uttar Pradesh 201001",Ghaziabad,India,201001,Wild Seafood & Coastal,Pescetarian,High Protein (35g-44g),410,44,8,18,4,4,1,Wood-Pressed Virgin Coconut Oil,YES,YES,YES,NO,YES,Seed Oil Free; Gluten-Free; High Protein; High Fiber; Low Sugar; Millet / Whole Grain,Wild-caught coastal kingfish / surmai; freshly ground Malabar pepper; kokum extract; curry leaves; steamed French beans,44g Wild Marine Protein; Wood-Pressed Coconut Oil; Zero Seed Oils; Heart-Healthy Omega 3; 100% Gluten-Free,₹323,4.7,154,"Fresh caught kingfish pan-seared gently in cold-pressed virgin coconut oil with digestive kokum. Zero batter, zero trans-fats.",28.67704,77.45191
in-ghaziabad-201014-1,Artisanal Cow Milk Paneer Tikka Salad,Greenr Cafe (Kaushambi / Indirapuram),"Aditya City Centre, Indirapuram, Ghaziabad, Uttar Pradesh 201014",Ghaziabad,India,201014,Salad & Raw Greens,Vegetarian (Dairy / Pure Ghee),Balanced Clean Protein (20g-34g),340,28,16,16,6,10,2,Pure A2 Desi Cow Ghee,YES,YES,YES,YES,NO,Seed Oil Free; Gluten-Free; High Protein; High Fiber; Low Sugar; Millet / Whole Grain,Organic grass-fed cow paneer; charred bell peppers & onions; massaged baby greens; mint-coriander emulsion; roasted flaxseed,28g High-Quality Protein; Pure A2 Desi Cow Ghee; Zero Seed Oils; 6g Dietary Fiber; 100% Gluten-Free,₹377,4.8,145,"Freshly coagulated cow milk paneer lightly blistered in clay tandoor. Low carb, high calcium, zero wheat additives.",28.6815,77.44291
in-ghaziabad-201014-2,Coastal Wild Kingfish Tawa Steak,Mojigao Coastal (Kaushambi / Indirapuram),"Aditya City Centre, Indirapuram, Ghaziabad, Uttar Pradesh 201014",Ghaziabad,India,201014,Wild Seafood & Coastal,Pescetarian,High Protein (35g-44g),410,44,8,18,4,4,1,Wood-Pressed Virgin Coconut Oil,YES,YES,YES,NO,YES,Seed Oil Free; Gluten-Free; High Protein; High Fiber; Low Sugar; Millet / Whole Grain,Wild-caught coastal kingfish / surmai; freshly ground Malabar pepper; kokum extract; curry leaves; steamed French beans,44g Wild Marine Protein; Wood-Pressed Coconut Oil; Zero Seed Oils; Heart-Healthy Omega 3; 100% Gluten-Free,₹399,4.7,347,"Fresh caught kingfish pan-seared gently in cold-pressed virgin coconut oil with digestive kokum. Zero batter, zero trans-fats.",28.66818,77.45859
in-ghaziabad-201014-3,Jowar Bhakri with Sprouted Matki Usal,Swaad Organic (Kaushambi / Indirapuram),"Aditya City Centre, Indirapuram, Ghaziabad, Uttar Pradesh 201014",Ghaziabad,India,201014,Ancient Millets & Ayurvedic Staples,100% Plant-Based / Vegan,Balanced Clean Protein (20g-34g),320,21,42,6,10,32,5,Pure A2 Desi Cow Ghee,YES,YES,NO,YES,YES,Seed Oil Free; Gluten-Free; High Protein; High Fiber; Low Sugar; Millet / Whole Grain,100% Hand-pressed jowar (sorghum) flour; sprouted dew beans (matki); fresh ginger & garlic; tempered mustard seeds; green chili,21g Plant Protein; Pure A2 Ghee; Zero Seed Oils; 10g Millet Fiber; 100% Gluten-Free,₹320,4.7,155,"Ancient grain sorghum roti hand-patted and puffed on cast-iron tawa, served with enzymatic sprouted dew bean curry. 100% gluten-free.",28.65904,77.44239
in-ghaziabad-201014-4,Steamed Ragi Mudde with Huruli (Horsegram) Saaru,Karnataka Millets (Kaushambi / Indirapuram),"Aditya City Centre, Indirapuram, Ghaziabad, Uttar Pradesh 201014",Ghaziabad,India,201014,Ancient Millets & Ayurvedic Staples,100% Plant-Based / Vegan,Balanced Clean Protein (20g-34g),290,23,38,4,12,26,5,Pure A2 Desi Cow Ghee,YES,YES,NO,YES,YES,Seed Oil Free; Gluten-Free; High Protein; High Fiber; Low Sugar; Millet / Whole Grain,Finger millet (ragi) whole grain flour; horsegram (kulthi) slow broth; crushed peppercorns; fresh coriander roots; curry leaf tadka,23g High-Protein Broth; Pure A2 Cow Ghee; Zero Seed Oils; 12g High Fiber; 100% Gluten-Free,₹223,4.9,274,Legendary Ayurvedic endurance staple. Steamed mineral-rich ragi ball paired with high-protein horsegram broth. Zero seed oils.,28.6574,77.45265
in-ghaziabad-201014-5,High-Protein Sattu & Roasted Jeera Buttermilk Bowl,Bihar Sattu & Grain (Kaushambi / Indirapuram),"Aditya City Centre, Indirapuram, Ghaziabad, Uttar Pradesh 201014",Ghaziabad,India,201014,Pulse & Sprouted Legumes,Vegetarian (Dairy / Pure Ghee),Balanced Clean Protein (20g-34g),270,24,30,5,9,21,4,Cold-Pressed Kachi Ghani Mustard Oil,YES,YES,NO,NO,NO,Seed Oil Free; Gluten-Free; High Protein; High Fiber; Low Sugar; Millet / Whole Grain,Toasted Bengal gram (sattu) flour; churned A2 cow milk chaas; finely chopped shallots & green chilies; kala namak; roasted cumin,24g Clean Pulse Protein; Probiotic Chaas; Zero Seed Oils; 9g Prebiotic Fiber; 100% Gluten-Free,₹228,4.7,397,Cooling powerhouse protein meal with roasted chana flour suspended in churned dahi. Extremely low glycemic index and 100% gluten-free.,28.67457,77.45758
in-bengaluru-560004-1,Desi Clay Oven Chicken Tikka (Zero Batter),Fabcafe (Basavanagudi),"Gandhi Bazaar Main Rd, Bengaluru, Karnataka 560004",Bengaluru,India,560004,Clay Oven & Fire Grills,High-Protein Omnivore / Paleo,Super-High Protein (45g+),380,46,12,12,4,8,1,Pure A2 Desi Cow Ghee,YES,YES,YES,YES,NO,Seed Oil Free; Gluten-Free; High Protein; High Fiber; Low Sugar; Millet / Whole Grain,Pasture-raised chicken breast; hung cow milk dahi; Kashmiri degi mirch; roasted ajwain; kassori methi; fresh lemon,46g Clean Protein; Zero Seed Oils; Clay Oven Roasting; Zero Added Sugar; 100% Gluten-Free,₹400,4.9,82,"Boneless chicken breast steeped in hung curd, ginger-garlic, and cold-ground spices. Roasted in traditional clay tandoor without maida or food colors.",12.96826,77.58744
in-bengaluru-560004-2,Organic Palak Paneer & Foxtail Millet Khichdi,EatFit Organic (Basavanagudi),"Gandhi Bazaar Main Rd, Bengaluru, Karnataka 560004",Bengaluru,India,560004,Ancient Millets & Ayurvedic Staples,Vegetarian (Dairy / Pure Ghee),Balanced Clean Protein (20g-34g),390,26,36,14,9,27,4,Pure A2 Desi Cow Ghee,YES,YES,NO,YES,NO,Seed Oil Free; Gluten-Free; High Protein; High Fiber; Low Sugar; Millet / Whole Grain,Sprouted foxtail millet; pure cow milk paneer cubes; slow-simmered spinach purée; roasted jeera; pink Himalayan salt,26g Dairy & Millet Protein; Pure A2 Cow Ghee; Zero Seed Oils; 9g Dietary Fiber; 100% Gluten-Free,₹334,4.8,251,"Prebiotic superfood bowl cooked with mineral-dense foxtail millets and iron-rich baby spinach. Zero refined oils, naturally gluten-free.",12.96845,77.6026
in-bengaluru-560004-3,High-Protein Sprouted Moong & Kala Chana Chaat,Healthy Bites (Basavanagudi),"Gandhi Bazaar Main Rd, Bengaluru, Karnataka 560004",Bengaluru,India,560004,Pulse & Sprouted Legumes,100% Plant-Based / Vegan,Balanced Clean Protein (20g-34g),260,22,32,4,11,21,4,Cold-Pressed Kachi Ghani Mustard Oil,YES,YES,NO,NO,YES,Seed Oil Free; Gluten-Free; High Protein; High Fiber; Low Sugar; Millet / Whole Grain,Sprouted whole green moong; boiled black chana; diced cucumber & tomatoes; pomegranate arils; fresh lime juice; rock salt,22g Clean Pulse Protein; Raw / Cold-Pressed Mustard Oil; Zero Seed Oils; 11g High Fiber; 100% Gluten-Free,₹367,4.7,399,Bioavailable sprouted pulse chaat tossed raw with digestive roasted cumin and cold-pressed Kachi Ghani oil. Zero cooking loss of vitamins.,12.97346,77.58065
in-bengaluru-560004-4,Artisanal Cow Milk Paneer Tikka Salad,Greenr Cafe (Basavanagudi),"Gandhi Bazaar Main Rd, Bengaluru, Karnataka 560004",Bengaluru,India,560004,Salad & Raw Greens,Vegetarian (Dairy / Pure Ghee),Balanced Clean Protein (20g-34g),340,28,16,16,6,10,2,Pure A2 Desi Cow Ghee,YES,YES,YES,YES,NO,Seed Oil Free; Gluten-Free; High Protein; High Fiber; Low Sugar; Millet / Whole Grain,Organic grass-fed cow paneer; charred bell peppers & onions; massaged baby greens; mint-coriander emulsion; roasted flaxseed,28g High-Quality Protein; Pure A2 Desi Cow Ghee; Zero Seed Oils; 6g Dietary Fiber; 100% Gluten-Free,₹235,4.8,350,"Freshly coagulated cow milk paneer lightly blistered in clay tandoor. Low carb, high calcium, zero wheat additives.",12.98215,77.58899
in-bengaluru-560004-5,Coastal Wild Kingfish Tawa Steak,Mojigao Coastal (Basavanagudi),"Gandhi Bazaar Main Rd, Bengaluru, Karnataka 560004",Bengaluru,India,560004,Wild Seafood & Coastal,Pescetarian,High Protein (35g-44g),410,44,8,18,4,4,1,Wood-Pressed Virgin Coconut Oil,YES,YES,YES,NO,YES,Seed Oil Free; Gluten-Free; High Protein; High Fiber; Low Sugar; Millet / Whole Grain,Wild-caught coastal kingfish / surmai; freshly ground Malabar pepper; kokum extract; curry leaves; steamed French beans,44g Wild Marine Protein; Wood-Pressed Coconut Oil; Zero Seed Oils; Heart-Healthy Omega 3; 100% Gluten-Free,₹264,4.7,120,"Fresh caught kingfish pan-seared gently in cold-pressed virgin coconut oil with digestive kokum. Zero batter, zero trans-fats.",12.97414,77.60715
in-bengaluru-560038-1,Artisanal Cow Milk Paneer Tikka Salad,Greenr Cafe (Indiranagar),"100ft Road, Indiranagar, Bengaluru, Karnataka 560038",Bengaluru,India,560038,Salad & Raw Greens,Vegetarian (Dairy / Pure Ghee),Balanced Clean Protein (20g-34g),340,28,16,16,6,10,2,Pure A2 Desi Cow Ghee,YES,YES,YES,YES,NO,Seed Oil Free; Gluten-Free; High Protein; High Fiber; Low Sugar; Millet / Whole Grain,Organic grass-fed cow paneer; charred bell peppers & onions; massaged baby greens; mint-coriander emulsion; roasted flaxseed,28g High-Quality Protein; Pure A2 Desi Cow Ghee; Zero Seed Oils; 6g Dietary Fiber; 100% Gluten-Free,₹196,4.8,353,"Freshly coagulated cow milk paneer lightly blistered in clay tandoor. Low carb, high calcium, zero wheat additives.",12.9635,77.59977
in-bengaluru-560038-2,Coastal Wild Kingfish Tawa Steak,Mojigao Coastal (Indiranagar),"100ft Road, Indiranagar, Bengaluru, Karnataka 560038",Bengaluru,India,560038,Wild Seafood & Coastal,Pescetarian,High Protein (35g-44g),410,44,8,18,4,4,1,Wood-Pressed Virgin Coconut Oil,YES,YES,YES,NO,YES,Seed Oil Free; Gluten-Free; High Protein; High Fiber; Low Sugar; Millet / Whole Grain,Wild-caught coastal kingfish / surmai; freshly ground Malabar pepper; kokum extract; curry leaves; steamed French beans,44g Wild Marine Protein; Wood-Pressed Coconut Oil; Zero Seed Oils; Heart-Healthy Omega 3; 100% Gluten-Free,₹394,4.8,237,"Fresh caught kingfish pan-seared gently in cold-pressed virgin coconut oil with digestive kokum. Zero batter, zero trans-fats.",12.97,77.59705
in-bengaluru-560038-3,Jowar Bhakri with Sprouted Matki Usal,Swaad Organic (Indiranagar),"100ft Road, Indiranagar, Bengaluru, Karnataka 560038",Bengaluru,India,560038,Ancient Millets & Ayurvedic Staples,100% Plant-Based / Vegan,Balanced Clean Protein (20g-34g),320,21,42,6,10,32,5,Pure A2 Desi Cow Ghee,YES,YES,NO,YES,YES,Seed Oil Free; Gluten-Free; High Protein; High Fiber; Low Sugar; Millet / Whole Grain,100% Hand-pressed jowar (sorghum) flour; sprouted dew beans (matki); fresh ginger & garlic; tempered mustard seeds; green chili,21g Plant Protein; Pure A2 Ghee; Zero Seed Oils; 10g Millet Fiber; 100% Gluten-Free,₹397,4.9,363,"Ancient grain sorghum roti hand-patted and puffed on cast-iron tawa, served with enzymatic sprouted dew bean curry. 100% gluten-free.",12.98008,77.58923
in-bengaluru-560038-4,Steamed Ragi Mudde with Huruli (Horsegram) Saaru,Karnataka Millets (Indiranagar),"100ft Road, Indiranagar, Bengaluru, Karnataka 560038",Bengaluru,India,560038,Ancient Millets & Ayurvedic Staples,100% Plant-Based / Vegan,Balanced Clean Protein (20g-34g),290,23,38,4,12,26,5,Pure A2 Desi Cow Ghee,YES,YES,NO,YES,YES,Seed Oil Free; Gluten-Free; High Protein; High Fiber; Low Sugar; Millet / Whole Grain,Finger millet (ragi) whole grain flour; horsegram (kulthi) slow broth; crushed peppercorns; fresh coriander roots; curry leaf tadka,23g High-Protein Broth; Pure A2 Cow Ghee; Zero Seed Oils; 12g High Fiber; 100% Gluten-Free,₹247,4.7,210,Legendary Ayurvedic endurance staple. Steamed mineral-rich ragi ball paired with high-protein horsegram broth. Zero seed oils.,12.96335,77.59986
in-bengaluru-560038-5,High-Protein Sattu & Roasted Jeera Buttermilk Bowl,Bihar Sattu & Grain (Indiranagar),"100ft Road, Indiranagar, Bengaluru, Karnataka 560038",Bengaluru,India,560038,Pulse & Sprouted Legumes,Vegetarian (Dairy / Pure Ghee),Balanced Clean Protein (20g-34g),270,24,30,5,9,21,4,Cold-Pressed Kachi Ghani Mustard Oil,YES,YES,NO,NO,NO,Seed Oil Free; Gluten-Free; High Protein; High Fiber; Low Sugar; Millet / Whole Grain,Toasted Bengal gram (sattu) flour; churned A2 cow milk chaas; finely chopped shallots & green chilies; kala namak; roasted cumin,24g Clean Pulse Protein; Probiotic Chaas; Zero Seed Oils; 9g Prebiotic Fiber; 100% Gluten-Free,₹393,4.9,333,Cooling powerhouse protein meal with roasted chana flour suspended in churned dahi. Extremely low glycemic index and 100% gluten-free.,12.97913,77.59985
in-bengaluru-560034-1,Steamed Ragi Mudde with Huruli (Horsegram) Saaru,Karnataka Millets (Koramangala),"5th Block, Koramangala, Bengaluru, Karnataka 560034",Bengaluru,India,560034,Ancient Millets & Ayurvedic Staples,100% Plant-Based / Vegan,Balanced Clean Protein (20g-34g),290,23,38,4,12,26,5,Pure A2 Desi Cow Ghee,YES,YES,NO,YES,YES,Seed Oil Free; Gluten-Free; High Protein; High Fiber; Low Sugar; Millet / Whole Grain,Finger millet (ragi) whole grain flour; horsegram (kulthi) slow broth; crushed peppercorns; fresh coriander roots; curry leaf tadka,23g High-Protein Broth; Pure A2 Cow Ghee; Zero Seed Oils; 12g High Fiber; 100% Gluten-Free,₹205,4.9,126,Legendary Ayurvedic endurance staple. Steamed mineral-rich ragi ball paired with high-protein horsegram broth. Zero seed oils.,12.97706,77.60746
in-bengaluru-560034-2,High-Protein Sattu & Roasted Jeera Buttermilk Bowl,Bihar Sattu & Grain (Koramangala),"5th Block, Koramangala, Bengaluru, Karnataka 560034",Bengaluru,India,560034,Pulse & Sprouted Legumes,Vegetarian (Dairy / Pure Ghee),Balanced Clean Protein (20g-34g),270,24,30,5,9,21,4,Cold-Pressed Kachi Ghani Mustard Oil,YES,YES,NO,NO,NO,Seed Oil Free; Gluten-Free; High Protein; High Fiber; Low Sugar; Millet / Whole Grain,Toasted Bengal gram (sattu) flour; churned A2 cow milk chaas; finely chopped shallots & green chilies; kala namak; roasted cumin,24g Clean Pulse Protein; Probiotic Chaas; Zero Seed Oils; 9g Prebiotic Fiber; 100% Gluten-Free,₹385,4.8,176,Cooling powerhouse protein meal with roasted chana flour suspended in churned dahi. Extremely low glycemic index and 100% gluten-free.,12.96265,77.59521
in-bengaluru-560034-3,Desi Clay Oven Chicken Tikka (Zero Batter),Fabcafe (Koramangala),"5th Block, Koramangala, Bengaluru, Karnataka 560034",Bengaluru,India,560034,Clay Oven & Fire Grills,High-Protein Omnivore / Paleo,Super-High Protein (45g+),380,46,12,12,4,8,1,Pure A2 Desi Cow Ghee,YES,YES,YES,YES,NO,Seed Oil Free; Gluten-Free; High Protein; High Fiber; Low Sugar; Millet / Whole Grain,Pasture-raised chicken breast; hung cow milk dahi; Kashmiri degi mirch; roasted ajwain; kassori methi; fresh lemon,46g Clean Protein; Zero Seed Oils; Clay Oven Roasting; Zero Added Sugar; 100% Gluten-Free,₹241,4.8,147,"Boneless chicken breast steeped in hung curd, ginger-garlic, and cold-ground spices. Roasted in traditional clay tandoor without maida or food colors.",12.95969,77.59143
in-bengaluru-560034-4,Organic Palak Paneer & Foxtail Millet Khichdi,EatFit Organic (Koramangala),"5th Block, Koramangala, Bengaluru, Karnataka 560034",Bengaluru,India,560034,Ancient Millets & Ayurvedic Staples,Vegetarian (Dairy / Pure Ghee),Balanced Clean Protein (20g-34g),390,26,36,14,9,27,4,Pure A2 Desi Cow Ghee,YES,YES,NO,YES,NO,Seed Oil Free; Gluten-Free; High Protein; High Fiber; Low Sugar; Millet / Whole Grain,Sprouted foxtail millet; pure cow milk paneer cubes; slow-simmered spinach purée; roasted jeera; pink Himalayan salt,26g Dairy & Millet Protein; Pure A2 Cow Ghee; Zero Seed Oils; 9g Dietary Fiber; 100% Gluten-Free,₹352,4.8,167,"Prebiotic superfood bowl cooked with mineral-dense foxtail millets and iron-rich baby spinach. Zero refined oils, naturally gluten-free.",12.9651,77.58903
in-bengaluru-560034-5,High-Protein Sprouted Moong & Kala Chana Chaat,Healthy Bites (Koramangala),"5th Block, Koramangala, Bengaluru, Karnataka 560034",Bengaluru,India,560034,Pulse & Sprouted Legumes,100% Plant-Based / Vegan,Balanced Clean Protein (20g-34g),260,22,32,4,11,21,4,Cold-Pressed Kachi Ghani Mustard Oil,YES,YES,NO,NO,YES,Seed Oil Free; Gluten-Free; High Protein; High Fiber; Low Sugar; Millet / Whole Grain,Sprouted whole green moong; boiled black chana; diced cucumber & tomatoes; pomegranate arils; fresh lime juice; rock salt,22g Clean Pulse Protein; Raw / Cold-Pressed Mustard Oil; Zero Seed Oils; 11g High Fiber; 100% Gluten-Free,₹264,4.8,159,Bioavailable sprouted pulse chaat tossed raw with digestive roasted cumin and cold-pressed Kachi Ghani oil. Zero cooking loss of vitamins.,12.96878,77.58347
in-bengaluru-560102-1,Organic Palak Paneer & Foxtail Millet Khichdi,EatFit Organic (HSR Layout),"27th Main Rd, Sector 1, Bengaluru, Karnataka 560102",Bengaluru,India,560102,Ancient Millets & Ayurvedic Staples,Vegetarian (Dairy / Pure Ghee),Balanced Clean Protein (20g-34g),390,26,36,14,9,27,4,Pure A2 Desi Cow Ghee,YES,YES,NO,YES,NO,Seed Oil Free; Gluten-Free; High Protein; High Fiber; Low Sugar; Millet / Whole Grain,Sprouted foxtail millet; pure cow milk paneer cubes; slow-simmered spinach purée; roasted jeera; pink Himalayan salt,26g Dairy & Millet Protein; Pure A2 Cow Ghee; Zero Seed Oils; 9g Dietary Fiber; 100% Gluten-Free,₹242,4.8,385,"Prebiotic superfood bowl cooked with mineral-dense foxtail millets and iron-rich baby spinach. Zero refined oils, naturally gluten-free.",12.96553,77.60481
in-bengaluru-560102-2,High-Protein Sprouted Moong & Kala Chana Chaat,Healthy Bites (HSR Layout),"27th Main Rd, Sector 1, Bengaluru, Karnataka 560102",Bengaluru,India,560102,Pulse & Sprouted Legumes,100% Plant-Based / Vegan,Balanced Clean Protein (20g-34g),260,22,32,4,11,21,4,Cold-Pressed Kachi Ghani Mustard Oil,YES,YES,NO,NO,YES,Seed Oil Free; Gluten-Free; High Protein; High Fiber; Low Sugar; Millet / Whole Grain,Sprouted whole green moong; boiled black chana; diced cucumber & tomatoes; pomegranate arils; fresh lime juice; rock salt,22g Clean Pulse Protein; Raw / Cold-Pressed Mustard Oil; Zero Seed Oils; 11g High Fiber; 100% Gluten-Free,₹359,4.8,108,Bioavailable sprouted pulse chaat tossed raw with digestive roasted cumin and cold-pressed Kachi Ghani oil. Zero cooking loss of vitamins.,12.9686,77.58341
in-bengaluru-560102-3,Artisanal Cow Milk Paneer Tikka Salad,Greenr Cafe (HSR Layout),"27th Main Rd, Sector 1, Bengaluru, Karnataka 560102",Bengaluru,India,560102,Salad & Raw Greens,Vegetarian (Dairy / Pure Ghee),Balanced Clean Protein (20g-34g),340,28,16,16,6,10,2,Pure A2 Desi Cow Ghee,YES,YES,YES,YES,NO,Seed Oil Free; Gluten-Free; High Protein; High Fiber; Low Sugar; Millet / Whole Grain,Organic grass-fed cow paneer; charred bell peppers & onions; massaged baby greens; mint-coriander emulsion; roasted flaxseed,28g High-Quality Protein; Pure A2 Desi Cow Ghee; Zero Seed Oils; 6g Dietary Fiber; 100% Gluten-Free,₹209,4.9,370,"Freshly coagulated cow milk paneer lightly blistered in clay tandoor. Low carb, high calcium, zero wheat additives.",12.95817,77.58849
in-bengaluru-560102-4,Coastal Wild Kingfish Tawa Steak,Mojigao Coastal (HSR Layout),"27th Main Rd, Sector 1, Bengaluru, Karnataka 560102",Bengaluru,India,560102,Wild Seafood & Coastal,Pescetarian,High Protein (35g-44g),410,44,8,18,4,4,1,Wood-Pressed Virgin Coconut Oil,YES,YES,YES,NO,YES,Seed Oil Free; Gluten-Free; High Protein; High Fiber; Low Sugar; Millet / Whole Grain,Wild-caught coastal kingfish / surmai; freshly ground Malabar pepper; kokum extract; curry leaves; steamed French beans,44g Wild Marine Protein; Wood-Pressed Coconut Oil; Zero Seed Oils; Heart-Healthy Omega 3; 100% Gluten-Free,₹224,4.9,268,"Fresh caught kingfish pan-seared gently in cold-pressed virgin coconut oil with digestive kokum. Zero batter, zero trans-fats.",12.98615,77.59078
in-bengaluru-560102-5,Jowar Bhakri with Sprouted Matki Usal,Swaad Organic (HSR Layout),"27th Main Rd, Sector 1, Bengaluru, Karnataka 560102",Bengaluru,India,560102,Ancient Millets & Ayurvedic Staples,100% Plant-Based / Vegan,Balanced Clean Protein (20g-34g),320,21,42,6,10,32,5,Pure A2 Desi Cow Ghee,YES,YES,NO,YES,YES,Seed Oil Free; Gluten-Free; High Protein; High Fiber; Low Sugar; Millet / Whole Grain,100% Hand-pressed jowar (sorghum) flour; sprouted dew beans (matki); fresh ginger & garlic; tempered mustard seeds; green chili,21g Plant Protein; Pure A2 Ghee; Zero Seed Oils; 10g Millet Fiber; 100% Gluten-Free,₹363,4.7,86,"Ancient grain sorghum roti hand-patted and puffed on cast-iron tawa, served with enzymatic sprouted dew bean curry. 100% gluten-free.",12.9578,77.59886
in-hyderabad-500002-1,Desi Clay Oven Chicken Tikka (Zero Batter),Fabcafe (Charminar / MJ Market),"Moazzam Jahi Market, Hyderabad, Telangana 500002",Hyderabad,India,500002,Clay Oven & Fire Grills,High-Protein Omnivore / Paleo,Super-High Protein (45g+),380,46,12,12,4,8,1,Pure A2 Desi Cow Ghee,YES,YES,YES,YES,NO,Seed Oil Free; Gluten-Free; High Protein; High Fiber; Low Sugar; Millet / Whole Grain,Pasture-raised chicken breast; hung cow milk dahi; Kashmiri degi mirch; roasted ajwain; kassori methi; fresh lemon,46g Clean Protein; Zero Seed Oils; Clay Oven Roasting; Zero Added Sugar; 100% Gluten-Free,₹228,4.8,137,"Boneless chicken breast steeped in hung curd, ginger-garlic, and cold-ground spices. Roasted in traditional clay tandoor without maida or food colors.",17.37524,78.482
in-hyderabad-500002-2,Organic Palak Paneer & Foxtail Millet Khichdi,EatFit Organic (Charminar / MJ Market),"Moazzam Jahi Market, Hyderabad, Telangana 500002",Hyderabad,India,500002,Ancient Millets & Ayurvedic Staples,Vegetarian (Dairy / Pure Ghee),Balanced Clean Protein (20g-34g),390,26,36,14,9,27,4,Pure A2 Desi Cow Ghee,YES,YES,NO,YES,NO,Seed Oil Free; Gluten-Free; High Protein; High Fiber; Low Sugar; Millet / Whole Grain,Sprouted foxtail millet; pure cow milk paneer cubes; slow-simmered spinach purée; roasted jeera; pink Himalayan salt,26g Dairy & Millet Protein; Pure A2 Cow Ghee; Zero Seed Oils; 9g Dietary Fiber; 100% Gluten-Free,₹323,4.7,250,"Prebiotic superfood bowl cooked with mineral-dense foxtail millets and iron-rich baby spinach. Zero refined oils, naturally gluten-free.",17.37979,78.47803
in-hyderabad-500002-3,High-Protein Sprouted Moong & Kala Chana Chaat,Healthy Bites (Charminar / MJ Market),"Moazzam Jahi Market, Hyderabad, Telangana 500002",Hyderabad,India,500002,Pulse & Sprouted Legumes,100% Plant-Based / Vegan,Balanced Clean Protein (20g-34g),260,22,32,4,11,21,4,Cold-Pressed Kachi Ghani Mustard Oil,YES,YES,NO,NO,YES,Seed Oil Free; Gluten-Free; High Protein; High Fiber; Low Sugar; Millet / Whole Grain,Sprouted whole green moong; boiled black chana; diced cucumber & tomatoes; pomegranate arils; fresh lime juice; rock salt,22g Clean Pulse Protein; Raw / Cold-Pressed Mustard Oil; Zero Seed Oils; 11g High Fiber; 100% Gluten-Free,₹231,4.8,398,Bioavailable sprouted pulse chaat tossed raw with digestive roasted cumin and cold-pressed Kachi Ghani oil. Zero cooking loss of vitamins.,17.39979,78.47444
in-hyderabad-500002-4,Artisanal Cow Milk Paneer Tikka Salad,Greenr Cafe (Charminar / MJ Market),"Moazzam Jahi Market, Hyderabad, Telangana 500002",Hyderabad,India,500002,Salad & Raw Greens,Vegetarian (Dairy / Pure Ghee),Balanced Clean Protein (20g-34g),340,28,16,16,6,10,2,Pure A2 Desi Cow Ghee,YES,YES,YES,YES,NO,Seed Oil Free; Gluten-Free; High Protein; High Fiber; Low Sugar; Millet / Whole Grain,Organic grass-fed cow paneer; charred bell peppers & onions; massaged baby greens; mint-coriander emulsion; roasted flaxseed,28g High-Quality Protein; Pure A2 Desi Cow Ghee; Zero Seed Oils; 6g Dietary Fiber; 100% Gluten-Free,₹262,4.7,322,"Freshly coagulated cow milk paneer lightly blistered in clay tandoor. Low carb, high calcium, zero wheat additives.",17.39315,78.48006
in-hyderabad-500002-5,Coastal Wild Kingfish Tawa Steak,Mojigao Coastal (Charminar / MJ Market),"Moazzam Jahi Market, Hyderabad, Telangana 500002",Hyderabad,India,500002,Wild Seafood & Coastal,Pescetarian,High Protein (35g-44g),410,44,8,18,4,4,1,Wood-Pressed Virgin Coconut Oil,YES,YES,YES,NO,YES,Seed Oil Free; Gluten-Free; High Protein; High Fiber; Low Sugar; Millet / Whole Grain,Wild-caught coastal kingfish / surmai; freshly ground Malabar pepper; kokum extract; curry leaves; steamed French beans,44g Wild Marine Protein; Wood-Pressed Coconut Oil; Zero Seed Oils; Heart-Healthy Omega 3; 100% Gluten-Free,₹306,4.9,80,"Fresh caught kingfish pan-seared gently in cold-pressed virgin coconut oil with digestive kokum. Zero batter, zero trans-fats.",17.37019,78.48068
in-hyderabad-500033-1,Artisanal Cow Milk Paneer Tikka Salad,Greenr Cafe (Jubilee Hills),"Road No. 36, Jubilee Hills, Hyderabad, Telangana 500033",Hyderabad,India,500033,Salad & Raw Greens,Vegetarian (Dairy / Pure Ghee),Balanced Clean Protein (20g-34g),340,28,16,16,6,10,2,Pure A2 Desi Cow Ghee,YES,YES,YES,YES,NO,Seed Oil Free; Gluten-Free; High Protein; High Fiber; Low Sugar; Millet / Whole Grain,Organic grass-fed cow paneer; charred bell peppers & onions; massaged baby greens; mint-coriander emulsion; roasted flaxseed,28g High-Quality Protein; Pure A2 Desi Cow Ghee; Zero Seed Oils; 6g Dietary Fiber; 100% Gluten-Free,₹282,4.9,357,"Freshly coagulated cow milk paneer lightly blistered in clay tandoor. Low carb, high calcium, zero wheat additives.",17.39915,78.49951
in-hyderabad-500033-2,Coastal Wild Kingfish Tawa Steak,Mojigao Coastal (Jubilee Hills),"Road No. 36, Jubilee Hills, Hyderabad, Telangana 500033",Hyderabad,India,500033,Wild Seafood & Coastal,Pescetarian,High Protein (35g-44g),410,44,8,18,4,4,1,Wood-Pressed Virgin Coconut Oil,YES,YES,YES,NO,YES,Seed Oil Free; Gluten-Free; High Protein; High Fiber; Low Sugar; Millet / Whole Grain,Wild-caught coastal kingfish / surmai; freshly ground Malabar pepper; kokum extract; curry leaves; steamed French beans,44g Wild Marine Protein; Wood-Pressed Coconut Oil; Zero Seed Oils; Heart-Healthy Omega 3; 100% Gluten-Free,₹293,4.9,384,"Fresh caught kingfish pan-seared gently in cold-pressed virgin coconut oil with digestive kokum. Zero batter, zero trans-fats.",17.37285,78.47698
in-hyderabad-500033-3,Jowar Bhakri with Sprouted Matki Usal,Swaad Organic (Jubilee Hills),"Road No. 36, Jubilee Hills, Hyderabad, Telangana 500033",Hyderabad,India,500033,Ancient Millets & Ayurvedic Staples,100% Plant-Based / Vegan,Balanced Clean Protein (20g-34g),320,21,42,6,10,32,5,Pure A2 Desi Cow Ghee,YES,YES,NO,YES,YES,Seed Oil Free; Gluten-Free; High Protein; High Fiber; Low Sugar; Millet / Whole Grain,100% Hand-pressed jowar (sorghum) flour; sprouted dew beans (matki); fresh ginger & garlic; tempered mustard seeds; green chili,21g Plant Protein; Pure A2 Ghee; Zero Seed Oils; 10g Millet Fiber; 100% Gluten-Free,₹229,4.7,170,"Ancient grain sorghum roti hand-patted and puffed on cast-iron tawa, served with enzymatic sprouted dew bean curry. 100% gluten-free.",17.38288,78.4999
in-hyderabad-500033-4,Steamed Ragi Mudde with Huruli (Horsegram) Saaru,Karnataka Millets (Jubilee Hills),"Road No. 36, Jubilee Hills, Hyderabad, Telangana 500033",Hyderabad,India,500033,Ancient Millets & Ayurvedic Staples,100% Plant-Based / Vegan,Balanced Clean Protein (20g-34g),290,23,38,4,12,26,5,Pure A2 Desi Cow Ghee,YES,YES,NO,YES,YES,Seed Oil Free; Gluten-Free; High Protein; High Fiber; Low Sugar; Millet / Whole Grain,Finger millet (ragi) whole grain flour; horsegram (kulthi) slow broth; crushed peppercorns; fresh coriander roots; curry leaf tadka,23g High-Protein Broth; Pure A2 Cow Ghee; Zero Seed Oils; 12g High Fiber; 100% Gluten-Free,₹337,4.7,107,Legendary Ayurvedic endurance staple. Steamed mineral-rich ragi ball paired with high-protein horsegram broth. Zero seed oils.,17.39347,78.49141
in-hyderabad-500033-5,High-Protein Sattu & Roasted Jeera Buttermilk Bowl,Bihar Sattu & Grain (Jubilee Hills),"Road No. 36, Jubilee Hills, Hyderabad, Telangana 500033",Hyderabad,India,500033,Pulse & Sprouted Legumes,Vegetarian (Dairy / Pure Ghee),Balanced Clean Protein (20g-34g),270,24,30,5,9,21,4,Cold-Pressed Kachi Ghani Mustard Oil,YES,YES,NO,NO,NO,Seed Oil Free; Gluten-Free; High Protein; High Fiber; Low Sugar; Millet / Whole Grain,Toasted Bengal gram (sattu) flour; churned A2 cow milk chaas; finely chopped shallots & green chilies; kala namak; roasted cumin,24g Clean Pulse Protein; Probiotic Chaas; Zero Seed Oils; 9g Prebiotic Fiber; 100% Gluten-Free,₹307,4.8,253,Cooling powerhouse protein meal with roasted chana flour suspended in churned dahi. Extremely low glycemic index and 100% gluten-free.,17.39182,78.49581
in-hyderabad-500081-1,Steamed Ragi Mudde with Huruli (Horsegram) Saaru,Karnataka Millets (HITEC City / Madhapur),"Cyber Towers, Hitec City, Hyderabad, Telangana 500081",Hyderabad,India,500081,Ancient Millets & Ayurvedic Staples,100% Plant-Based / Vegan,Balanced Clean Protein (20g-34g),290,23,38,4,12,26,5,Pure A2 Desi Cow Ghee,YES,YES,NO,YES,YES,Seed Oil Free; Gluten-Free; High Protein; High Fiber; Low Sugar; Millet / Whole Grain,Finger millet (ragi) whole grain flour; horsegram (kulthi) slow broth; crushed peppercorns; fresh coriander roots; curry leaf tadka,23g High-Protein Broth; Pure A2 Cow Ghee; Zero Seed Oils; 12g High Fiber; 100% Gluten-Free,₹292,4.8,362,Legendary Ayurvedic endurance staple. Steamed mineral-rich ragi ball paired with high-protein horsegram broth. Zero seed oils.,17.37955,78.4746
in-hyderabad-500081-2,High-Protein Sattu & Roasted Jeera Buttermilk Bowl,Bihar Sattu & Grain (HITEC City / Madhapur),"Cyber Towers, Hitec City, Hyderabad, Telangana 500081",Hyderabad,India,500081,Pulse & Sprouted Legumes,Vegetarian (Dairy / Pure Ghee),Balanced Clean Protein (20g-34g),270,24,30,5,9,21,4,Cold-Pressed Kachi Ghani Mustard Oil,YES,YES,NO,NO,NO,Seed Oil Free; Gluten-Free; High Protein; High Fiber; Low Sugar; Millet / Whole Grain,Toasted Bengal gram (sattu) flour; churned A2 cow milk chaas; finely chopped shallots & green chilies; kala namak; roasted cumin,24g Clean Pulse Protein; Probiotic Chaas; Zero Seed Oils; 9g Prebiotic Fiber; 100% Gluten-Free,₹236,4.9,209,Cooling powerhouse protein meal with roasted chana flour suspended in churned dahi. Extremely low glycemic index and 100% gluten-free.,17.38486,78.47262
in-hyderabad-500081-3,Desi Clay Oven Chicken Tikka (Zero Batter),Fabcafe (HITEC City / Madhapur),"Cyber Towers, Hitec City, Hyderabad, Telangana 500081",Hyderabad,India,500081,Clay Oven & Fire Grills,High-Protein Omnivore / Paleo,Super-High Protein (45g+),380,46,12,12,4,8,1,Pure A2 Desi Cow Ghee,YES,YES,YES,YES,NO,Seed Oil Free; Gluten-Free; High Protein; High Fiber; Low Sugar; Millet / Whole Grain,Pasture-raised chicken breast; hung cow milk dahi; Kashmiri degi mirch; roasted ajwain; kassori methi; fresh lemon,46g Clean Protein; Zero Seed Oils; Clay Oven Roasting; Zero Added Sugar; 100% Gluten-Free,₹342,4.9,244,"Boneless chicken breast steeped in hung curd, ginger-garlic, and cold-ground spices. Roasted in traditional clay tandoor without maida or food colors.",17.39449,78.49531
in-hyderabad-500081-4,Organic Palak Paneer & Foxtail Millet Khichdi,EatFit Organic (HITEC City / Madhapur),"Cyber Towers, Hitec City, Hyderabad, Telangana 500081",Hyderabad,India,500081,Ancient Millets & Ayurvedic Staples,Vegetarian (Dairy / Pure Ghee),Balanced Clean Protein (20g-34g),390,26,36,14,9,27,4,Pure A2 Desi Cow Ghee,YES,YES,NO,YES,NO,Seed Oil Free; Gluten-Free; High Protein; High Fiber; Low Sugar; Millet / Whole Grain,Sprouted foxtail millet; pure cow milk paneer cubes; slow-simmered spinach purée; roasted jeera; pink Himalayan salt,26g Dairy & Millet Protein; Pure A2 Cow Ghee; Zero Seed Oils; 9g Dietary Fiber; 100% Gluten-Free,₹285,4.8,276,"Prebiotic superfood bowl cooked with mineral-dense foxtail millets and iron-rich baby spinach. Zero refined oils, naturally gluten-free.",17.39615,78.47832
in-hyderabad-500081-5,High-Protein Sprouted Moong & Kala Chana Chaat,Healthy Bites (HITEC City / Madhapur),"Cyber Towers, Hitec City, Hyderabad, Telangana 500081",Hyderabad,India,500081,Pulse & Sprouted Legumes,100% Plant-Based / Vegan,Balanced Clean Protein (20g-34g),260,22,32,4,11,21,4,Cold-Pressed Kachi Ghani Mustard Oil,YES,YES,NO,NO,YES,Seed Oil Free; Gluten-Free; High Protein; High Fiber; Low Sugar; Millet / Whole Grain,Sprouted whole green moong; boiled black chana; diced cucumber & tomatoes; pomegranate arils; fresh lime juice; rock salt,22g Clean Pulse Protein; Raw / Cold-Pressed Mustard Oil; Zero Seed Oils; 11g High Fiber; 100% Gluten-Free,₹361,4.9,190,Bioavailable sprouted pulse chaat tossed raw with digestive roasted cumin and cold-pressed Kachi Ghani oil. Zero cooking loss of vitamins.,17.39135,78.49828
in-chennai-600005-1,Desi Clay Oven Chicken Tikka (Zero Batter),Fabcafe (Marina Beach / Triplicane),"Kamarajar Promenade, Marina, Chennai, Tamil Nadu 600005",Chennai,India,600005,Clay Oven & Fire Grills,High-Protein Omnivore / Paleo,Super-High Protein (45g+),380,46,12,12,4,8,1,Pure A2 Desi Cow Ghee,YES,YES,YES,YES,NO,Seed Oil Free; Gluten-Free; High Protein; High Fiber; Low Sugar; Millet / Whole Grain,Pasture-raised chicken breast; hung cow milk dahi; Kashmiri degi mirch; roasted ajwain; kassori methi; fresh lemon,46g Clean Protein; Zero Seed Oils; Clay Oven Roasting; Zero Added Sugar; 100% Gluten-Free,₹219,4.9,102,"Boneless chicken breast steeped in hung curd, ginger-garlic, and cold-ground spices. Roasted in traditional clay tandoor without maida or food colors.",13.07653,80.27858
in-chennai-600005-2,Organic Palak Paneer & Foxtail Millet Khichdi,EatFit Organic (Marina Beach / Triplicane),"Kamarajar Promenade, Marina, Chennai, Tamil Nadu 600005",Chennai,India,600005,Ancient Millets & Ayurvedic Staples,Vegetarian (Dairy / Pure Ghee),Balanced Clean Protein (20g-34g),390,26,36,14,9,27,4,Pure A2 Desi Cow Ghee,YES,YES,NO,YES,NO,Seed Oil Free; Gluten-Free; High Protein; High Fiber; Low Sugar; Millet / Whole Grain,Sprouted foxtail millet; pure cow milk paneer cubes; slow-simmered spinach purée; roasted jeera; pink Himalayan salt,26g Dairy & Millet Protein; Pure A2 Cow Ghee; Zero Seed Oils; 9g Dietary Fiber; 100% Gluten-Free,₹214,4.8,346,"Prebiotic superfood bowl cooked with mineral-dense foxtail millets and iron-rich baby spinach. Zero refined oils, naturally gluten-free.",13.08902,80.26445
in-chennai-600005-3,High-Protein Sprouted Moong & Kala Chana Chaat,Healthy Bites (Marina Beach / Triplicane),"Kamarajar Promenade, Marina, Chennai, Tamil Nadu 600005",Chennai,India,600005,Pulse & Sprouted Legumes,100% Plant-Based / Vegan,Balanced Clean Protein (20g-34g),260,22,32,4,11,21,4,Cold-Pressed Kachi Ghani Mustard Oil,YES,YES,NO,NO,YES,Seed Oil Free; Gluten-Free; High Protein; High Fiber; Low Sugar; Millet / Whole Grain,Sprouted whole green moong; boiled black chana; diced cucumber & tomatoes; pomegranate arils; fresh lime juice; rock salt,22g Clean Pulse Protein; Raw / Cold-Pressed Mustard Oil; Zero Seed Oils; 11g High Fiber; 100% Gluten-Free,₹280,4.8,172,Bioavailable sprouted pulse chaat tossed raw with digestive roasted cumin and cold-pressed Kachi Ghani oil. Zero cooking loss of vitamins.,13.08646,80.26199
in-chennai-600005-4,Artisanal Cow Milk Paneer Tikka Salad,Greenr Cafe (Marina Beach / Triplicane),"Kamarajar Promenade, Marina, Chennai, Tamil Nadu 600005",Chennai,India,600005,Salad & Raw Greens,Vegetarian (Dairy / Pure Ghee),Balanced Clean Protein (20g-34g),340,28,16,16,6,10,2,Pure A2 Desi Cow Ghee,YES,YES,YES,YES,NO,Seed Oil Free; Gluten-Free; High Protein; High Fiber; Low Sugar; Millet / Whole Grain,Organic grass-fed cow paneer; charred bell peppers & onions; massaged baby greens; mint-coriander emulsion; roasted flaxseed,28g High-Quality Protein; Pure A2 Desi Cow Ghee; Zero Seed Oils; 6g Dietary Fiber; 100% Gluten-Free,₹250,4.8,396,"Freshly coagulated cow milk paneer lightly blistered in clay tandoor. Low carb, high calcium, zero wheat additives.",13.07228,80.27401
in-chennai-600005-5,Coastal Wild Kingfish Tawa Steak,Mojigao Coastal (Marina Beach / Triplicane),"Kamarajar Promenade, Marina, Chennai, Tamil Nadu 600005",Chennai,India,600005,Wild Seafood & Coastal,Pescetarian,High Protein (35g-44g),410,44,8,18,4,4,1,Wood-Pressed Virgin Coconut Oil,YES,YES,YES,NO,YES,Seed Oil Free; Gluten-Free; High Protein; High Fiber; Low Sugar; Millet / Whole Grain,Wild-caught coastal kingfish / surmai; freshly ground Malabar pepper; kokum extract; curry leaves; steamed French beans,44g Wild Marine Protein; Wood-Pressed Coconut Oil; Zero Seed Oils; Heart-Healthy Omega 3; 100% Gluten-Free,₹203,4.8,219,"Fresh caught kingfish pan-seared gently in cold-pressed virgin coconut oil with digestive kokum. Zero batter, zero trans-fats.",13.07973,80.26826
in-chennai-600018-1,Artisanal Cow Milk Paneer Tikka Salad,Greenr Cafe (Alwarpet),"TTK Road, Alwarpet, Chennai, Tamil Nadu 600018",Chennai,India,600018,Salad & Raw Greens,Vegetarian (Dairy / Pure Ghee),Balanced Clean Protein (20g-34g),340,28,16,16,6,10,2,Pure A2 Desi Cow Ghee,YES,YES,YES,YES,NO,Seed Oil Free; Gluten-Free; High Protein; High Fiber; Low Sugar; Millet / Whole Grain,Organic grass-fed cow paneer; charred bell peppers & onions; massaged baby greens; mint-coriander emulsion; roasted flaxseed,28g High-Quality Protein; Pure A2 Desi Cow Ghee; Zero Seed Oils; 6g Dietary Fiber; 100% Gluten-Free,₹374,4.8,262,"Freshly coagulated cow milk paneer lightly blistered in clay tandoor. Low carb, high calcium, zero wheat additives.",13.0801,80.28548
in-chennai-600018-2,Coastal Wild Kingfish Tawa Steak,Mojigao Coastal (Alwarpet),"TTK Road, Alwarpet, Chennai, Tamil Nadu 600018",Chennai,India,600018,Wild Seafood & Coastal,Pescetarian,High Protein (35g-44g),410,44,8,18,4,4,1,Wood-Pressed Virgin Coconut Oil,YES,YES,YES,NO,YES,Seed Oil Free; Gluten-Free; High Protein; High Fiber; Low Sugar; Millet / Whole Grain,Wild-caught coastal kingfish / surmai; freshly ground Malabar pepper; kokum extract; curry leaves; steamed French beans,44g Wild Marine Protein; Wood-Pressed Coconut Oil; Zero Seed Oils; Heart-Healthy Omega 3; 100% Gluten-Free,₹384,4.8,320,"Fresh caught kingfish pan-seared gently in cold-pressed virgin coconut oil with digestive kokum. Zero batter, zero trans-fats.",13.0942,80.25848
in-chennai-600018-3,Jowar Bhakri with Sprouted Matki Usal,Swaad Organic (Alwarpet),"TTK Road, Alwarpet, Chennai, Tamil Nadu 600018",Chennai,India,600018,Ancient Millets & Ayurvedic Staples,100% Plant-Based / Vegan,Balanced Clean Protein (20g-34g),320,21,42,6,10,32,5,Pure A2 Desi Cow Ghee,YES,YES,NO,YES,YES,Seed Oil Free; Gluten-Free; High Protein; High Fiber; Low Sugar; Millet / Whole Grain,100% Hand-pressed jowar (sorghum) flour; sprouted dew beans (matki); fresh ginger & garlic; tempered mustard seeds; green chili,21g Plant Protein; Pure A2 Ghee; Zero Seed Oils; 10g Millet Fiber; 100% Gluten-Free,₹226,4.8,80,"Ancient grain sorghum roti hand-patted and puffed on cast-iron tawa, served with enzymatic sprouted dew bean curry. 100% gluten-free.",13.07479,80.28346
in-chennai-600018-4,Steamed Ragi Mudde with Huruli (Horsegram) Saaru,Karnataka Millets (Alwarpet),"TTK Road, Alwarpet, Chennai, Tamil Nadu 600018",Chennai,India,600018,Ancient Millets & Ayurvedic Staples,100% Plant-Based / Vegan,Balanced Clean Protein (20g-34g),290,23,38,4,12,26,5,Pure A2 Desi Cow Ghee,YES,YES,NO,YES,YES,Seed Oil Free; Gluten-Free; High Protein; High Fiber; Low Sugar; Millet / Whole Grain,Finger millet (ragi) whole grain flour; horsegram (kulthi) slow broth; crushed peppercorns; fresh coriander roots; curry leaf tadka,23g High-Protein Broth; Pure A2 Cow Ghee; Zero Seed Oils; 12g High Fiber; 100% Gluten-Free,₹234,4.7,91,Legendary Ayurvedic endurance staple. Steamed mineral-rich ragi ball paired with high-protein horsegram broth. Zero seed oils.,13.09462,80.26004
in-chennai-600018-5,High-Protein Sattu & Roasted Jeera Buttermilk Bowl,Bihar Sattu & Grain (Alwarpet),"TTK Road, Alwarpet, Chennai, Tamil Nadu 600018",Chennai,India,600018,Pulse & Sprouted Legumes,Vegetarian (Dairy / Pure Ghee),Balanced Clean Protein (20g-34g),270,24,30,5,9,21,4,Cold-Pressed Kachi Ghani Mustard Oil,YES,YES,NO,NO,NO,Seed Oil Free; Gluten-Free; High Protein; High Fiber; Low Sugar; Millet / Whole Grain,Toasted Bengal gram (sattu) flour; churned A2 cow milk chaas; finely chopped shallots & green chilies; kala namak; roasted cumin,24g Clean Pulse Protein; Probiotic Chaas; Zero Seed Oils; 9g Prebiotic Fiber; 100% Gluten-Free,₹330,4.8,258,Cooling powerhouse protein meal with roasted chana flour suspended in churned dahi. Extremely low glycemic index and 100% gluten-free.,13.08706,80.27475
in-chennai-600090-1,Steamed Ragi Mudde with Huruli (Horsegram) Saaru,Karnataka Millets (Besant Nagar),"Elliot's Beach Promenade, Chennai, Tamil Nadu 600090",Chennai,India,600090,Ancient Millets & Ayurvedic Staples,100% Plant-Based / Vegan,Balanced Clean Protein (20g-34g),290,23,38,4,12,26,5,Pure A2 Desi Cow Ghee,YES,YES,NO,YES,YES,Seed Oil Free; Gluten-Free; High Protein; High Fiber; Low Sugar; Millet / Whole Grain,Finger millet (ragi) whole grain flour; horsegram (kulthi) slow broth; crushed peppercorns; fresh coriander roots; curry leaf tadka,23g High-Protein Broth; Pure A2 Cow Ghee; Zero Seed Oils; 12g High Fiber; 100% Gluten-Free,₹315,4.7,202,Legendary Ayurvedic endurance staple. Steamed mineral-rich ragi ball paired with high-protein horsegram broth. Zero seed oils.,13.08399,80.28331
in-chennai-600090-2,High-Protein Sattu & Roasted Jeera Buttermilk Bowl,Bihar Sattu & Grain (Besant Nagar),"Elliot's Beach Promenade, Chennai, Tamil Nadu 600090",Chennai,India,600090,Pulse & Sprouted Legumes,Vegetarian (Dairy / Pure Ghee),Balanced Clean Protein (20g-34g),270,24,30,5,9,21,4,Cold-Pressed Kachi Ghani Mustard Oil,YES,YES,NO,NO,NO,Seed Oil Free; Gluten-Free; High Protein; High Fiber; Low Sugar; Millet / Whole Grain,Toasted Bengal gram (sattu) flour; churned A2 cow milk chaas; finely chopped shallots & green chilies; kala namak; roasted cumin,24g Clean Pulse Protein; Probiotic Chaas; Zero Seed Oils; 9g Prebiotic Fiber; 100% Gluten-Free,₹226,4.8,287,Cooling powerhouse protein meal with roasted chana flour suspended in churned dahi. Extremely low glycemic index and 100% gluten-free.,13.0919,80.28066
in-chennai-600090-3,Desi Clay Oven Chicken Tikka (Zero Batter),Fabcafe (Besant Nagar),"Elliot's Beach Promenade, Chennai, Tamil Nadu 600090",Chennai,India,600090,Clay Oven & Fire Grills,High-Protein Omnivore / Paleo,Super-High Protein (45g+),380,46,12,12,4,8,1,Pure A2 Desi Cow Ghee,YES,YES,YES,YES,NO,Seed Oil Free; Gluten-Free; High Protein; High Fiber; Low Sugar; Millet / Whole Grain,Pasture-raised chicken breast; hung cow milk dahi; Kashmiri degi mirch; roasted ajwain; kassori methi; fresh lemon,46g Clean Protein; Zero Seed Oils; Clay Oven Roasting; Zero Added Sugar; 100% Gluten-Free,₹348,4.9,292,"Boneless chicken breast steeped in hung curd, ginger-garlic, and cold-ground spices. Roasted in traditional clay tandoor without maida or food colors.",13.08671,80.2816
in-chennai-600090-4,Organic Palak Paneer & Foxtail Millet Khichdi,EatFit Organic (Besant Nagar),"Elliot's Beach Promenade, Chennai, Tamil Nadu 600090",Chennai,India,600090,Ancient Millets & Ayurvedic Staples,Vegetarian (Dairy / Pure Ghee),Balanced Clean Protein (20g-34g),390,26,36,14,9,27,4,Pure A2 Desi Cow Ghee,YES,YES,NO,YES,NO,Seed Oil Free; Gluten-Free; High Protein; High Fiber; Low Sugar; Millet / Whole Grain,Sprouted foxtail millet; pure cow milk paneer cubes; slow-simmered spinach purée; roasted jeera; pink Himalayan salt,26g Dairy & Millet Protein; Pure A2 Cow Ghee; Zero Seed Oils; 9g Dietary Fiber; 100% Gluten-Free,₹196,4.9,236,"Prebiotic superfood bowl cooked with mineral-dense foxtail millets and iron-rich baby spinach. Zero refined oils, naturally gluten-free.",13.08739,80.2676
in-chennai-600090-5,High-Protein Sprouted Moong & Kala Chana Chaat,Healthy Bites (Besant Nagar),"Elliot's Beach Promenade, Chennai, Tamil Nadu 600090",Chennai,India,600090,Pulse & Sprouted Legumes,100% Plant-Based / Vegan,Balanced Clean Protein (20g-34g),260,22,32,4,11,21,4,Cold-Pressed Kachi Ghani Mustard Oil,YES,YES,NO,NO,YES,Seed Oil Free; Gluten-Free; High Protein; High Fiber; Low Sugar; Millet / Whole Grain,Sprouted whole green moong; boiled black chana; diced cucumber & tomatoes; pomegranate arils; fresh lime juice; rock salt,22g Clean Pulse Protein; Raw / Cold-Pressed Mustard Oil; Zero Seed Oils; 11g High Fiber; 100% Gluten-Free,₹302,4.7,298,Bioavailable sprouted pulse chaat tossed raw with digestive roasted cumin and cold-pressed Kachi Ghani oil. Zero cooking loss of vitamins.,13.0848,80.26522
in-kochi-682001-1,Desi Clay Oven Chicken Tikka (Zero Batter),Fabcafe (Fort Kochi),"Burgher Street, Fort Kochi, Kochi, Kerala 682001",Kochi,India,682001,Clay Oven & Fire Grills,High-Protein Omnivore / Paleo,Super-High Protein (45g+),380,46,12,12,4,8,1,Pure A2 Desi Cow Ghee,YES,YES,YES,YES,NO,Seed Oil Free; Gluten-Free; High Protein; High Fiber; Low Sugar; Millet / Whole Grain,Pasture-raised chicken breast; hung cow milk dahi; Kashmiri degi mirch; roasted ajwain; kassori methi; fresh lemon,46g Clean Protein; Zero Seed Oils; Clay Oven Roasting; Zero Added Sugar; 100% Gluten-Free,₹182,4.9,154,"Boneless chicken breast steeped in hung curd, ginger-garlic, and cold-ground spices. Roasted in traditional clay tandoor without maida or food colors.",9.92782,76.2528
in-kochi-682001-2,Organic Palak Paneer & Foxtail Millet Khichdi,EatFit Organic (Fort Kochi),"Burgher Street, Fort Kochi, Kochi, Kerala 682001",Kochi,India,682001,Ancient Millets & Ayurvedic Staples,Vegetarian (Dairy / Pure Ghee),Balanced Clean Protein (20g-34g),390,26,36,14,9,27,4,Pure A2 Desi Cow Ghee,YES,YES,NO,YES,NO,Seed Oil Free; Gluten-Free; High Protein; High Fiber; Low Sugar; Millet / Whole Grain,Sprouted foxtail millet; pure cow milk paneer cubes; slow-simmered spinach purée; roasted jeera; pink Himalayan salt,26g Dairy & Millet Protein; Pure A2 Cow Ghee; Zero Seed Oils; 9g Dietary Fiber; 100% Gluten-Free,₹201,4.7,328,"Prebiotic superfood bowl cooked with mineral-dense foxtail millets and iron-rich baby spinach. Zero refined oils, naturally gluten-free.",9.93873,76.26817
in-kochi-682001-3,High-Protein Sprouted Moong & Kala Chana Chaat,Healthy Bites (Fort Kochi),"Burgher Street, Fort Kochi, Kochi, Kerala 682001",Kochi,India,682001,Pulse & Sprouted Legumes,100% Plant-Based / Vegan,Balanced Clean Protein (20g-34g),260,22,32,4,11,21,4,Cold-Pressed Kachi Ghani Mustard Oil,YES,YES,NO,NO,YES,Seed Oil Free; Gluten-Free; High Protein; High Fiber; Low Sugar; Millet / Whole Grain,Sprouted whole green moong; boiled black chana; diced cucumber & tomatoes; pomegranate arils; fresh lime juice; rock salt,22g Clean Pulse Protein; Raw / Cold-Pressed Mustard Oil; Zero Seed Oils; 11g High Fiber; 100% Gluten-Free,₹352,4.7,285,Bioavailable sprouted pulse chaat tossed raw with digestive roasted cumin and cold-pressed Kachi Ghani oil. Zero cooking loss of vitamins.,9.92694,76.2635
in-kochi-682001-4,Artisanal Cow Milk Paneer Tikka Salad,Greenr Cafe (Fort Kochi),"Burgher Street, Fort Kochi, Kochi, Kerala 682001",Kochi,India,682001,Salad & Raw Greens,Vegetarian (Dairy / Pure Ghee),Balanced Clean Protein (20g-34g),340,28,16,16,6,10,2,Pure A2 Desi Cow Ghee,YES,YES,YES,YES,NO,Seed Oil Free; Gluten-Free; High Protein; High Fiber; Low Sugar; Millet / Whole Grain,Organic grass-fed cow paneer; charred bell peppers & onions; massaged baby greens; mint-coriander emulsion; roasted flaxseed,28g High-Quality Protein; Pure A2 Desi Cow Ghee; Zero Seed Oils; 6g Dietary Fiber; 100% Gluten-Free,₹297,4.9,204,"Freshly coagulated cow milk paneer lightly blistered in clay tandoor. Low carb, high calcium, zero wheat additives.",9.9199,76.27149
in-kochi-682001-5,Coastal Wild Kingfish Tawa Steak,Mojigao Coastal (Fort Kochi),"Burgher Street, Fort Kochi, Kochi, Kerala 682001",Kochi,India,682001,Wild Seafood & Coastal,Pescetarian,High Protein (35g-44g),410,44,8,18,4,4,1,Wood-Pressed Virgin Coconut Oil,YES,YES,YES,NO,YES,Seed Oil Free; Gluten-Free; High Protein; High Fiber; Low Sugar; Millet / Whole Grain,Wild-caught coastal kingfish / surmai; freshly ground Malabar pepper; kokum extract; curry leaves; steamed French beans,44g Wild Marine Protein; Wood-Pressed Coconut Oil; Zero Seed Oils; Heart-Healthy Omega 3; 100% Gluten-Free,₹373,4.9,100,"Fresh caught kingfish pan-seared gently in cold-pressed virgin coconut oil with digestive kokum. Zero batter, zero trans-fats.",9.91724,76.26115
in-kochi-682036-1,Artisanal Cow Milk Paneer Tikka Salad,Greenr Cafe (Panampilly Nagar),"Main Avenue, Panampilly Nagar, Kochi, Kerala 682036",Kochi,India,682036,Salad & Raw Greens,Vegetarian (Dairy / Pure Ghee),Balanced Clean Protein (20g-34g),340,28,16,16,6,10,2,Pure A2 Desi Cow Ghee,YES,YES,YES,YES,NO,Seed Oil Free; Gluten-Free; High Protein; High Fiber; Low Sugar; Millet / Whole Grain,Organic grass-fed cow paneer; charred bell peppers & onions; massaged baby greens; mint-coriander emulsion; roasted flaxseed,28g High-Quality Protein; Pure A2 Desi Cow Ghee; Zero Seed Oils; 6g Dietary Fiber; 100% Gluten-Free,₹278,4.7,300,"Freshly coagulated cow milk paneer lightly blistered in clay tandoor. Low carb, high calcium, zero wheat additives.",9.92168,76.26704
in-kochi-682036-2,Coastal Wild Kingfish Tawa Steak,Mojigao Coastal (Panampilly Nagar),"Main Avenue, Panampilly Nagar, Kochi, Kerala 682036",Kochi,India,682036,Wild Seafood & Coastal,Pescetarian,High Protein (35g-44g),410,44,8,18,4,4,1,Wood-Pressed Virgin Coconut Oil,YES,YES,YES,NO,YES,Seed Oil Free; Gluten-Free; High Protein; High Fiber; Low Sugar; Millet / Whole Grain,Wild-caught coastal kingfish / surmai; freshly ground Malabar pepper; kokum extract; curry leaves; steamed French beans,44g Wild Marine Protein; Wood-Pressed Coconut Oil; Zero Seed Oils; Heart-Healthy Omega 3; 100% Gluten-Free,₹360,4.8,186,"Fresh caught kingfish pan-seared gently in cold-pressed virgin coconut oil with digestive kokum. Zero batter, zero trans-fats.",9.91907,76.2686
in-kochi-682036-3,Jowar Bhakri with Sprouted Matki Usal,Swaad Organic (Panampilly Nagar),"Main Avenue, Panampilly Nagar, Kochi, Kerala 682036",Kochi,India,682036,Ancient Millets & Ayurvedic Staples,100% Plant-Based / Vegan,Balanced Clean Protein (20g-34g),320,21,42,6,10,32,5,Pure A2 Desi Cow Ghee,YES,YES,NO,YES,YES,Seed Oil Free; Gluten-Free; High Protein; High Fiber; Low Sugar; Millet / Whole Grain,100% Hand-pressed jowar (sorghum) flour; sprouted dew beans (matki); fresh ginger & garlic; tempered mustard seeds; green chili,21g Plant Protein; Pure A2 Ghee; Zero Seed Oils; 10g Millet Fiber; 100% Gluten-Free,₹374,4.8,199,"Ancient grain sorghum roti hand-patted and puffed on cast-iron tawa, served with enzymatic sprouted dew bean curry. 100% gluten-free.",9.92009,76.26989
in-kochi-682036-4,Steamed Ragi Mudde with Huruli (Horsegram) Saaru,Karnataka Millets (Panampilly Nagar),"Main Avenue, Panampilly Nagar, Kochi, Kerala 682036",Kochi,India,682036,Ancient Millets & Ayurvedic Staples,100% Plant-Based / Vegan,Balanced Clean Protein (20g-34g),290,23,38,4,12,26,5,Pure A2 Desi Cow Ghee,YES,YES,NO,YES,YES,Seed Oil Free; Gluten-Free; High Protein; High Fiber; Low Sugar; Millet / Whole Grain,Finger millet (ragi) whole grain flour; horsegram (kulthi) slow broth; crushed peppercorns; fresh coriander roots; curry leaf tadka,23g High-Protein Broth; Pure A2 Cow Ghee; Zero Seed Oils; 12g High Fiber; 100% Gluten-Free,₹314,4.8,397,Legendary Ayurvedic endurance staple. Steamed mineral-rich ragi ball paired with high-protein horsegram broth. Zero seed oils.,9.94222,76.26508
in-kochi-682036-5,High-Protein Sattu & Roasted Jeera Buttermilk Bowl,Bihar Sattu & Grain (Panampilly Nagar),"Main Avenue, Panampilly Nagar, Kochi, Kerala 682036",Kochi,India,682036,Pulse & Sprouted Legumes,Vegetarian (Dairy / Pure Ghee),Balanced Clean Protein (20g-34g),270,24,30,5,9,21,4,Cold-Pressed Kachi Ghani Mustard Oil,YES,YES,NO,NO,NO,Seed Oil Free; Gluten-Free; High Protein; High Fiber; Low Sugar; Millet / Whole Grain,Toasted Bengal gram (sattu) flour; churned A2 cow milk chaas; finely chopped shallots & green chilies; kala namak; roasted cumin,24g Clean Pulse Protein; Probiotic Chaas; Zero Seed Oils; 9g Prebiotic Fiber; 100% Gluten-Free,₹204,4.8,92,Cooling powerhouse protein meal with roasted chana flour suspended in churned dahi. Extremely low glycemic index and 100% gluten-free.,9.94544,76.25773
in-coimbatore-641002-1,Desi Clay Oven Chicken Tikka (Zero Batter),Fabcafe (R.S. Puram),"D.B. Road, R.S. Puram, Coimbatore, Tamil Nadu 641002",Coimbatore,India,641002,Clay Oven & Fire Grills,High-Protein Omnivore / Paleo,Super-High Protein (45g+),380,46,12,12,4,8,1,Pure A2 Desi Cow Ghee,YES,YES,YES,YES,NO,Seed Oil Free; Gluten-Free; High Protein; High Fiber; Low Sugar; Millet / Whole Grain,Pasture-raised chicken breast; hung cow milk dahi; Kashmiri degi mirch; roasted ajwain; kassori methi; fresh lemon,46g Clean Protein; Zero Seed Oils; Clay Oven Roasting; Zero Added Sugar; 100% Gluten-Free,₹249,4.7,227,"Boneless chicken breast steeped in hung curd, ginger-garlic, and cold-ground spices. Roasted in traditional clay tandoor without maida or food colors.",11.00752,76.94393
in-coimbatore-641002-2,Organic Palak Paneer & Foxtail Millet Khichdi,EatFit Organic (R.S. Puram),"D.B. Road, R.S. Puram, Coimbatore, Tamil Nadu 641002",Coimbatore,India,641002,Ancient Millets & Ayurvedic Staples,Vegetarian (Dairy / Pure Ghee),Balanced Clean Protein (20g-34g),390,26,36,14,9,27,4,Pure A2 Desi Cow Ghee,YES,YES,NO,YES,NO,Seed Oil Free; Gluten-Free; High Protein; High Fiber; Low Sugar; Millet / Whole Grain,Sprouted foxtail millet; pure cow milk paneer cubes; slow-simmered spinach purée; roasted jeera; pink Himalayan salt,26g Dairy & Millet Protein; Pure A2 Cow Ghee; Zero Seed Oils; 9g Dietary Fiber; 100% Gluten-Free,₹360,4.8,311,"Prebiotic superfood bowl cooked with mineral-dense foxtail millets and iron-rich baby spinach. Zero refined oils, naturally gluten-free.",11.0071,76.95765
in-coimbatore-641002-3,High-Protein Sprouted Moong & Kala Chana Chaat,Healthy Bites (R.S. Puram),"D.B. Road, R.S. Puram, Coimbatore, Tamil Nadu 641002",Coimbatore,India,641002,Pulse & Sprouted Legumes,100% Plant-Based / Vegan,Balanced Clean Protein (20g-34g),260,22,32,4,11,21,4,Cold-Pressed Kachi Ghani Mustard Oil,YES,YES,NO,NO,YES,Seed Oil Free; Gluten-Free; High Protein; High Fiber; Low Sugar; Millet / Whole Grain,Sprouted whole green moong; boiled black chana; diced cucumber & tomatoes; pomegranate arils; fresh lime juice; rock salt,22g Clean Pulse Protein; Raw / Cold-Pressed Mustard Oil; Zero Seed Oils; 11g High Fiber; 100% Gluten-Free,₹200,4.7,146,Bioavailable sprouted pulse chaat tossed raw with digestive roasted cumin and cold-pressed Kachi Ghani oil. Zero cooking loss of vitamins.,11.01002,76.95
in-coimbatore-641002-4,Artisanal Cow Milk Paneer Tikka Salad,Greenr Cafe (R.S. Puram),"D.B. Road, R.S. Puram, Coimbatore, Tamil Nadu 641002",Coimbatore,India,641002,Salad & Raw Greens,Vegetarian (Dairy / Pure Ghee),Balanced Clean Protein (20g-34g),340,28,16,16,6,10,2,Pure A2 Desi Cow Ghee,YES,YES,YES,YES,NO,Seed Oil Free; Gluten-Free; High Protein; High Fiber; Low Sugar; Millet / Whole Grain,Organic grass-fed cow paneer; charred bell peppers & onions; massaged baby greens; mint-coriander emulsion; roasted flaxseed,28g High-Quality Protein; Pure A2 Desi Cow Ghee; Zero Seed Oils; 6g Dietary Fiber; 100% Gluten-Free,₹247,4.9,204,"Freshly coagulated cow milk paneer lightly blistered in clay tandoor. Low carb, high calcium, zero wheat additives.",11.01275,76.94407
in-coimbatore-641002-5,Coastal Wild Kingfish Tawa Steak,Mojigao Coastal (R.S. Puram),"D.B. Road, R.S. Puram, Coimbatore, Tamil Nadu 641002",Coimbatore,India,641002,Wild Seafood & Coastal,Pescetarian,High Protein (35g-44g),410,44,8,18,4,4,1,Wood-Pressed Virgin Coconut Oil,YES,YES,YES,NO,YES,Seed Oil Free; Gluten-Free; High Protein; High Fiber; Low Sugar; Millet / Whole Grain,Wild-caught coastal kingfish / surmai; freshly ground Malabar pepper; kokum extract; curry leaves; steamed French beans,44g Wild Marine Protein; Wood-Pressed Coconut Oil; Zero Seed Oils; Heart-Healthy Omega 3; 100% Gluten-Free,₹353,4.7,334,"Fresh caught kingfish pan-seared gently in cold-pressed virgin coconut oil with digestive kokum. Zero batter, zero trans-fats.",11.00387,76.96445
in-mysuru-570002-1,Desi Clay Oven Chicken Tikka (Zero Batter),Fabcafe (Gokulam),"10th Cross, Gokulam, Mysuru, Karnataka 570002",Mysuru,India,570002,Clay Oven & Fire Grills,High-Protein Omnivore / Paleo,Super-High Protein (45g+),380,46,12,12,4,8,1,Pure A2 Desi Cow Ghee,YES,YES,YES,YES,NO,Seed Oil Free; Gluten-Free; High Protein; High Fiber; Low Sugar; Millet / Whole Grain,Pasture-raised chicken breast; hung cow milk dahi; Kashmiri degi mirch; roasted ajwain; kassori methi; fresh lemon,46g Clean Protein; Zero Seed Oils; Clay Oven Roasting; Zero Added Sugar; 100% Gluten-Free,₹274,4.9,140,"Boneless chicken breast steeped in hung curd, ginger-garlic, and cold-ground spices. Roasted in traditional clay tandoor without maida or food colors.",12.30025,76.64805
in-mysuru-570002-2,Organic Palak Paneer & Foxtail Millet Khichdi,EatFit Organic (Gokulam),"10th Cross, Gokulam, Mysuru, Karnataka 570002",Mysuru,India,570002,Ancient Millets & Ayurvedic Staples,Vegetarian (Dairy / Pure Ghee),Balanced Clean Protein (20g-34g),390,26,36,14,9,27,4,Pure A2 Desi Cow Ghee,YES,YES,NO,YES,NO,Seed Oil Free; Gluten-Free; High Protein; High Fiber; Low Sugar; Millet / Whole Grain,Sprouted foxtail millet; pure cow milk paneer cubes; slow-simmered spinach purée; roasted jeera; pink Himalayan salt,26g Dairy & Millet Protein; Pure A2 Cow Ghee; Zero Seed Oils; 9g Dietary Fiber; 100% Gluten-Free,₹196,4.8,220,"Prebiotic superfood bowl cooked with mineral-dense foxtail millets and iron-rich baby spinach. Zero refined oils, naturally gluten-free.",12.29172,76.64756
in-mysuru-570002-3,High-Protein Sprouted Moong & Kala Chana Chaat,Healthy Bites (Gokulam),"10th Cross, Gokulam, Mysuru, Karnataka 570002",Mysuru,India,570002,Pulse & Sprouted Legumes,100% Plant-Based / Vegan,Balanced Clean Protein (20g-34g),260,22,32,4,11,21,4,Cold-Pressed Kachi Ghani Mustard Oil,YES,YES,NO,NO,YES,Seed Oil Free; Gluten-Free; High Protein; High Fiber; Low Sugar; Millet / Whole Grain,Sprouted whole green moong; boiled black chana; diced cucumber & tomatoes; pomegranate arils; fresh lime juice; rock salt,22g Clean Pulse Protein; Raw / Cold-Pressed Mustard Oil; Zero Seed Oils; 11g High Fiber; 100% Gluten-Free,₹354,4.7,193,Bioavailable sprouted pulse chaat tossed raw with digestive roasted cumin and cold-pressed Kachi Ghani oil. Zero cooking loss of vitamins.,12.28724,76.65367
in-mysuru-570002-4,Artisanal Cow Milk Paneer Tikka Salad,Greenr Cafe (Gokulam),"10th Cross, Gokulam, Mysuru, Karnataka 570002",Mysuru,India,570002,Salad & Raw Greens,Vegetarian (Dairy / Pure Ghee),Balanced Clean Protein (20g-34g),340,28,16,16,6,10,2,Pure A2 Desi Cow Ghee,YES,YES,YES,YES,NO,Seed Oil Free; Gluten-Free; High Protein; High Fiber; Low Sugar; Millet / Whole Grain,Organic grass-fed cow paneer; charred bell peppers & onions; massaged baby greens; mint-coriander emulsion; roasted flaxseed,28g High-Quality Protein; Pure A2 Desi Cow Ghee; Zero Seed Oils; 6g Dietary Fiber; 100% Gluten-Free,₹330,4.7,345,"Freshly coagulated cow milk paneer lightly blistered in clay tandoor. Low carb, high calcium, zero wheat additives.",12.28901,76.64277
in-mysuru-570002-5,Coastal Wild Kingfish Tawa Steak,Mojigao Coastal (Gokulam),"10th Cross, Gokulam, Mysuru, Karnataka 570002",Mysuru,India,570002,Wild Seafood & Coastal,Pescetarian,High Protein (35g-44g),410,44,8,18,4,4,1,Wood-Pressed Virgin Coconut Oil,YES,YES,YES,NO,YES,Seed Oil Free; Gluten-Free; High Protein; High Fiber; Low Sugar; Millet / Whole Grain,Wild-caught coastal kingfish / surmai; freshly ground Malabar pepper; kokum extract; curry leaves; steamed French beans,44g Wild Marine Protein; Wood-Pressed Coconut Oil; Zero Seed Oils; Heart-Healthy Omega 3; 100% Gluten-Free,₹287,4.7,198,"Fresh caught kingfish pan-seared gently in cold-pressed virgin coconut oil with digestive kokum. Zero batter, zero trans-fats.",12.30783,76.62886
in-visakhapatnam-530003-1,Desi Clay Oven Chicken Tikka (Zero Batter),Fabcafe (Siripuram),"VIP Road, Siripuram, Visakhapatnam, Andhra Pradesh 530003",Visakhapatnam,India,530003,Clay Oven & Fire Grills,High-Protein Omnivore / Paleo,Super-High Protein (45g+),380,46,12,12,4,8,1,Pure A2 Desi Cow Ghee,YES,YES,YES,YES,NO,Seed Oil Free; Gluten-Free; High Protein; High Fiber; Low Sugar; Millet / Whole Grain,Pasture-raised chicken breast; hung cow milk dahi; Kashmiri degi mirch; roasted ajwain; kassori methi; fresh lemon,46g Clean Protein; Zero Seed Oils; Clay Oven Roasting; Zero Added Sugar; 100% Gluten-Free,₹394,4.8,281,"Boneless chicken breast steeped in hung curd, ginger-garlic, and cold-ground spices. Roasted in traditional clay tandoor without maida or food colors.",17.6882,83.21326
in-visakhapatnam-530003-2,Organic Palak Paneer & Foxtail Millet Khichdi,EatFit Organic (Siripuram),"VIP Road, Siripuram, Visakhapatnam, Andhra Pradesh 530003",Visakhapatnam,India,530003,Ancient Millets & Ayurvedic Staples,Vegetarian (Dairy / Pure Ghee),Balanced Clean Protein (20g-34g),390,26,36,14,9,27,4,Pure A2 Desi Cow Ghee,YES,YES,NO,YES,NO,Seed Oil Free; Gluten-Free; High Protein; High Fiber; Low Sugar; Millet / Whole Grain,Sprouted foxtail millet; pure cow milk paneer cubes; slow-simmered spinach purée; roasted jeera; pink Himalayan salt,26g Dairy & Millet Protein; Pure A2 Cow Ghee; Zero Seed Oils; 9g Dietary Fiber; 100% Gluten-Free,₹272,4.8,243,"Prebiotic superfood bowl cooked with mineral-dense foxtail millets and iron-rich baby spinach. Zero refined oils, naturally gluten-free.",17.69294,83.20617
in-visakhapatnam-530003-3,High-Protein Sprouted Moong & Kala Chana Chaat,Healthy Bites (Siripuram),"VIP Road, Siripuram, Visakhapatnam, Andhra Pradesh 530003",Visakhapatnam,India,530003,Pulse & Sprouted Legumes,100% Plant-Based / Vegan,Balanced Clean Protein (20g-34g),260,22,32,4,11,21,4,Cold-Pressed Kachi Ghani Mustard Oil,YES,YES,NO,NO,YES,Seed Oil Free; Gluten-Free; High Protein; High Fiber; Low Sugar; Millet / Whole Grain,Sprouted whole green moong; boiled black chana; diced cucumber & tomatoes; pomegranate arils; fresh lime juice; rock salt,22g Clean Pulse Protein; Raw / Cold-Pressed Mustard Oil; Zero Seed Oils; 11g High Fiber; 100% Gluten-Free,₹295,4.9,358,Bioavailable sprouted pulse chaat tossed raw with digestive roasted cumin and cold-pressed Kachi Ghani oil. Zero cooking loss of vitamins.,17.68288,83.20883
in-visakhapatnam-530003-4,Artisanal Cow Milk Paneer Tikka Salad,Greenr Cafe (Siripuram),"VIP Road, Siripuram, Visakhapatnam, Andhra Pradesh 530003",Visakhapatnam,India,530003,Salad & Raw Greens,Vegetarian (Dairy / Pure Ghee),Balanced Clean Protein (20g-34g),340,28,16,16,6,10,2,Pure A2 Desi Cow Ghee,YES,YES,YES,YES,NO,Seed Oil Free; Gluten-Free; High Protein; High Fiber; Low Sugar; Millet / Whole Grain,Organic grass-fed cow paneer; charred bell peppers & onions; massaged baby greens; mint-coriander emulsion; roasted flaxseed,28g High-Quality Protein; Pure A2 Desi Cow Ghee; Zero Seed Oils; 6g Dietary Fiber; 100% Gluten-Free,₹295,4.9,266,"Freshly coagulated cow milk paneer lightly blistered in clay tandoor. Low carb, high calcium, zero wheat additives.",17.68195,83.22834
in-visakhapatnam-530003-5,Coastal Wild Kingfish Tawa Steak,Mojigao Coastal (Siripuram),"VIP Road, Siripuram, Visakhapatnam, Andhra Pradesh 530003",Visakhapatnam,India,530003,Wild Seafood & Coastal,Pescetarian,High Protein (35g-44g),410,44,8,18,4,4,1,Wood-Pressed Virgin Coconut Oil,YES,YES,YES,NO,YES,Seed Oil Free; Gluten-Free; High Protein; High Fiber; Low Sugar; Millet / Whole Grain,Wild-caught coastal kingfish / surmai; freshly ground Malabar pepper; kokum extract; curry leaves; steamed French beans,44g Wild Marine Protein; Wood-Pressed Coconut Oil; Zero Seed Oils; Heart-Healthy Omega 3; 100% Gluten-Free,₹202,4.8,275,"Fresh caught kingfish pan-seared gently in cold-pressed virgin coconut oil with digestive kokum. Zero batter, zero trans-fats.",17.67565,83.22053
in-mumbai-400050-1,Desi Clay Oven Chicken Tikka (Zero Batter),Fabcafe (Bandra West),"Pali Hill, Bandra West, Mumbai, Maharashtra 400050",Mumbai,India,400050,Clay Oven & Fire Grills,High-Protein Omnivore / Paleo,Super-High Protein (45g+),380,46,12,12,4,8,1,Pure A2 Desi Cow Ghee,YES,YES,YES,YES,NO,Seed Oil Free; Gluten-Free; High Protein; High Fiber; Low Sugar; Millet / Whole Grain,Pasture-raised chicken breast; hung cow milk dahi; Kashmiri degi mirch; roasted ajwain; kassori methi; fresh lemon,46g Clean Protein; Zero Seed Oils; Clay Oven Roasting; Zero Added Sugar; 100% Gluten-Free,₹235,4.7,120,"Boneless chicken breast steeped in hung curd, ginger-garlic, and cold-ground spices. Roasted in traditional clay tandoor without maida or food colors.",19.06462,72.88443
in-mumbai-400050-2,Organic Palak Paneer & Foxtail Millet Khichdi,EatFit Organic (Bandra West),"Pali Hill, Bandra West, Mumbai, Maharashtra 400050",Mumbai,India,400050,Ancient Millets & Ayurvedic Staples,Vegetarian (Dairy / Pure Ghee),Balanced Clean Protein (20g-34g),390,26,36,14,9,27,4,Pure A2 Desi Cow Ghee,YES,YES,NO,YES,NO,Seed Oil Free; Gluten-Free; High Protein; High Fiber; Low Sugar; Millet / Whole Grain,Sprouted foxtail millet; pure cow milk paneer cubes; slow-simmered spinach purée; roasted jeera; pink Himalayan salt,26g Dairy & Millet Protein; Pure A2 Cow Ghee; Zero Seed Oils; 9g Dietary Fiber; 100% Gluten-Free,₹228,4.9,396,"Prebiotic superfood bowl cooked with mineral-dense foxtail millets and iron-rich baby spinach. Zero refined oils, naturally gluten-free.",19.07733,72.87498
in-mumbai-400050-3,High-Protein Sprouted Moong & Kala Chana Chaat,Healthy Bites (Bandra West),"Pali Hill, Bandra West, Mumbai, Maharashtra 400050",Mumbai,India,400050,Pulse & Sprouted Legumes,100% Plant-Based / Vegan,Balanced Clean Protein (20g-34g),260,22,32,4,11,21,4,Cold-Pressed Kachi Ghani Mustard Oil,YES,YES,NO,NO,YES,Seed Oil Free; Gluten-Free; High Protein; High Fiber; Low Sugar; Millet / Whole Grain,Sprouted whole green moong; boiled black chana; diced cucumber & tomatoes; pomegranate arils; fresh lime juice; rock salt,22g Clean Pulse Protein; Raw / Cold-Pressed Mustard Oil; Zero Seed Oils; 11g High Fiber; 100% Gluten-Free,₹280,4.8,242,Bioavailable sprouted pulse chaat tossed raw with digestive roasted cumin and cold-pressed Kachi Ghani oil. Zero cooking loss of vitamins.,19.08452,72.88576
in-mumbai-400050-4,Artisanal Cow Milk Paneer Tikka Salad,Greenr Cafe (Bandra West),"Pali Hill, Bandra West, Mumbai, Maharashtra 400050",Mumbai,India,400050,Salad & Raw Greens,Vegetarian (Dairy / Pure Ghee),Balanced Clean Protein (20g-34g),340,28,16,16,6,10,2,Pure A2 Desi Cow Ghee,YES,YES,YES,YES,NO,Seed Oil Free; Gluten-Free; High Protein; High Fiber; Low Sugar; Millet / Whole Grain,Organic grass-fed cow paneer; charred bell peppers & onions; massaged baby greens; mint-coriander emulsion; roasted flaxseed,28g High-Quality Protein; Pure A2 Desi Cow Ghee; Zero Seed Oils; 6g Dietary Fiber; 100% Gluten-Free,₹345,4.9,220,"Freshly coagulated cow milk paneer lightly blistered in clay tandoor. Low carb, high calcium, zero wheat additives.",19.08853,72.87526
in-mumbai-400050-5,Coastal Wild Kingfish Tawa Steak,Mojigao Coastal (Bandra West),"Pali Hill, Bandra West, Mumbai, Maharashtra 400050",Mumbai,India,400050,Wild Seafood & Coastal,Pescetarian,High Protein (35g-44g),410,44,8,18,4,4,1,Wood-Pressed Virgin Coconut Oil,YES,YES,YES,NO,YES,Seed Oil Free; Gluten-Free; High Protein; High Fiber; Low Sugar; Millet / Whole Grain,Wild-caught coastal kingfish / surmai; freshly ground Malabar pepper; kokum extract; curry leaves; steamed French beans,44g Wild Marine Protein; Wood-Pressed Coconut Oil; Zero Seed Oils; Heart-Healthy Omega 3; 100% Gluten-Free,₹180,4.8,343,"Fresh caught kingfish pan-seared gently in cold-pressed virgin coconut oil with digestive kokum. Zero batter, zero trans-fats.",19.07804,72.86456
in-mumbai-400028-1,Artisanal Cow Milk Paneer Tikka Salad,Greenr Cafe (Dadar West),"Ranade Road, Dadar West, Mumbai, Maharashtra 400028",Mumbai,India,400028,Salad & Raw Greens,Vegetarian (Dairy / Pure Ghee),Balanced Clean Protein (20g-34g),340,28,16,16,6,10,2,Pure A2 Desi Cow Ghee,YES,YES,YES,YES,NO,Seed Oil Free; Gluten-Free; High Protein; High Fiber; Low Sugar; Millet / Whole Grain,Organic grass-fed cow paneer; charred bell peppers & onions; massaged baby greens; mint-coriander emulsion; roasted flaxseed,28g High-Quality Protein; Pure A2 Desi Cow Ghee; Zero Seed Oils; 6g Dietary Fiber; 100% Gluten-Free,₹305,4.8,358,"Freshly coagulated cow milk paneer lightly blistered in clay tandoor. Low carb, high calcium, zero wheat additives.",19.08471,72.87881
in-mumbai-400028-2,Coastal Wild Kingfish Tawa Steak,Mojigao Coastal (Dadar West),"Ranade Road, Dadar West, Mumbai, Maharashtra 400028",Mumbai,India,400028,Wild Seafood & Coastal,Pescetarian,High Protein (35g-44g),410,44,8,18,4,4,1,Wood-Pressed Virgin Coconut Oil,YES,YES,YES,NO,YES,Seed Oil Free; Gluten-Free; High Protein; High Fiber; Low Sugar; Millet / Whole Grain,Wild-caught coastal kingfish / surmai; freshly ground Malabar pepper; kokum extract; curry leaves; steamed French beans,44g Wild Marine Protein; Wood-Pressed Coconut Oil; Zero Seed Oils; Heart-Healthy Omega 3; 100% Gluten-Free,₹350,4.8,92,"Fresh caught kingfish pan-seared gently in cold-pressed virgin coconut oil with digestive kokum. Zero batter, zero trans-fats.",19.08312,72.87103
in-mumbai-400028-3,Jowar Bhakri with Sprouted Matki Usal,Swaad Organic (Dadar West),"Ranade Road, Dadar West, Mumbai, Maharashtra 400028",Mumbai,India,400028,Ancient Millets & Ayurvedic Staples,100% Plant-Based / Vegan,Balanced Clean Protein (20g-34g),320,21,42,6,10,32,5,Pure A2 Desi Cow Ghee,YES,YES,NO,YES,YES,Seed Oil Free; Gluten-Free; High Protein; High Fiber; Low Sugar; Millet / Whole Grain,100% Hand-pressed jowar (sorghum) flour; sprouted dew beans (matki); fresh ginger & garlic; tempered mustard seeds; green chili,21g Plant Protein; Pure A2 Ghee; Zero Seed Oils; 10g Millet Fiber; 100% Gluten-Free,₹194,4.8,311,"Ancient grain sorghum roti hand-patted and puffed on cast-iron tawa, served with enzymatic sprouted dew bean curry. 100% gluten-free.",19.08531,72.87534
in-mumbai-400028-4,Steamed Ragi Mudde with Huruli (Horsegram) Saaru,Karnataka Millets (Dadar West),"Ranade Road, Dadar West, Mumbai, Maharashtra 400028",Mumbai,India,400028,Ancient Millets & Ayurvedic Staples,100% Plant-Based / Vegan,Balanced Clean Protein (20g-34g),290,23,38,4,12,26,5,Pure A2 Desi Cow Ghee,YES,YES,NO,YES,YES,Seed Oil Free; Gluten-Free; High Protein; High Fiber; Low Sugar; Millet / Whole Grain,Finger millet (ragi) whole grain flour; horsegram (kulthi) slow broth; crushed peppercorns; fresh coriander roots; curry leaf tadka,23g High-Protein Broth; Pure A2 Cow Ghee; Zero Seed Oils; 12g High Fiber; 100% Gluten-Free,₹324,4.7,298,Legendary Ayurvedic endurance staple. Steamed mineral-rich ragi ball paired with high-protein horsegram broth. Zero seed oils.,19.08404,72.8865
in-mumbai-400028-5,High-Protein Sattu & Roasted Jeera Buttermilk Bowl,Bihar Sattu & Grain (Dadar West),"Ranade Road, Dadar West, Mumbai, Maharashtra 400028",Mumbai,India,400028,Pulse & Sprouted Legumes,Vegetarian (Dairy / Pure Ghee),Balanced Clean Protein (20g-34g),270,24,30,5,9,21,4,Cold-Pressed Kachi Ghani Mustard Oil,YES,YES,NO,NO,NO,Seed Oil Free; Gluten-Free; High Protein; High Fiber; Low Sugar; Millet / Whole Grain,Toasted Bengal gram (sattu) flour; churned A2 cow milk chaas; finely chopped shallots & green chilies; kala namak; roasted cumin,24g Clean Pulse Protein; Probiotic Chaas; Zero Seed Oils; 9g Prebiotic Fiber; 100% Gluten-Free,₹253,4.9,90,Cooling powerhouse protein meal with roasted chana flour suspended in churned dahi. Extremely low glycemic index and 100% gluten-free.,19.08053,72.86878
in-mumbai-400051-1,Steamed Ragi Mudde with Huruli (Horsegram) Saaru,Karnataka Millets (BKC),"G-Block, Bandra Kurla Complex, Mumbai, Maharashtra 400051",Mumbai,India,400051,Ancient Millets & Ayurvedic Staples,100% Plant-Based / Vegan,Balanced Clean Protein (20g-34g),290,23,38,4,12,26,5,Pure A2 Desi Cow Ghee,YES,YES,NO,YES,YES,Seed Oil Free; Gluten-Free; High Protein; High Fiber; Low Sugar; Millet / Whole Grain,Finger millet (ragi) whole grain flour; horsegram (kulthi) slow broth; crushed peppercorns; fresh coriander roots; curry leaf tadka,23g High-Protein Broth; Pure A2 Cow Ghee; Zero Seed Oils; 12g High Fiber; 100% Gluten-Free,₹297,4.8,139,Legendary Ayurvedic endurance staple. Steamed mineral-rich ragi ball paired with high-protein horsegram broth. Zero seed oils.,19.07671,72.87969
in-mumbai-400051-2,High-Protein Sattu & Roasted Jeera Buttermilk Bowl,Bihar Sattu & Grain (BKC),"G-Block, Bandra Kurla Complex, Mumbai, Maharashtra 400051",Mumbai,India,400051,Pulse & Sprouted Legumes,Vegetarian (Dairy / Pure Ghee),Balanced Clean Protein (20g-34g),270,24,30,5,9,21,4,Cold-Pressed Kachi Ghani Mustard Oil,YES,YES,NO,NO,NO,Seed Oil Free; Gluten-Free; High Protein; High Fiber; Low Sugar; Millet / Whole Grain,Toasted Bengal gram (sattu) flour; churned A2 cow milk chaas; finely chopped shallots & green chilies; kala namak; roasted cumin,24g Clean Pulse Protein; Probiotic Chaas; Zero Seed Oils; 9g Prebiotic Fiber; 100% Gluten-Free,₹317,4.8,256,Cooling powerhouse protein meal with roasted chana flour suspended in churned dahi. Extremely low glycemic index and 100% gluten-free.,19.07444,72.88414
in-mumbai-400051-3,Desi Clay Oven Chicken Tikka (Zero Batter),Fabcafe (BKC),"G-Block, Bandra Kurla Complex, Mumbai, Maharashtra 400051",Mumbai,India,400051,Clay Oven & Fire Grills,High-Protein Omnivore / Paleo,Super-High Protein (45g+),380,46,12,12,4,8,1,Pure A2 Desi Cow Ghee,YES,YES,YES,YES,NO,Seed Oil Free; Gluten-Free; High Protein; High Fiber; Low Sugar; Millet / Whole Grain,Pasture-raised chicken breast; hung cow milk dahi; Kashmiri degi mirch; roasted ajwain; kassori methi; fresh lemon,46g Clean Protein; Zero Seed Oils; Clay Oven Roasting; Zero Added Sugar; 100% Gluten-Free,₹331,4.9,224,"Boneless chicken breast steeped in hung curd, ginger-garlic, and cold-ground spices. Roasted in traditional clay tandoor without maida or food colors.",19.08111,72.87565
in-mumbai-400051-4,Organic Palak Paneer & Foxtail Millet Khichdi,EatFit Organic (BKC),"G-Block, Bandra Kurla Complex, Mumbai, Maharashtra 400051",Mumbai,India,400051,Ancient Millets & Ayurvedic Staples,Vegetarian (Dairy / Pure Ghee),Balanced Clean Protein (20g-34g),390,26,36,14,9,27,4,Pure A2 Desi Cow Ghee,YES,YES,NO,YES,NO,Seed Oil Free; Gluten-Free; High Protein; High Fiber; Low Sugar; Millet / Whole Grain,Sprouted foxtail millet; pure cow milk paneer cubes; slow-simmered spinach purée; roasted jeera; pink Himalayan salt,26g Dairy & Millet Protein; Pure A2 Cow Ghee; Zero Seed Oils; 9g Dietary Fiber; 100% Gluten-Free,₹393,4.8,158,"Prebiotic superfood bowl cooked with mineral-dense foxtail millets and iron-rich baby spinach. Zero refined oils, naturally gluten-free.",19.08594,72.87445
in-mumbai-400051-5,High-Protein Sprouted Moong & Kala Chana Chaat,Healthy Bites (BKC),"G-Block, Bandra Kurla Complex, Mumbai, Maharashtra 400051",Mumbai,India,400051,Pulse & Sprouted Legumes,100% Plant-Based / Vegan,Balanced Clean Protein (20g-34g),260,22,32,4,11,21,4,Cold-Pressed Kachi Ghani Mustard Oil,YES,YES,NO,NO,YES,Seed Oil Free; Gluten-Free; High Protein; High Fiber; Low Sugar; Millet / Whole Grain,Sprouted whole green moong; boiled black chana; diced cucumber & tomatoes; pomegranate arils; fresh lime juice; rock salt,22g Clean Pulse Protein; Raw / Cold-Pressed Mustard Oil; Zero Seed Oils; 11g High Fiber; 100% Gluten-Free,₹289,4.8,386,Bioavailable sprouted pulse chaat tossed raw with digestive roasted cumin and cold-pressed Kachi Ghani oil. Zero cooking loss of vitamins.,19.07292,72.87519
in-mumbai-400001-1,Organic Palak Paneer & Foxtail Millet Khichdi,EatFit Organic (Fort / Colaba),"Kala Ghoda, Fort, Mumbai, Maharashtra 400001",Mumbai,India,400001,Ancient Millets & Ayurvedic Staples,Vegetarian (Dairy / Pure Ghee),Balanced Clean Protein (20g-34g),390,26,36,14,9,27,4,Pure A2 Desi Cow Ghee,YES,YES,NO,YES,NO,Seed Oil Free; Gluten-Free; High Protein; High Fiber; Low Sugar; Millet / Whole Grain,Sprouted foxtail millet; pure cow milk paneer cubes; slow-simmered spinach purée; roasted jeera; pink Himalayan salt,26g Dairy & Millet Protein; Pure A2 Cow Ghee; Zero Seed Oils; 9g Dietary Fiber; 100% Gluten-Free,₹213,4.7,175,"Prebiotic superfood bowl cooked with mineral-dense foxtail millets and iron-rich baby spinach. Zero refined oils, naturally gluten-free.",19.08737,72.86503
in-mumbai-400001-2,High-Protein Sprouted Moong & Kala Chana Chaat,Healthy Bites (Fort / Colaba),"Kala Ghoda, Fort, Mumbai, Maharashtra 400001",Mumbai,India,400001,Pulse & Sprouted Legumes,100% Plant-Based / Vegan,Balanced Clean Protein (20g-34g),260,22,32,4,11,21,4,Cold-Pressed Kachi Ghani Mustard Oil,YES,YES,NO,NO,YES,Seed Oil Free; Gluten-Free; High Protein; High Fiber; Low Sugar; Millet / Whole Grain,Sprouted whole green moong; boiled black chana; diced cucumber & tomatoes; pomegranate arils; fresh lime juice; rock salt,22g Clean Pulse Protein; Raw / Cold-Pressed Mustard Oil; Zero Seed Oils; 11g High Fiber; 100% Gluten-Free,₹344,4.7,113,Bioavailable sprouted pulse chaat tossed raw with digestive roasted cumin and cold-pressed Kachi Ghani oil. Zero cooking loss of vitamins.,19.08257,72.88935
in-mumbai-400001-3,Artisanal Cow Milk Paneer Tikka Salad,Greenr Cafe (Fort / Colaba),"Kala Ghoda, Fort, Mumbai, Maharashtra 400001",Mumbai,India,400001,Salad & Raw Greens,Vegetarian (Dairy / Pure Ghee),Balanced Clean Protein (20g-34g),340,28,16,16,6,10,2,Pure A2 Desi Cow Ghee,YES,YES,YES,YES,NO,Seed Oil Free; Gluten-Free; High Protein; High Fiber; Low Sugar; Millet / Whole Grain,Organic grass-fed cow paneer; charred bell peppers & onions; massaged baby greens; mint-coriander emulsion; roasted flaxseed,28g High-Quality Protein; Pure A2 Desi Cow Ghee; Zero Seed Oils; 6g Dietary Fiber; 100% Gluten-Free,₹326,4.9,307,"Freshly coagulated cow milk paneer lightly blistered in clay tandoor. Low carb, high calcium, zero wheat additives.",19.07619,72.86972
in-mumbai-400001-4,Coastal Wild Kingfish Tawa Steak,Mojigao Coastal (Fort / Colaba),"Kala Ghoda, Fort, Mumbai, Maharashtra 400001",Mumbai,India,400001,Wild Seafood & Coastal,Pescetarian,High Protein (35g-44g),410,44,8,18,4,4,1,Wood-Pressed Virgin Coconut Oil,YES,YES,YES,NO,YES,Seed Oil Free; Gluten-Free; High Protein; High Fiber; Low Sugar; Millet / Whole Grain,Wild-caught coastal kingfish / surmai; freshly ground Malabar pepper; kokum extract; curry leaves; steamed French beans,44g Wild Marine Protein; Wood-Pressed Coconut Oil; Zero Seed Oils; Heart-Healthy Omega 3; 100% Gluten-Free,₹269,4.8,99,"Fresh caught kingfish pan-seared gently in cold-pressed virgin coconut oil with digestive kokum. Zero batter, zero trans-fats.",19.08067,72.8702
in-mumbai-400001-5,Jowar Bhakri with Sprouted Matki Usal,Swaad Organic (Fort / Colaba),"Kala Ghoda, Fort, Mumbai, Maharashtra 400001",Mumbai,India,400001,Ancient Millets & Ayurvedic Staples,100% Plant-Based / Vegan,Balanced Clean Protein (20g-34g),320,21,42,6,10,32,5,Pure A2 Desi Cow Ghee,YES,YES,NO,YES,YES,Seed Oil Free; Gluten-Free; High Protein; High Fiber; Low Sugar; Millet / Whole Grain,100% Hand-pressed jowar (sorghum) flour; sprouted dew beans (matki); fresh ginger & garlic; tempered mustard seeds; green chili,21g Plant Protein; Pure A2 Ghee; Zero Seed Oils; 10g Millet Fiber; 100% Gluten-Free,₹393,4.9,321,"Ancient grain sorghum roti hand-patted and puffed on cast-iron tawa, served with enzymatic sprouted dew bean curry. 100% gluten-free.",19.06546,72.87761
in-pune-411001-1,Desi Clay Oven Chicken Tikka (Zero Batter),Fabcafe (Koregaon Park),"North Main Road, Koregaon Park, Pune, Maharashtra 411001",Pune,India,411001,Clay Oven & Fire Grills,High-Protein Omnivore / Paleo,Super-High Protein (45g+),380,46,12,12,4,8,1,Pure A2 Desi Cow Ghee,YES,YES,YES,YES,NO,Seed Oil Free; Gluten-Free; High Protein; High Fiber; Low Sugar; Millet / Whole Grain,Pasture-raised chicken breast; hung cow milk dahi; Kashmiri degi mirch; roasted ajwain; kassori methi; fresh lemon,46g Clean Protein; Zero Seed Oils; Clay Oven Roasting; Zero Added Sugar; 100% Gluten-Free,₹396,4.8,365,"Boneless chicken breast steeped in hung curd, ginger-garlic, and cold-ground spices. Roasted in traditional clay tandoor without maida or food colors.",18.51055,73.84967
in-pune-411001-2,Organic Palak Paneer & Foxtail Millet Khichdi,EatFit Organic (Koregaon Park),"North Main Road, Koregaon Park, Pune, Maharashtra 411001",Pune,India,411001,Ancient Millets & Ayurvedic Staples,Vegetarian (Dairy / Pure Ghee),Balanced Clean Protein (20g-34g),390,26,36,14,9,27,4,Pure A2 Desi Cow Ghee,YES,YES,NO,YES,NO,Seed Oil Free; Gluten-Free; High Protein; High Fiber; Low Sugar; Millet / Whole Grain,Sprouted foxtail millet; pure cow milk paneer cubes; slow-simmered spinach purée; roasted jeera; pink Himalayan salt,26g Dairy & Millet Protein; Pure A2 Cow Ghee; Zero Seed Oils; 9g Dietary Fiber; 100% Gluten-Free,₹240,4.8,251,"Prebiotic superfood bowl cooked with mineral-dense foxtail millets and iron-rich baby spinach. Zero refined oils, naturally gluten-free.",18.53476,73.8564
in-pune-411001-3,High-Protein Sprouted Moong & Kala Chana Chaat,Healthy Bites (Koregaon Park),"North Main Road, Koregaon Park, Pune, Maharashtra 411001",Pune,India,411001,Pulse & Sprouted Legumes,100% Plant-Based / Vegan,Balanced Clean Protein (20g-34g),260,22,32,4,11,21,4,Cold-Pressed Kachi Ghani Mustard Oil,YES,YES,NO,NO,YES,Seed Oil Free; Gluten-Free; High Protein; High Fiber; Low Sugar; Millet / Whole Grain,Sprouted whole green moong; boiled black chana; diced cucumber & tomatoes; pomegranate arils; fresh lime juice; rock salt,22g Clean Pulse Protein; Raw / Cold-Pressed Mustard Oil; Zero Seed Oils; 11g High Fiber; 100% Gluten-Free,₹311,4.8,112,Bioavailable sprouted pulse chaat tossed raw with digestive roasted cumin and cold-pressed Kachi Ghani oil. Zero cooking loss of vitamins.,18.50543,73.87033
in-pune-411001-4,Artisanal Cow Milk Paneer Tikka Salad,Greenr Cafe (Koregaon Park),"North Main Road, Koregaon Park, Pune, Maharashtra 411001",Pune,India,411001,Salad & Raw Greens,Vegetarian (Dairy / Pure Ghee),Balanced Clean Protein (20g-34g),340,28,16,16,6,10,2,Pure A2 Desi Cow Ghee,YES,YES,YES,YES,NO,Seed Oil Free; Gluten-Free; High Protein; High Fiber; Low Sugar; Millet / Whole Grain,Organic grass-fed cow paneer; charred bell peppers & onions; massaged baby greens; mint-coriander emulsion; roasted flaxseed,28g High-Quality Protein; Pure A2 Desi Cow Ghee; Zero Seed Oils; 6g Dietary Fiber; 100% Gluten-Free,₹185,4.8,237,"Freshly coagulated cow milk paneer lightly blistered in clay tandoor. Low carb, high calcium, zero wheat additives.",18.52022,73.8677
in-pune-411001-5,Coastal Wild Kingfish Tawa Steak,Mojigao Coastal (Koregaon Park),"North Main Road, Koregaon Park, Pune, Maharashtra 411001",Pune,India,411001,Wild Seafood & Coastal,Pescetarian,High Protein (35g-44g),410,44,8,18,4,4,1,Wood-Pressed Virgin Coconut Oil,YES,YES,YES,NO,YES,Seed Oil Free; Gluten-Free; High Protein; High Fiber; Low Sugar; Millet / Whole Grain,Wild-caught coastal kingfish / surmai; freshly ground Malabar pepper; kokum extract; curry leaves; steamed French beans,44g Wild Marine Protein; Wood-Pressed Coconut Oil; Zero Seed Oils; Heart-Healthy Omega 3; 100% Gluten-Free,₹279,4.8,179,"Fresh caught kingfish pan-seared gently in cold-pressed virgin coconut oil with digestive kokum. Zero batter, zero trans-fats.",18.50985,73.87104
in-pune-411030-1,Artisanal Cow Milk Paneer Tikka Salad,Greenr Cafe (Tulsi Baug / Sadashiv Peth),"Tulsi Baug Market, Pune, Maharashtra 411030",Pune,India,411030,Salad & Raw Greens,Vegetarian (Dairy / Pure Ghee),Balanced Clean Protein (20g-34g),340,28,16,16,6,10,2,Pure A2 Desi Cow Ghee,YES,YES,YES,YES,NO,Seed Oil Free; Gluten-Free; High Protein; High Fiber; Low Sugar; Millet / Whole Grain,Organic grass-fed cow paneer; charred bell peppers & onions; massaged baby greens; mint-coriander emulsion; roasted flaxseed,28g High-Quality Protein; Pure A2 Desi Cow Ghee; Zero Seed Oils; 6g Dietary Fiber; 100% Gluten-Free,₹238,4.9,131,"Freshly coagulated cow milk paneer lightly blistered in clay tandoor. Low carb, high calcium, zero wheat additives.",18.51544,73.85044
in-pune-411030-2,Coastal Wild Kingfish Tawa Steak,Mojigao Coastal (Tulsi Baug / Sadashiv Peth),"Tulsi Baug Market, Pune, Maharashtra 411030",Pune,India,411030,Wild Seafood & Coastal,Pescetarian,High Protein (35g-44g),410,44,8,18,4,4,1,Wood-Pressed Virgin Coconut Oil,YES,YES,YES,NO,YES,Seed Oil Free; Gluten-Free; High Protein; High Fiber; Low Sugar; Millet / Whole Grain,Wild-caught coastal kingfish / surmai; freshly ground Malabar pepper; kokum extract; curry leaves; steamed French beans,44g Wild Marine Protein; Wood-Pressed Coconut Oil; Zero Seed Oils; Heart-Healthy Omega 3; 100% Gluten-Free,₹314,4.8,105,"Fresh caught kingfish pan-seared gently in cold-pressed virgin coconut oil with digestive kokum. Zero batter, zero trans-fats.",18.52668,73.85069
in-pune-411030-3,Jowar Bhakri with Sprouted Matki Usal,Swaad Organic (Tulsi Baug / Sadashiv Peth),"Tulsi Baug Market, Pune, Maharashtra 411030",Pune,India,411030,Ancient Millets & Ayurvedic Staples,100% Plant-Based / Vegan,Balanced Clean Protein (20g-34g),320,21,42,6,10,32,5,Pure A2 Desi Cow Ghee,YES,YES,NO,YES,YES,Seed Oil Free; Gluten-Free; High Protein; High Fiber; Low Sugar; Millet / Whole Grain,100% Hand-pressed jowar (sorghum) flour; sprouted dew beans (matki); fresh ginger & garlic; tempered mustard seeds; green chili,21g Plant Protein; Pure A2 Ghee; Zero Seed Oils; 10g Millet Fiber; 100% Gluten-Free,₹297,4.9,163,"Ancient grain sorghum roti hand-patted and puffed on cast-iron tawa, served with enzymatic sprouted dew bean curry. 100% gluten-free.",18.52208,73.84935
in-pune-411030-4,Steamed Ragi Mudde with Huruli (Horsegram) Saaru,Karnataka Millets (Tulsi Baug / Sadashiv Peth),"Tulsi Baug Market, Pune, Maharashtra 411030",Pune,India,411030,Ancient Millets & Ayurvedic Staples,100% Plant-Based / Vegan,Balanced Clean Protein (20g-34g),290,23,38,4,12,26,5,Pure A2 Desi Cow Ghee,YES,YES,NO,YES,YES,Seed Oil Free; Gluten-Free; High Protein; High Fiber; Low Sugar; Millet / Whole Grain,Finger millet (ragi) whole grain flour; horsegram (kulthi) slow broth; crushed peppercorns; fresh coriander roots; curry leaf tadka,23g High-Protein Broth; Pure A2 Cow Ghee; Zero Seed Oils; 12g High Fiber; 100% Gluten-Free,₹181,4.9,361,Legendary Ayurvedic endurance staple. Steamed mineral-rich ragi ball paired with high-protein horsegram broth. Zero seed oils.,18.51405,73.86867
in-pune-411030-5,High-Protein Sattu & Roasted Jeera Buttermilk Bowl,Bihar Sattu & Grain (Tulsi Baug / Sadashiv Peth),"Tulsi Baug Market, Pune, Maharashtra 411030",Pune,India,411030,Pulse & Sprouted Legumes,Vegetarian (Dairy / Pure Ghee),Balanced Clean Protein (20g-34g),270,24,30,5,9,21,4,Cold-Pressed Kachi Ghani Mustard Oil,YES,YES,NO,NO,NO,Seed Oil Free; Gluten-Free; High Protein; High Fiber; Low Sugar; Millet / Whole Grain,Toasted Bengal gram (sattu) flour; churned A2 cow milk chaas; finely chopped shallots & green chilies; kala namak; roasted cumin,24g Clean Pulse Protein; Probiotic Chaas; Zero Seed Oils; 9g Prebiotic Fiber; 100% Gluten-Free,₹397,4.9,85,Cooling powerhouse protein meal with roasted chana flour suspended in churned dahi. Extremely low glycemic index and 100% gluten-free.,18.51804,73.84315
in-pune-411006-1,Steamed Ragi Mudde with Huruli (Horsegram) Saaru,Karnataka Millets (Viman Nagar),"Phoenix Marketcity Area, Pune, Maharashtra 411006",Pune,India,411006,Ancient Millets & Ayurvedic Staples,100% Plant-Based / Vegan,Balanced Clean Protein (20g-34g),290,23,38,4,12,26,5,Pure A2 Desi Cow Ghee,YES,YES,NO,YES,YES,Seed Oil Free; Gluten-Free; High Protein; High Fiber; Low Sugar; Millet / Whole Grain,Finger millet (ragi) whole grain flour; horsegram (kulthi) slow broth; crushed peppercorns; fresh coriander roots; curry leaf tadka,23g High-Protein Broth; Pure A2 Cow Ghee; Zero Seed Oils; 12g High Fiber; 100% Gluten-Free,₹214,4.7,119,Legendary Ayurvedic endurance staple. Steamed mineral-rich ragi ball paired with high-protein horsegram broth. Zero seed oils.,18.52615,73.85367
in-pune-411006-2,High-Protein Sattu & Roasted Jeera Buttermilk Bowl,Bihar Sattu & Grain (Viman Nagar),"Phoenix Marketcity Area, Pune, Maharashtra 411006",Pune,India,411006,Pulse & Sprouted Legumes,Vegetarian (Dairy / Pure Ghee),Balanced Clean Protein (20g-34g),270,24,30,5,9,21,4,Cold-Pressed Kachi Ghani Mustard Oil,YES,YES,NO,NO,NO,Seed Oil Free; Gluten-Free; High Protein; High Fiber; Low Sugar; Millet / Whole Grain,Toasted Bengal gram (sattu) flour; churned A2 cow milk chaas; finely chopped shallots & green chilies; kala namak; roasted cumin,24g Clean Pulse Protein; Probiotic Chaas; Zero Seed Oils; 9g Prebiotic Fiber; 100% Gluten-Free,₹193,4.9,326,Cooling powerhouse protein meal with roasted chana flour suspended in churned dahi. Extremely low glycemic index and 100% gluten-free.,18.5339,73.84583
in-pune-411006-3,Desi Clay Oven Chicken Tikka (Zero Batter),Fabcafe (Viman Nagar),"Phoenix Marketcity Area, Pune, Maharashtra 411006",Pune,India,411006,Clay Oven & Fire Grills,High-Protein Omnivore / Paleo,Super-High Protein (45g+),380,46,12,12,4,8,1,Pure A2 Desi Cow Ghee,YES,YES,YES,YES,NO,Seed Oil Free; Gluten-Free; High Protein; High Fiber; Low Sugar; Millet / Whole Grain,Pasture-raised chicken breast; hung cow milk dahi; Kashmiri degi mirch; roasted ajwain; kassori methi; fresh lemon,46g Clean Protein; Zero Seed Oils; Clay Oven Roasting; Zero Added Sugar; 100% Gluten-Free,₹349,4.9,232,"Boneless chicken breast steeped in hung curd, ginger-garlic, and cold-ground spices. Roasted in traditional clay tandoor without maida or food colors.",18.50593,73.84388
in-pune-411006-4,Organic Palak Paneer & Foxtail Millet Khichdi,EatFit Organic (Viman Nagar),"Phoenix Marketcity Area, Pune, Maharashtra 411006",Pune,India,411006,Ancient Millets & Ayurvedic Staples,Vegetarian (Dairy / Pure Ghee),Balanced Clean Protein (20g-34g),390,26,36,14,9,27,4,Pure A2 Desi Cow Ghee,YES,YES,NO,YES,NO,Seed Oil Free; Gluten-Free; High Protein; High Fiber; Low Sugar; Millet / Whole Grain,Sprouted foxtail millet; pure cow milk paneer cubes; slow-simmered spinach purée; roasted jeera; pink Himalayan salt,26g Dairy & Millet Protein; Pure A2 Cow Ghee; Zero Seed Oils; 9g Dietary Fiber; 100% Gluten-Free,₹233,4.8,388,"Prebiotic superfood bowl cooked with mineral-dense foxtail millets and iron-rich baby spinach. Zero refined oils, naturally gluten-free.",18.52684,73.86642
in-pune-411006-5,High-Protein Sprouted Moong & Kala Chana Chaat,Healthy Bites (Viman Nagar),"Phoenix Marketcity Area, Pune, Maharashtra 411006",Pune,India,411006,Pulse & Sprouted Legumes,100% Plant-Based / Vegan,Balanced Clean Protein (20g-34g),260,22,32,4,11,21,4,Cold-Pressed Kachi Ghani Mustard Oil,YES,YES,NO,NO,YES,Seed Oil Free; Gluten-Free; High Protein; High Fiber; Low Sugar; Millet / Whole Grain,Sprouted whole green moong; boiled black chana; diced cucumber & tomatoes; pomegranate arils; fresh lime juice; rock salt,22g Clean Pulse Protein; Raw / Cold-Pressed Mustard Oil; Zero Seed Oils; 11g High Fiber; 100% Gluten-Free,₹244,4.8,261,Bioavailable sprouted pulse chaat tossed raw with digestive roasted cumin and cold-pressed Kachi Ghani oil. Zero cooking loss of vitamins.,18.53295,73.8469
in-ahmedabad-380001-1,Desi Clay Oven Chicken Tikka (Zero Batter),Fabcafe (Manek Chowk),"Manek Chowk Heritage Market, Ahmedabad, Gujarat 380001",Ahmedabad,India,380001,Clay Oven & Fire Grills,High-Protein Omnivore / Paleo,Super-High Protein (45g+),380,46,12,12,4,8,1,Pure A2 Desi Cow Ghee,YES,YES,YES,YES,NO,Seed Oil Free; Gluten-Free; High Protein; High Fiber; Low Sugar; Millet / Whole Grain,Pasture-raised chicken breast; hung cow milk dahi; Kashmiri degi mirch; roasted ajwain; kassori methi; fresh lemon,46g Clean Protein; Zero Seed Oils; Clay Oven Roasting; Zero Added Sugar; 100% Gluten-Free,₹361,4.8,357,"Boneless chicken breast steeped in hung curd, ginger-garlic, and cold-ground spices. Roasted in traditional clay tandoor without maida or food colors.",23.01737,72.58606
in-ahmedabad-380001-2,Organic Palak Paneer & Foxtail Millet Khichdi,EatFit Organic (Manek Chowk),"Manek Chowk Heritage Market, Ahmedabad, Gujarat 380001",Ahmedabad,India,380001,Ancient Millets & Ayurvedic Staples,Vegetarian (Dairy / Pure Ghee),Balanced Clean Protein (20g-34g),390,26,36,14,9,27,4,Pure A2 Desi Cow Ghee,YES,YES,NO,YES,NO,Seed Oil Free; Gluten-Free; High Protein; High Fiber; Low Sugar; Millet / Whole Grain,Sprouted foxtail millet; pure cow milk paneer cubes; slow-simmered spinach purée; roasted jeera; pink Himalayan salt,26g Dairy & Millet Protein; Pure A2 Cow Ghee; Zero Seed Oils; 9g Dietary Fiber; 100% Gluten-Free,₹212,4.8,313,"Prebiotic superfood bowl cooked with mineral-dense foxtail millets and iron-rich baby spinach. Zero refined oils, naturally gluten-free.",23.0282,72.56648
in-ahmedabad-380001-3,High-Protein Sprouted Moong & Kala Chana Chaat,Healthy Bites (Manek Chowk),"Manek Chowk Heritage Market, Ahmedabad, Gujarat 380001",Ahmedabad,India,380001,Pulse & Sprouted Legumes,100% Plant-Based / Vegan,Balanced Clean Protein (20g-34g),260,22,32,4,11,21,4,Cold-Pressed Kachi Ghani Mustard Oil,YES,YES,NO,NO,YES,Seed Oil Free; Gluten-Free; High Protein; High Fiber; Low Sugar; Millet / Whole Grain,Sprouted whole green moong; boiled black chana; diced cucumber & tomatoes; pomegranate arils; fresh lime juice; rock salt,22g Clean Pulse Protein; Raw / Cold-Pressed Mustard Oil; Zero Seed Oils; 11g High Fiber; 100% Gluten-Free,₹335,4.7,179,Bioavailable sprouted pulse chaat tossed raw with digestive roasted cumin and cold-pressed Kachi Ghani oil. Zero cooking loss of vitamins.,23.01654,72.57159
in-ahmedabad-380001-4,Artisanal Cow Milk Paneer Tikka Salad,Greenr Cafe (Manek Chowk),"Manek Chowk Heritage Market, Ahmedabad, Gujarat 380001",Ahmedabad,India,380001,Salad & Raw Greens,Vegetarian (Dairy / Pure Ghee),Balanced Clean Protein (20g-34g),340,28,16,16,6,10,2,Pure A2 Desi Cow Ghee,YES,YES,YES,YES,NO,Seed Oil Free; Gluten-Free; High Protein; High Fiber; Low Sugar; Millet / Whole Grain,Organic grass-fed cow paneer; charred bell peppers & onions; massaged baby greens; mint-coriander emulsion; roasted flaxseed,28g High-Quality Protein; Pure A2 Desi Cow Ghee; Zero Seed Oils; 6g Dietary Fiber; 100% Gluten-Free,₹221,4.7,361,"Freshly coagulated cow milk paneer lightly blistered in clay tandoor. Low carb, high calcium, zero wheat additives.",23.01316,72.58141
in-ahmedabad-380001-5,Coastal Wild Kingfish Tawa Steak,Mojigao Coastal (Manek Chowk),"Manek Chowk Heritage Market, Ahmedabad, Gujarat 380001",Ahmedabad,India,380001,Wild Seafood & Coastal,Pescetarian,High Protein (35g-44g),410,44,8,18,4,4,1,Wood-Pressed Virgin Coconut Oil,YES,YES,YES,NO,YES,Seed Oil Free; Gluten-Free; High Protein; High Fiber; Low Sugar; Millet / Whole Grain,Wild-caught coastal kingfish / surmai; freshly ground Malabar pepper; kokum extract; curry leaves; steamed French beans,44g Wild Marine Protein; Wood-Pressed Coconut Oil; Zero Seed Oils; Heart-Healthy Omega 3; 100% Gluten-Free,₹271,4.8,307,"Fresh caught kingfish pan-seared gently in cold-pressed virgin coconut oil with digestive kokum. Zero batter, zero trans-fats.",23.00796,72.56409
in-ahmedabad-380054-1,Artisanal Cow Milk Paneer Tikka Salad,Greenr Cafe (Bodakdev / SG Highway),"Sindhu Bhavan Road, Bodakdev, Ahmedabad, Gujarat 380054",Ahmedabad,India,380054,Salad & Raw Greens,Vegetarian (Dairy / Pure Ghee),Balanced Clean Protein (20g-34g),340,28,16,16,6,10,2,Pure A2 Desi Cow Ghee,YES,YES,YES,YES,NO,Seed Oil Free; Gluten-Free; High Protein; High Fiber; Low Sugar; Millet / Whole Grain,Organic grass-fed cow paneer; charred bell peppers & onions; massaged baby greens; mint-coriander emulsion; roasted flaxseed,28g High-Quality Protein; Pure A2 Desi Cow Ghee; Zero Seed Oils; 6g Dietary Fiber; 100% Gluten-Free,₹378,4.9,281,"Freshly coagulated cow milk paneer lightly blistered in clay tandoor. Low carb, high calcium, zero wheat additives.",23.02625,72.56961
in-ahmedabad-380054-2,Coastal Wild Kingfish Tawa Steak,Mojigao Coastal (Bodakdev / SG Highway),"Sindhu Bhavan Road, Bodakdev, Ahmedabad, Gujarat 380054",Ahmedabad,India,380054,Wild Seafood & Coastal,Pescetarian,High Protein (35g-44g),410,44,8,18,4,4,1,Wood-Pressed Virgin Coconut Oil,YES,YES,YES,NO,YES,Seed Oil Free; Gluten-Free; High Protein; High Fiber; Low Sugar; Millet / Whole Grain,Wild-caught coastal kingfish / surmai; freshly ground Malabar pepper; kokum extract; curry leaves; steamed French beans,44g Wild Marine Protein; Wood-Pressed Coconut Oil; Zero Seed Oils; Heart-Healthy Omega 3; 100% Gluten-Free,₹212,4.9,355,"Fresh caught kingfish pan-seared gently in cold-pressed virgin coconut oil with digestive kokum. Zero batter, zero trans-fats.",23.03296,72.56494
in-ahmedabad-380054-3,Jowar Bhakri with Sprouted Matki Usal,Swaad Organic (Bodakdev / SG Highway),"Sindhu Bhavan Road, Bodakdev, Ahmedabad, Gujarat 380054",Ahmedabad,India,380054,Ancient Millets & Ayurvedic Staples,100% Plant-Based / Vegan,Balanced Clean Protein (20g-34g),320,21,42,6,10,32,5,Pure A2 Desi Cow Ghee,YES,YES,NO,YES,YES,Seed Oil Free; Gluten-Free; High Protein; High Fiber; Low Sugar; Millet / Whole Grain,100% Hand-pressed jowar (sorghum) flour; sprouted dew beans (matki); fresh ginger & garlic; tempered mustard seeds; green chili,21g Plant Protein; Pure A2 Ghee; Zero Seed Oils; 10g Millet Fiber; 100% Gluten-Free,₹326,4.7,86,"Ancient grain sorghum roti hand-patted and puffed on cast-iron tawa, served with enzymatic sprouted dew bean curry. 100% gluten-free.",23.03119,72.57014
in-ahmedabad-380054-4,Steamed Ragi Mudde with Huruli (Horsegram) Saaru,Karnataka Millets (Bodakdev / SG Highway),"Sindhu Bhavan Road, Bodakdev, Ahmedabad, Gujarat 380054",Ahmedabad,India,380054,Ancient Millets & Ayurvedic Staples,100% Plant-Based / Vegan,Balanced Clean Protein (20g-34g),290,23,38,4,12,26,5,Pure A2 Desi Cow Ghee,YES,YES,NO,YES,YES,Seed Oil Free; Gluten-Free; High Protein; High Fiber; Low Sugar; Millet / Whole Grain,Finger millet (ragi) whole grain flour; horsegram (kulthi) slow broth; crushed peppercorns; fresh coriander roots; curry leaf tadka,23g High-Protein Broth; Pure A2 Cow Ghee; Zero Seed Oils; 12g High Fiber; 100% Gluten-Free,₹258,4.7,108,Legendary Ayurvedic endurance staple. Steamed mineral-rich ragi ball paired with high-protein horsegram broth. Zero seed oils.,23.03586,72.58088
in-ahmedabad-380054-5,High-Protein Sattu & Roasted Jeera Buttermilk Bowl,Bihar Sattu & Grain (Bodakdev / SG Highway),"Sindhu Bhavan Road, Bodakdev, Ahmedabad, Gujarat 380054",Ahmedabad,India,380054,Pulse & Sprouted Legumes,Vegetarian (Dairy / Pure Ghee),Balanced Clean Protein (20g-34g),270,24,30,5,9,21,4,Cold-Pressed Kachi Ghani Mustard Oil,YES,YES,NO,NO,NO,Seed Oil Free; Gluten-Free; High Protein; High Fiber; Low Sugar; Millet / Whole Grain,Toasted Bengal gram (sattu) flour; churned A2 cow milk chaas; finely chopped shallots & green chilies; kala namak; roasted cumin,24g Clean Pulse Protein; Probiotic Chaas; Zero Seed Oils; 9g Prebiotic Fiber; 100% Gluten-Free,₹341,4.8,212,Cooling powerhouse protein meal with roasted chana flour suspended in churned dahi. Extremely low glycemic index and 100% gluten-free.,23.01679,72.58212
in-surat-395007-1,Desi Clay Oven Chicken Tikka (Zero Batter),Fabcafe (Vesu),"VIP Road, Vesu, Surat, Gujarat 395007",Surat,India,395007,Clay Oven & Fire Grills,High-Protein Omnivore / Paleo,Super-High Protein (45g+),380,46,12,12,4,8,1,Pure A2 Desi Cow Ghee,YES,YES,YES,YES,NO,Seed Oil Free; Gluten-Free; High Protein; High Fiber; Low Sugar; Millet / Whole Grain,Pasture-raised chicken breast; hung cow milk dahi; Kashmiri degi mirch; roasted ajwain; kassori methi; fresh lemon,46g Clean Protein; Zero Seed Oils; Clay Oven Roasting; Zero Added Sugar; 100% Gluten-Free,₹283,4.8,303,"Boneless chicken breast steeped in hung curd, ginger-garlic, and cold-ground spices. Roasted in traditional clay tandoor without maida or food colors.",21.17729,72.84596
in-surat-395007-2,Organic Palak Paneer & Foxtail Millet Khichdi,EatFit Organic (Vesu),"VIP Road, Vesu, Surat, Gujarat 395007",Surat,India,395007,Ancient Millets & Ayurvedic Staples,Vegetarian (Dairy / Pure Ghee),Balanced Clean Protein (20g-34g),390,26,36,14,9,27,4,Pure A2 Desi Cow Ghee,YES,YES,NO,YES,NO,Seed Oil Free; Gluten-Free; High Protein; High Fiber; Low Sugar; Millet / Whole Grain,Sprouted foxtail millet; pure cow milk paneer cubes; slow-simmered spinach purée; roasted jeera; pink Himalayan salt,26g Dairy & Millet Protein; Pure A2 Cow Ghee; Zero Seed Oils; 9g Dietary Fiber; 100% Gluten-Free,₹260,4.7,363,"Prebiotic superfood bowl cooked with mineral-dense foxtail millets and iron-rich baby spinach. Zero refined oils, naturally gluten-free.",21.15633,72.82143
in-surat-395007-3,High-Protein Sprouted Moong & Kala Chana Chaat,Healthy Bites (Vesu),"VIP Road, Vesu, Surat, Gujarat 395007",Surat,India,395007,Pulse & Sprouted Legumes,100% Plant-Based / Vegan,Balanced Clean Protein (20g-34g),260,22,32,4,11,21,4,Cold-Pressed Kachi Ghani Mustard Oil,YES,YES,NO,NO,YES,Seed Oil Free; Gluten-Free; High Protein; High Fiber; Low Sugar; Millet / Whole Grain,Sprouted whole green moong; boiled black chana; diced cucumber & tomatoes; pomegranate arils; fresh lime juice; rock salt,22g Clean Pulse Protein; Raw / Cold-Pressed Mustard Oil; Zero Seed Oils; 11g High Fiber; 100% Gluten-Free,₹331,4.8,236,Bioavailable sprouted pulse chaat tossed raw with digestive roasted cumin and cold-pressed Kachi Ghani oil. Zero cooking loss of vitamins.,21.16789,72.82678
in-surat-395007-4,Artisanal Cow Milk Paneer Tikka Salad,Greenr Cafe (Vesu),"VIP Road, Vesu, Surat, Gujarat 395007",Surat,India,395007,Salad & Raw Greens,Vegetarian (Dairy / Pure Ghee),Balanced Clean Protein (20g-34g),340,28,16,16,6,10,2,Pure A2 Desi Cow Ghee,YES,YES,YES,YES,NO,Seed Oil Free; Gluten-Free; High Protein; High Fiber; Low Sugar; Millet / Whole Grain,Organic grass-fed cow paneer; charred bell peppers & onions; massaged baby greens; mint-coriander emulsion; roasted flaxseed,28g High-Quality Protein; Pure A2 Desi Cow Ghee; Zero Seed Oils; 6g Dietary Fiber; 100% Gluten-Free,₹275,4.7,103,"Freshly coagulated cow milk paneer lightly blistered in clay tandoor. Low carb, high calcium, zero wheat additives.",21.18011,72.83058
in-surat-395007-5,Coastal Wild Kingfish Tawa Steak,Mojigao Coastal (Vesu),"VIP Road, Vesu, Surat, Gujarat 395007",Surat,India,395007,Wild Seafood & Coastal,Pescetarian,High Protein (35g-44g),410,44,8,18,4,4,1,Wood-Pressed Virgin Coconut Oil,YES,YES,YES,NO,YES,Seed Oil Free; Gluten-Free; High Protein; High Fiber; Low Sugar; Millet / Whole Grain,Wild-caught coastal kingfish / surmai; freshly ground Malabar pepper; kokum extract; curry leaves; steamed French beans,44g Wild Marine Protein; Wood-Pressed Coconut Oil; Zero Seed Oils; Heart-Healthy Omega 3; 100% Gluten-Free,₹393,4.8,320,"Fresh caught kingfish pan-seared gently in cold-pressed virgin coconut oil with digestive kokum. Zero batter, zero trans-fats.",21.15819,72.82726
in-vadodara-390007-1,Desi Clay Oven Chicken Tikka (Zero Batter),Fabcafe (Alkapuri),"RC Dutt Road, Alkapuri, Vadodara, Gujarat 390007",Vadodara,India,390007,Clay Oven & Fire Grills,High-Protein Omnivore / Paleo,Super-High Protein (45g+),380,46,12,12,4,8,1,Pure A2 Desi Cow Ghee,YES,YES,YES,YES,NO,Seed Oil Free; Gluten-Free; High Protein; High Fiber; Low Sugar; Millet / Whole Grain,Pasture-raised chicken breast; hung cow milk dahi; Kashmiri degi mirch; roasted ajwain; kassori methi; fresh lemon,46g Clean Protein; Zero Seed Oils; Clay Oven Roasting; Zero Added Sugar; 100% Gluten-Free,₹231,4.8,126,"Boneless chicken breast steeped in hung curd, ginger-garlic, and cold-ground spices. Roasted in traditional clay tandoor without maida or food colors.",22.29498,73.1675
in-vadodara-390007-2,Organic Palak Paneer & Foxtail Millet Khichdi,EatFit Organic (Alkapuri),"RC Dutt Road, Alkapuri, Vadodara, Gujarat 390007",Vadodara,India,390007,Ancient Millets & Ayurvedic Staples,Vegetarian (Dairy / Pure Ghee),Balanced Clean Protein (20g-34g),390,26,36,14,9,27,4,Pure A2 Desi Cow Ghee,YES,YES,NO,YES,NO,Seed Oil Free; Gluten-Free; High Protein; High Fiber; Low Sugar; Millet / Whole Grain,Sprouted foxtail millet; pure cow milk paneer cubes; slow-simmered spinach purée; roasted jeera; pink Himalayan salt,26g Dairy & Millet Protein; Pure A2 Cow Ghee; Zero Seed Oils; 9g Dietary Fiber; 100% Gluten-Free,₹301,4.9,313,"Prebiotic superfood bowl cooked with mineral-dense foxtail millets and iron-rich baby spinach. Zero refined oils, naturally gluten-free.",22.31569,73.18366
in-vadodara-390007-3,High-Protein Sprouted Moong & Kala Chana Chaat,Healthy Bites (Alkapuri),"RC Dutt Road, Alkapuri, Vadodara, Gujarat 390007",Vadodara,India,390007,Pulse & Sprouted Legumes,100% Plant-Based / Vegan,Balanced Clean Protein (20g-34g),260,22,32,4,11,21,4,Cold-Pressed Kachi Ghani Mustard Oil,YES,YES,NO,NO,YES,Seed Oil Free; Gluten-Free; High Protein; High Fiber; Low Sugar; Millet / Whole Grain,Sprouted whole green moong; boiled black chana; diced cucumber & tomatoes; pomegranate arils; fresh lime juice; rock salt,22g Clean Pulse Protein; Raw / Cold-Pressed Mustard Oil; Zero Seed Oils; 11g High Fiber; 100% Gluten-Free,₹320,4.9,122,Bioavailable sprouted pulse chaat tossed raw with digestive roasted cumin and cold-pressed Kachi Ghani oil. Zero cooking loss of vitamins.,22.31705,73.18952
in-vadodara-390007-4,Artisanal Cow Milk Paneer Tikka Salad,Greenr Cafe (Alkapuri),"RC Dutt Road, Alkapuri, Vadodara, Gujarat 390007",Vadodara,India,390007,Salad & Raw Greens,Vegetarian (Dairy / Pure Ghee),Balanced Clean Protein (20g-34g),340,28,16,16,6,10,2,Pure A2 Desi Cow Ghee,YES,YES,YES,YES,NO,Seed Oil Free; Gluten-Free; High Protein; High Fiber; Low Sugar; Millet / Whole Grain,Organic grass-fed cow paneer; charred bell peppers & onions; massaged baby greens; mint-coriander emulsion; roasted flaxseed,28g High-Quality Protein; Pure A2 Desi Cow Ghee; Zero Seed Oils; 6g Dietary Fiber; 100% Gluten-Free,₹254,4.9,325,"Freshly coagulated cow milk paneer lightly blistered in clay tandoor. Low carb, high calcium, zero wheat additives.",22.31461,73.19103
in-vadodara-390007-5,Coastal Wild Kingfish Tawa Steak,Mojigao Coastal (Alkapuri),"RC Dutt Road, Alkapuri, Vadodara, Gujarat 390007",Vadodara,India,390007,Wild Seafood & Coastal,Pescetarian,High Protein (35g-44g),410,44,8,18,4,4,1,Wood-Pressed Virgin Coconut Oil,YES,YES,YES,NO,YES,Seed Oil Free; Gluten-Free; High Protein; High Fiber; Low Sugar; Millet / Whole Grain,Wild-caught coastal kingfish / surmai; freshly ground Malabar pepper; kokum extract; curry leaves; steamed French beans,44g Wild Marine Protein; Wood-Pressed Coconut Oil; Zero Seed Oils; Heart-Healthy Omega 3; 100% Gluten-Free,₹285,4.8,341,"Fresh caught kingfish pan-seared gently in cold-pressed virgin coconut oil with digestive kokum. Zero batter, zero trans-fats.",22.31093,73.18944
in-nashik-422005-1,Desi Clay Oven Chicken Tikka (Zero Batter),Fabcafe (College Road),"College Road, Gangapur, Nashik, Maharashtra 422005",Nashik,India,422005,Clay Oven & Fire Grills,High-Protein Omnivore / Paleo,Super-High Protein (45g+),380,46,12,12,4,8,1,Pure A2 Desi Cow Ghee,YES,YES,YES,YES,NO,Seed Oil Free; Gluten-Free; High Protein; High Fiber; Low Sugar; Millet / Whole Grain,Pasture-raised chicken breast; hung cow milk dahi; Kashmiri degi mirch; roasted ajwain; kassori methi; fresh lemon,46g Clean Protein; Zero Seed Oils; Clay Oven Roasting; Zero Added Sugar; 100% Gluten-Free,₹296,4.7,173,"Boneless chicken breast steeped in hung curd, ginger-garlic, and cold-ground spices. Roasted in traditional clay tandoor without maida or food colors.",19.98331,73.78719
in-nashik-422005-2,Organic Palak Paneer & Foxtail Millet Khichdi,EatFit Organic (College Road),"College Road, Gangapur, Nashik, Maharashtra 422005",Nashik,India,422005,Ancient Millets & Ayurvedic Staples,Vegetarian (Dairy / Pure Ghee),Balanced Clean Protein (20g-34g),390,26,36,14,9,27,4,Pure A2 Desi Cow Ghee,YES,YES,NO,YES,NO,Seed Oil Free; Gluten-Free; High Protein; High Fiber; Low Sugar; Millet / Whole Grain,Sprouted foxtail millet; pure cow milk paneer cubes; slow-simmered spinach purée; roasted jeera; pink Himalayan salt,26g Dairy & Millet Protein; Pure A2 Cow Ghee; Zero Seed Oils; 9g Dietary Fiber; 100% Gluten-Free,₹309,4.7,233,"Prebiotic superfood bowl cooked with mineral-dense foxtail millets and iron-rich baby spinach. Zero refined oils, naturally gluten-free.",20.00248,73.78833
in-nashik-422005-3,High-Protein Sprouted Moong & Kala Chana Chaat,Healthy Bites (College Road),"College Road, Gangapur, Nashik, Maharashtra 422005",Nashik,India,422005,Pulse & Sprouted Legumes,100% Plant-Based / Vegan,Balanced Clean Protein (20g-34g),260,22,32,4,11,21,4,Cold-Pressed Kachi Ghani Mustard Oil,YES,YES,NO,NO,YES,Seed Oil Free; Gluten-Free; High Protein; High Fiber; Low Sugar; Millet / Whole Grain,Sprouted whole green moong; boiled black chana; diced cucumber & tomatoes; pomegranate arils; fresh lime juice; rock salt,22g Clean Pulse Protein; Raw / Cold-Pressed Mustard Oil; Zero Seed Oils; 11g High Fiber; 100% Gluten-Free,₹234,4.8,340,Bioavailable sprouted pulse chaat tossed raw with digestive roasted cumin and cold-pressed Kachi Ghani oil. Zero cooking loss of vitamins.,20.00742,73.77505
in-nashik-422005-4,Artisanal Cow Milk Paneer Tikka Salad,Greenr Cafe (College Road),"College Road, Gangapur, Nashik, Maharashtra 422005",Nashik,India,422005,Salad & Raw Greens,Vegetarian (Dairy / Pure Ghee),Balanced Clean Protein (20g-34g),340,28,16,16,6,10,2,Pure A2 Desi Cow Ghee,YES,YES,YES,YES,NO,Seed Oil Free; Gluten-Free; High Protein; High Fiber; Low Sugar; Millet / Whole Grain,Organic grass-fed cow paneer; charred bell peppers & onions; massaged baby greens; mint-coriander emulsion; roasted flaxseed,28g High-Quality Protein; Pure A2 Desi Cow Ghee; Zero Seed Oils; 6g Dietary Fiber; 100% Gluten-Free,₹392,4.9,333,"Freshly coagulated cow milk paneer lightly blistered in clay tandoor. Low carb, high calcium, zero wheat additives.",19.98939,73.80237
in-nashik-422005-5,Coastal Wild Kingfish Tawa Steak,Mojigao Coastal (College Road),"College Road, Gangapur, Nashik, Maharashtra 422005",Nashik,India,422005,Wild Seafood & Coastal,Pescetarian,High Protein (35g-44g),410,44,8,18,4,4,1,Wood-Pressed Virgin Coconut Oil,YES,YES,YES,NO,YES,Seed Oil Free; Gluten-Free; High Protein; High Fiber; Low Sugar; Millet / Whole Grain,Wild-caught coastal kingfish / surmai; freshly ground Malabar pepper; kokum extract; curry leaves; steamed French beans,44g Wild Marine Protein; Wood-Pressed Coconut Oil; Zero Seed Oils; Heart-Healthy Omega 3; 100% Gluten-Free,₹227,4.9,109,"Fresh caught kingfish pan-seared gently in cold-pressed virgin coconut oil with digestive kokum. Zero batter, zero trans-fats.",19.99178,73.78207
in-goa-403507-1,Desi Clay Oven Chicken Tikka (Zero Batter),Fabcafe (Assagao),"Badem Junction, Assagao, Goa, Goa 403507",Goa,India,403507,Clay Oven & Fire Grills,High-Protein Omnivore / Paleo,Super-High Protein (45g+),380,46,12,12,4,8,1,Pure A2 Desi Cow Ghee,YES,YES,YES,YES,NO,Seed Oil Free; Gluten-Free; High Protein; High Fiber; Low Sugar; Millet / Whole Grain,Pasture-raised chicken breast; hung cow milk dahi; Kashmiri degi mirch; roasted ajwain; kassori methi; fresh lemon,46g Clean Protein; Zero Seed Oils; Clay Oven Roasting; Zero Added Sugar; 100% Gluten-Free,₹279,4.8,255,"Boneless chicken breast steeped in hung curd, ginger-garlic, and cold-ground spices. Roasted in traditional clay tandoor without maida or food colors.",15.28991,74.11053
in-goa-403507-2,Organic Palak Paneer & Foxtail Millet Khichdi,EatFit Organic (Assagao),"Badem Junction, Assagao, Goa, Goa 403507",Goa,India,403507,Ancient Millets & Ayurvedic Staples,Vegetarian (Dairy / Pure Ghee),Balanced Clean Protein (20g-34g),390,26,36,14,9,27,4,Pure A2 Desi Cow Ghee,YES,YES,NO,YES,NO,Seed Oil Free; Gluten-Free; High Protein; High Fiber; Low Sugar; Millet / Whole Grain,Sprouted foxtail millet; pure cow milk paneer cubes; slow-simmered spinach purée; roasted jeera; pink Himalayan salt,26g Dairy & Millet Protein; Pure A2 Cow Ghee; Zero Seed Oils; 9g Dietary Fiber; 100% Gluten-Free,₹279,4.9,324,"Prebiotic superfood bowl cooked with mineral-dense foxtail millets and iron-rich baby spinach. Zero refined oils, naturally gluten-free.",15.28653,74.13818
in-goa-403507-3,High-Protein Sprouted Moong & Kala Chana Chaat,Healthy Bites (Assagao),"Badem Junction, Assagao, Goa, Goa 403507",Goa,India,403507,Pulse & Sprouted Legumes,100% Plant-Based / Vegan,Balanced Clean Protein (20g-34g),260,22,32,4,11,21,4,Cold-Pressed Kachi Ghani Mustard Oil,YES,YES,NO,NO,YES,Seed Oil Free; Gluten-Free; High Protein; High Fiber; Low Sugar; Millet / Whole Grain,Sprouted whole green moong; boiled black chana; diced cucumber & tomatoes; pomegranate arils; fresh lime juice; rock salt,22g Clean Pulse Protein; Raw / Cold-Pressed Mustard Oil; Zero Seed Oils; 11g High Fiber; 100% Gluten-Free,₹275,4.8,270,Bioavailable sprouted pulse chaat tossed raw with digestive roasted cumin and cold-pressed Kachi Ghani oil. Zero cooking loss of vitamins.,15.31149,74.13702
in-goa-403507-4,Artisanal Cow Milk Paneer Tikka Salad,Greenr Cafe (Assagao),"Badem Junction, Assagao, Goa, Goa 403507",Goa,India,403507,Salad & Raw Greens,Vegetarian (Dairy / Pure Ghee),Balanced Clean Protein (20g-34g),340,28,16,16,6,10,2,Pure A2 Desi Cow Ghee,YES,YES,YES,YES,NO,Seed Oil Free; Gluten-Free; High Protein; High Fiber; Low Sugar; Millet / Whole Grain,Organic grass-fed cow paneer; charred bell peppers & onions; massaged baby greens; mint-coriander emulsion; roasted flaxseed,28g High-Quality Protein; Pure A2 Desi Cow Ghee; Zero Seed Oils; 6g Dietary Fiber; 100% Gluten-Free,₹265,4.8,342,"Freshly coagulated cow milk paneer lightly blistered in clay tandoor. Low carb, high calcium, zero wheat additives.",15.2941,74.13702
in-goa-403507-5,Coastal Wild Kingfish Tawa Steak,Mojigao Coastal (Assagao),"Badem Junction, Assagao, Goa, Goa 403507",Goa,India,403507,Wild Seafood & Coastal,Pescetarian,High Protein (35g-44g),410,44,8,18,4,4,1,Wood-Pressed Virgin Coconut Oil,YES,YES,YES,NO,YES,Seed Oil Free; Gluten-Free; High Protein; High Fiber; Low Sugar; Millet / Whole Grain,Wild-caught coastal kingfish / surmai; freshly ground Malabar pepper; kokum extract; curry leaves; steamed French beans,44g Wild Marine Protein; Wood-Pressed Coconut Oil; Zero Seed Oils; Heart-Healthy Omega 3; 100% Gluten-Free,₹242,4.9,273,"Fresh caught kingfish pan-seared gently in cold-pressed virgin coconut oil with digestive kokum. Zero batter, zero trans-fats.",15.30246,74.11587
in-goa-403509-1,Artisanal Cow Milk Paneer Tikka Salad,Greenr Cafe (Anjuna / Vagator),"Ozran Beach Rd, Vagator, Goa, Goa 403509",Goa,India,403509,Salad & Raw Greens,Vegetarian (Dairy / Pure Ghee),Balanced Clean Protein (20g-34g),340,28,16,16,6,10,2,Pure A2 Desi Cow Ghee,YES,YES,YES,YES,NO,Seed Oil Free; Gluten-Free; High Protein; High Fiber; Low Sugar; Millet / Whole Grain,Organic grass-fed cow paneer; charred bell peppers & onions; massaged baby greens; mint-coriander emulsion; roasted flaxseed,28g High-Quality Protein; Pure A2 Desi Cow Ghee; Zero Seed Oils; 6g Dietary Fiber; 100% Gluten-Free,₹232,4.7,332,"Freshly coagulated cow milk paneer lightly blistered in clay tandoor. Low carb, high calcium, zero wheat additives.",15.29281,74.11205
in-goa-403509-2,Coastal Wild Kingfish Tawa Steak,Mojigao Coastal (Anjuna / Vagator),"Ozran Beach Rd, Vagator, Goa, Goa 403509",Goa,India,403509,Wild Seafood & Coastal,Pescetarian,High Protein (35g-44g),410,44,8,18,4,4,1,Wood-Pressed Virgin Coconut Oil,YES,YES,YES,NO,YES,Seed Oil Free; Gluten-Free; High Protein; High Fiber; Low Sugar; Millet / Whole Grain,Wild-caught coastal kingfish / surmai; freshly ground Malabar pepper; kokum extract; curry leaves; steamed French beans,44g Wild Marine Protein; Wood-Pressed Coconut Oil; Zero Seed Oils; Heart-Healthy Omega 3; 100% Gluten-Free,₹336,4.7,386,"Fresh caught kingfish pan-seared gently in cold-pressed virgin coconut oil with digestive kokum. Zero batter, zero trans-fats.",15.2927,74.12935
in-goa-403509-3,Jowar Bhakri with Sprouted Matki Usal,Swaad Organic (Anjuna / Vagator),"Ozran Beach Rd, Vagator, Goa, Goa 403509",Goa,India,403509,Ancient Millets & Ayurvedic Staples,100% Plant-Based / Vegan,Balanced Clean Protein (20g-34g),320,21,42,6,10,32,5,Pure A2 Desi Cow Ghee,YES,YES,NO,YES,YES,Seed Oil Free; Gluten-Free; High Protein; High Fiber; Low Sugar; Millet / Whole Grain,100% Hand-pressed jowar (sorghum) flour; sprouted dew beans (matki); fresh ginger & garlic; tempered mustard seeds; green chili,21g Plant Protein; Pure A2 Ghee; Zero Seed Oils; 10g Millet Fiber; 100% Gluten-Free,₹310,4.8,327,"Ancient grain sorghum roti hand-patted and puffed on cast-iron tawa, served with enzymatic sprouted dew bean curry. 100% gluten-free.",15.29797,74.11178
in-goa-403509-4,Steamed Ragi Mudde with Huruli (Horsegram) Saaru,Karnataka Millets (Anjuna / Vagator),"Ozran Beach Rd, Vagator, Goa, Goa 403509",Goa,India,403509,Ancient Millets & Ayurvedic Staples,100% Plant-Based / Vegan,Balanced Clean Protein (20g-34g),290,23,38,4,12,26,5,Pure A2 Desi Cow Ghee,YES,YES,NO,YES,YES,Seed Oil Free; Gluten-Free; High Protein; High Fiber; Low Sugar; Millet / Whole Grain,Finger millet (ragi) whole grain flour; horsegram (kulthi) slow broth; crushed peppercorns; fresh coriander roots; curry leaf tadka,23g High-Protein Broth; Pure A2 Cow Ghee; Zero Seed Oils; 12g High Fiber; 100% Gluten-Free,₹247,4.9,95,Legendary Ayurvedic endurance staple. Steamed mineral-rich ragi ball paired with high-protein horsegram broth. Zero seed oils.,15.29356,74.13224
in-goa-403509-5,High-Protein Sattu & Roasted Jeera Buttermilk Bowl,Bihar Sattu & Grain (Anjuna / Vagator),"Ozran Beach Rd, Vagator, Goa, Goa 403509",Goa,India,403509,Pulse & Sprouted Legumes,Vegetarian (Dairy / Pure Ghee),Balanced Clean Protein (20g-34g),270,24,30,5,9,21,4,Cold-Pressed Kachi Ghani Mustard Oil,YES,YES,NO,NO,NO,Seed Oil Free; Gluten-Free; High Protein; High Fiber; Low Sugar; Millet / Whole Grain,Toasted Bengal gram (sattu) flour; churned A2 cow milk chaas; finely chopped shallots & green chilies; kala namak; roasted cumin,24g Clean Pulse Protein; Probiotic Chaas; Zero Seed Oils; 9g Prebiotic Fiber; 100% Gluten-Free,₹188,4.8,334,Cooling powerhouse protein meal with roasted chana flour suspended in churned dahi. Extremely low glycemic index and 100% gluten-free.,15.29712,74.13044
in-udaipur-313001-1,Desi Clay Oven Chicken Tikka (Zero Batter),Fabcafe (Old City / Pichola),"Chandpole, Lake Pichola, Udaipur, Rajasthan 313001",Udaipur,India,313001,Clay Oven & Fire Grills,High-Protein Omnivore / Paleo,Super-High Protein (45g+),380,46,12,12,4,8,1,Pure A2 Desi Cow Ghee,YES,YES,YES,YES,NO,Seed Oil Free; Gluten-Free; High Protein; High Fiber; Low Sugar; Millet / Whole Grain,Pasture-raised chicken breast; hung cow milk dahi; Kashmiri degi mirch; roasted ajwain; kassori methi; fresh lemon,46g Clean Protein; Zero Seed Oils; Clay Oven Roasting; Zero Added Sugar; 100% Gluten-Free,₹377,4.7,363,"Boneless chicken breast steeped in hung curd, ginger-garlic, and cold-ground spices. Roasted in traditional clay tandoor without maida or food colors.",24.59597,73.72403
in-udaipur-313001-2,Organic Palak Paneer & Foxtail Millet Khichdi,EatFit Organic (Old City / Pichola),"Chandpole, Lake Pichola, Udaipur, Rajasthan 313001",Udaipur,India,313001,Ancient Millets & Ayurvedic Staples,Vegetarian (Dairy / Pure Ghee),Balanced Clean Protein (20g-34g),390,26,36,14,9,27,4,Pure A2 Desi Cow Ghee,YES,YES,NO,YES,NO,Seed Oil Free; Gluten-Free; High Protein; High Fiber; Low Sugar; Millet / Whole Grain,Sprouted foxtail millet; pure cow milk paneer cubes; slow-simmered spinach purée; roasted jeera; pink Himalayan salt,26g Dairy & Millet Protein; Pure A2 Cow Ghee; Zero Seed Oils; 9g Dietary Fiber; 100% Gluten-Free,₹375,4.7,349,"Prebiotic superfood bowl cooked with mineral-dense foxtail millets and iron-rich baby spinach. Zero refined oils, naturally gluten-free.",24.57762,73.72689
in-udaipur-313001-3,High-Protein Sprouted Moong & Kala Chana Chaat,Healthy Bites (Old City / Pichola),"Chandpole, Lake Pichola, Udaipur, Rajasthan 313001",Udaipur,India,313001,Pulse & Sprouted Legumes,100% Plant-Based / Vegan,Balanced Clean Protein (20g-34g),260,22,32,4,11,21,4,Cold-Pressed Kachi Ghani Mustard Oil,YES,YES,NO,NO,YES,Seed Oil Free; Gluten-Free; High Protein; High Fiber; Low Sugar; Millet / Whole Grain,Sprouted whole green moong; boiled black chana; diced cucumber & tomatoes; pomegranate arils; fresh lime juice; rock salt,22g Clean Pulse Protein; Raw / Cold-Pressed Mustard Oil; Zero Seed Oils; 11g High Fiber; 100% Gluten-Free,₹255,4.8,153,Bioavailable sprouted pulse chaat tossed raw with digestive roasted cumin and cold-pressed Kachi Ghani oil. Zero cooking loss of vitamins.,24.5858,73.72482
in-udaipur-313001-4,Artisanal Cow Milk Paneer Tikka Salad,Greenr Cafe (Old City / Pichola),"Chandpole, Lake Pichola, Udaipur, Rajasthan 313001",Udaipur,India,313001,Salad & Raw Greens,Vegetarian (Dairy / Pure Ghee),Balanced Clean Protein (20g-34g),340,28,16,16,6,10,2,Pure A2 Desi Cow Ghee,YES,YES,YES,YES,NO,Seed Oil Free; Gluten-Free; High Protein; High Fiber; Low Sugar; Millet / Whole Grain,Organic grass-fed cow paneer; charred bell peppers & onions; massaged baby greens; mint-coriander emulsion; roasted flaxseed,28g High-Quality Protein; Pure A2 Desi Cow Ghee; Zero Seed Oils; 6g Dietary Fiber; 100% Gluten-Free,₹350,4.8,354,"Freshly coagulated cow milk paneer lightly blistered in clay tandoor. Low carb, high calcium, zero wheat additives.",24.59818,73.70741
in-udaipur-313001-5,Coastal Wild Kingfish Tawa Steak,Mojigao Coastal (Old City / Pichola),"Chandpole, Lake Pichola, Udaipur, Rajasthan 313001",Udaipur,India,313001,Wild Seafood & Coastal,Pescetarian,High Protein (35g-44g),410,44,8,18,4,4,1,Wood-Pressed Virgin Coconut Oil,YES,YES,YES,NO,YES,Seed Oil Free; Gluten-Free; High Protein; High Fiber; Low Sugar; Millet / Whole Grain,Wild-caught coastal kingfish / surmai; freshly ground Malabar pepper; kokum extract; curry leaves; steamed French beans,44g Wild Marine Protein; Wood-Pressed Coconut Oil; Zero Seed Oils; Heart-Healthy Omega 3; 100% Gluten-Free,₹363,4.8,360,"Fresh caught kingfish pan-seared gently in cold-pressed virgin coconut oil with digestive kokum. Zero batter, zero trans-fats.",24.57113,73.71139
in-jaipur-302003-1,Desi Clay Oven Chicken Tikka (Zero Batter),Fabcafe (Bapu Bazaar),"Bapu Bazaar City Palace Area, Jaipur, Rajasthan 302003",Jaipur,India,302003,Clay Oven & Fire Grills,High-Protein Omnivore / Paleo,Super-High Protein (45g+),380,46,12,12,4,8,1,Pure A2 Desi Cow Ghee,YES,YES,YES,YES,NO,Seed Oil Free; Gluten-Free; High Protein; High Fiber; Low Sugar; Millet / Whole Grain,Pasture-raised chicken breast; hung cow milk dahi; Kashmiri degi mirch; roasted ajwain; kassori methi; fresh lemon,46g Clean Protein; Zero Seed Oils; Clay Oven Roasting; Zero Added Sugar; 100% Gluten-Free,₹379,4.8,318,"Boneless chicken breast steeped in hung curd, ginger-garlic, and cold-ground spices. Roasted in traditional clay tandoor without maida or food colors.",26.90993,75.79265
in-jaipur-302003-2,Organic Palak Paneer & Foxtail Millet Khichdi,EatFit Organic (Bapu Bazaar),"Bapu Bazaar City Palace Area, Jaipur, Rajasthan 302003",Jaipur,India,302003,Ancient Millets & Ayurvedic Staples,Vegetarian (Dairy / Pure Ghee),Balanced Clean Protein (20g-34g),390,26,36,14,9,27,4,Pure A2 Desi Cow Ghee,YES,YES,NO,YES,NO,Seed Oil Free; Gluten-Free; High Protein; High Fiber; Low Sugar; Millet / Whole Grain,Sprouted foxtail millet; pure cow milk paneer cubes; slow-simmered spinach purée; roasted jeera; pink Himalayan salt,26g Dairy & Millet Protein; Pure A2 Cow Ghee; Zero Seed Oils; 9g Dietary Fiber; 100% Gluten-Free,₹373,4.7,270,"Prebiotic superfood bowl cooked with mineral-dense foxtail millets and iron-rich baby spinach. Zero refined oils, naturally gluten-free.",26.8991,75.78383
in-jaipur-302003-3,High-Protein Sprouted Moong & Kala Chana Chaat,Healthy Bites (Bapu Bazaar),"Bapu Bazaar City Palace Area, Jaipur, Rajasthan 302003",Jaipur,India,302003,Pulse & Sprouted Legumes,100% Plant-Based / Vegan,Balanced Clean Protein (20g-34g),260,22,32,4,11,21,4,Cold-Pressed Kachi Ghani Mustard Oil,YES,YES,NO,NO,YES,Seed Oil Free; Gluten-Free; High Protein; High Fiber; Low Sugar; Millet / Whole Grain,Sprouted whole green moong; boiled black chana; diced cucumber & tomatoes; pomegranate arils; fresh lime juice; rock salt,22g Clean Pulse Protein; Raw / Cold-Pressed Mustard Oil; Zero Seed Oils; 11g High Fiber; 100% Gluten-Free,₹391,4.9,266,Bioavailable sprouted pulse chaat tossed raw with digestive roasted cumin and cold-pressed Kachi Ghani oil. Zero cooking loss of vitamins.,26.89968,75.79408
in-jaipur-302003-4,Artisanal Cow Milk Paneer Tikka Salad,Greenr Cafe (Bapu Bazaar),"Bapu Bazaar City Palace Area, Jaipur, Rajasthan 302003",Jaipur,India,302003,Salad & Raw Greens,Vegetarian (Dairy / Pure Ghee),Balanced Clean Protein (20g-34g),340,28,16,16,6,10,2,Pure A2 Desi Cow Ghee,YES,YES,YES,YES,NO,Seed Oil Free; Gluten-Free; High Protein; High Fiber; Low Sugar; Millet / Whole Grain,Organic grass-fed cow paneer; charred bell peppers & onions; massaged baby greens; mint-coriander emulsion; roasted flaxseed,28g High-Quality Protein; Pure A2 Desi Cow Ghee; Zero Seed Oils; 6g Dietary Fiber; 100% Gluten-Free,₹227,4.9,361,"Freshly coagulated cow milk paneer lightly blistered in clay tandoor. Low carb, high calcium, zero wheat additives.",26.90558,75.79176
in-jaipur-302003-5,Coastal Wild Kingfish Tawa Steak,Mojigao Coastal (Bapu Bazaar),"Bapu Bazaar City Palace Area, Jaipur, Rajasthan 302003",Jaipur,India,302003,Wild Seafood & Coastal,Pescetarian,High Protein (35g-44g),410,44,8,18,4,4,1,Wood-Pressed Virgin Coconut Oil,YES,YES,YES,NO,YES,Seed Oil Free; Gluten-Free; High Protein; High Fiber; Low Sugar; Millet / Whole Grain,Wild-caught coastal kingfish / surmai; freshly ground Malabar pepper; kokum extract; curry leaves; steamed French beans,44g Wild Marine Protein; Wood-Pressed Coconut Oil; Zero Seed Oils; Heart-Healthy Omega 3; 100% Gluten-Free,₹396,4.9,344,"Fresh caught kingfish pan-seared gently in cold-pressed virgin coconut oil with digestive kokum. Zero batter, zero trans-fats.",26.90541,75.78029
in-jaipur-302001-1,Artisanal Cow Milk Paneer Tikka Salad,Greenr Cafe (C-Scheme),"Bhagwan Das Rd, C-Scheme, Jaipur, Rajasthan 302001",Jaipur,India,302001,Salad & Raw Greens,Vegetarian (Dairy / Pure Ghee),Balanced Clean Protein (20g-34g),340,28,16,16,6,10,2,Pure A2 Desi Cow Ghee,YES,YES,YES,YES,NO,Seed Oil Free; Gluten-Free; High Protein; High Fiber; Low Sugar; Millet / Whole Grain,Organic grass-fed cow paneer; charred bell peppers & onions; massaged baby greens; mint-coriander emulsion; roasted flaxseed,28g High-Quality Protein; Pure A2 Desi Cow Ghee; Zero Seed Oils; 6g Dietary Fiber; 100% Gluten-Free,₹227,4.9,184,"Freshly coagulated cow milk paneer lightly blistered in clay tandoor. Low carb, high calcium, zero wheat additives.",26.90499,75.7794
in-jaipur-302001-2,Coastal Wild Kingfish Tawa Steak,Mojigao Coastal (C-Scheme),"Bhagwan Das Rd, C-Scheme, Jaipur, Rajasthan 302001",Jaipur,India,302001,Wild Seafood & Coastal,Pescetarian,High Protein (35g-44g),410,44,8,18,4,4,1,Wood-Pressed Virgin Coconut Oil,YES,YES,YES,NO,YES,Seed Oil Free; Gluten-Free; High Protein; High Fiber; Low Sugar; Millet / Whole Grain,Wild-caught coastal kingfish / surmai; freshly ground Malabar pepper; kokum extract; curry leaves; steamed French beans,44g Wild Marine Protein; Wood-Pressed Coconut Oil; Zero Seed Oils; Heart-Healthy Omega 3; 100% Gluten-Free,₹207,4.8,86,"Fresh caught kingfish pan-seared gently in cold-pressed virgin coconut oil with digestive kokum. Zero batter, zero trans-fats.",26.92069,75.78749
in-jaipur-302001-3,Jowar Bhakri with Sprouted Matki Usal,Swaad Organic (C-Scheme),"Bhagwan Das Rd, C-Scheme, Jaipur, Rajasthan 302001",Jaipur,India,302001,Ancient Millets & Ayurvedic Staples,100% Plant-Based / Vegan,Balanced Clean Protein (20g-34g),320,21,42,6,10,32,5,Pure A2 Desi Cow Ghee,YES,YES,NO,YES,YES,Seed Oil Free; Gluten-Free; High Protein; High Fiber; Low Sugar; Millet / Whole Grain,100% Hand-pressed jowar (sorghum) flour; sprouted dew beans (matki); fresh ginger & garlic; tempered mustard seeds; green chili,21g Plant Protein; Pure A2 Ghee; Zero Seed Oils; 10g Millet Fiber; 100% Gluten-Free,₹334,4.7,114,"Ancient grain sorghum roti hand-patted and puffed on cast-iron tawa, served with enzymatic sprouted dew bean curry. 100% gluten-free.",26.91041,75.77642
in-jaipur-302001-4,Steamed Ragi Mudde with Huruli (Horsegram) Saaru,Karnataka Millets (C-Scheme),"Bhagwan Das Rd, C-Scheme, Jaipur, Rajasthan 302001",Jaipur,India,302001,Ancient Millets & Ayurvedic Staples,100% Plant-Based / Vegan,Balanced Clean Protein (20g-34g),290,23,38,4,12,26,5,Pure A2 Desi Cow Ghee,YES,YES,NO,YES,YES,Seed Oil Free; Gluten-Free; High Protein; High Fiber; Low Sugar; Millet / Whole Grain,Finger millet (ragi) whole grain flour; horsegram (kulthi) slow broth; crushed peppercorns; fresh coriander roots; curry leaf tadka,23g High-Protein Broth; Pure A2 Cow Ghee; Zero Seed Oils; 12g High Fiber; 100% Gluten-Free,₹223,4.9,387,Legendary Ayurvedic endurance staple. Steamed mineral-rich ragi ball paired with high-protein horsegram broth. Zero seed oils.,26.90033,75.77711
in-jaipur-302001-5,High-Protein Sattu & Roasted Jeera Buttermilk Bowl,Bihar Sattu & Grain (C-Scheme),"Bhagwan Das Rd, C-Scheme, Jaipur, Rajasthan 302001",Jaipur,India,302001,Pulse & Sprouted Legumes,Vegetarian (Dairy / Pure Ghee),Balanced Clean Protein (20g-34g),270,24,30,5,9,21,4,Cold-Pressed Kachi Ghani Mustard Oil,YES,YES,NO,NO,NO,Seed Oil Free; Gluten-Free; High Protein; High Fiber; Low Sugar; Millet / Whole Grain,Toasted Bengal gram (sattu) flour; churned A2 cow milk chaas; finely chopped shallots & green chilies; kala namak; roasted cumin,24g Clean Pulse Protein; Probiotic Chaas; Zero Seed Oils; 9g Prebiotic Fiber; 100% Gluten-Free,₹364,4.9,129,Cooling powerhouse protein meal with roasted chana flour suspended in churned dahi. Extremely low glycemic index and 100% gluten-free.,26.9144,75.78795
in-chandigarh-160019-1,Desi Clay Oven Chicken Tikka (Zero Batter),Fabcafe (Sector 26),"Madhya Marg, Sector 26, Chandigarh, Chandigarh 160019",Chandigarh,India,160019,Clay Oven & Fire Grills,High-Protein Omnivore / Paleo,Super-High Protein (45g+),380,46,12,12,4,8,1,Pure A2 Desi Cow Ghee,YES,YES,YES,YES,NO,Seed Oil Free; Gluten-Free; High Protein; High Fiber; Low Sugar; Millet / Whole Grain,Pasture-raised chicken breast; hung cow milk dahi; Kashmiri degi mirch; roasted ajwain; kassori methi; fresh lemon,46g Clean Protein; Zero Seed Oils; Clay Oven Roasting; Zero Added Sugar; 100% Gluten-Free,₹334,4.9,245,"Boneless chicken breast steeped in hung curd, ginger-garlic, and cold-ground spices. Roasted in traditional clay tandoor without maida or food colors.",30.73544,76.76738
in-chandigarh-160019-2,Organic Palak Paneer & Foxtail Millet Khichdi,EatFit Organic (Sector 26),"Madhya Marg, Sector 26, Chandigarh, Chandigarh 160019",Chandigarh,India,160019,Ancient Millets & Ayurvedic Staples,Vegetarian (Dairy / Pure Ghee),Balanced Clean Protein (20g-34g),390,26,36,14,9,27,4,Pure A2 Desi Cow Ghee,YES,YES,NO,YES,NO,Seed Oil Free; Gluten-Free; High Protein; High Fiber; Low Sugar; Millet / Whole Grain,Sprouted foxtail millet; pure cow milk paneer cubes; slow-simmered spinach purée; roasted jeera; pink Himalayan salt,26g Dairy & Millet Protein; Pure A2 Cow Ghee; Zero Seed Oils; 9g Dietary Fiber; 100% Gluten-Free,₹305,4.8,399,"Prebiotic superfood bowl cooked with mineral-dense foxtail millets and iron-rich baby spinach. Zero refined oils, naturally gluten-free.",30.72328,76.77987
in-chandigarh-160019-3,High-Protein Sprouted Moong & Kala Chana Chaat,Healthy Bites (Sector 26),"Madhya Marg, Sector 26, Chandigarh, Chandigarh 160019",Chandigarh,India,160019,Pulse & Sprouted Legumes,100% Plant-Based / Vegan,Balanced Clean Protein (20g-34g),260,22,32,4,11,21,4,Cold-Pressed Kachi Ghani Mustard Oil,YES,YES,NO,NO,YES,Seed Oil Free; Gluten-Free; High Protein; High Fiber; Low Sugar; Millet / Whole Grain,Sprouted whole green moong; boiled black chana; diced cucumber & tomatoes; pomegranate arils; fresh lime juice; rock salt,22g Clean Pulse Protein; Raw / Cold-Pressed Mustard Oil; Zero Seed Oils; 11g High Fiber; 100% Gluten-Free,₹348,4.8,146,Bioavailable sprouted pulse chaat tossed raw with digestive roasted cumin and cold-pressed Kachi Ghani oil. Zero cooking loss of vitamins.,30.74606,76.78708
in-chandigarh-160019-4,Artisanal Cow Milk Paneer Tikka Salad,Greenr Cafe (Sector 26),"Madhya Marg, Sector 26, Chandigarh, Chandigarh 160019",Chandigarh,India,160019,Salad & Raw Greens,Vegetarian (Dairy / Pure Ghee),Balanced Clean Protein (20g-34g),340,28,16,16,6,10,2,Pure A2 Desi Cow Ghee,YES,YES,YES,YES,NO,Seed Oil Free; Gluten-Free; High Protein; High Fiber; Low Sugar; Millet / Whole Grain,Organic grass-fed cow paneer; charred bell peppers & onions; massaged baby greens; mint-coriander emulsion; roasted flaxseed,28g High-Quality Protein; Pure A2 Desi Cow Ghee; Zero Seed Oils; 6g Dietary Fiber; 100% Gluten-Free,₹269,4.8,139,"Freshly coagulated cow milk paneer lightly blistered in clay tandoor. Low carb, high calcium, zero wheat additives.",30.736,76.77643
in-chandigarh-160019-5,Coastal Wild Kingfish Tawa Steak,Mojigao Coastal (Sector 26),"Madhya Marg, Sector 26, Chandigarh, Chandigarh 160019",Chandigarh,India,160019,Wild Seafood & Coastal,Pescetarian,High Protein (35g-44g),410,44,8,18,4,4,1,Wood-Pressed Virgin Coconut Oil,YES,YES,YES,NO,YES,Seed Oil Free; Gluten-Free; High Protein; High Fiber; Low Sugar; Millet / Whole Grain,Wild-caught coastal kingfish / surmai; freshly ground Malabar pepper; kokum extract; curry leaves; steamed French beans,44g Wild Marine Protein; Wood-Pressed Coconut Oil; Zero Seed Oils; Heart-Healthy Omega 3; 100% Gluten-Free,₹239,4.7,362,"Fresh caught kingfish pan-seared gently in cold-pressed virgin coconut oil with digestive kokum. Zero batter, zero trans-fats.",30.73084,76.79258
in-chandigarh-160009-1,Artisanal Cow Milk Paneer Tikka Salad,Greenr Cafe (Sector 9),"Inner Market, Sector 9, Chandigarh, Chandigarh 160009",Chandigarh,India,160009,Salad & Raw Greens,Vegetarian (Dairy / Pure Ghee),Balanced Clean Protein (20g-34g),340,28,16,16,6,10,2,Pure A2 Desi Cow Ghee,YES,YES,YES,YES,NO,Seed Oil Free; Gluten-Free; High Protein; High Fiber; Low Sugar; Millet / Whole Grain,Organic grass-fed cow paneer; charred bell peppers & onions; massaged baby greens; mint-coriander emulsion; roasted flaxseed,28g High-Quality Protein; Pure A2 Desi Cow Ghee; Zero Seed Oils; 6g Dietary Fiber; 100% Gluten-Free,₹356,4.9,120,"Freshly coagulated cow milk paneer lightly blistered in clay tandoor. Low carb, high calcium, zero wheat additives.",30.73855,76.76807
in-chandigarh-160009-2,Coastal Wild Kingfish Tawa Steak,Mojigao Coastal (Sector 9),"Inner Market, Sector 9, Chandigarh, Chandigarh 160009",Chandigarh,India,160009,Wild Seafood & Coastal,Pescetarian,High Protein (35g-44g),410,44,8,18,4,4,1,Wood-Pressed Virgin Coconut Oil,YES,YES,YES,NO,YES,Seed Oil Free; Gluten-Free; High Protein; High Fiber; Low Sugar; Millet / Whole Grain,Wild-caught coastal kingfish / surmai; freshly ground Malabar pepper; kokum extract; curry leaves; steamed French beans,44g Wild Marine Protein; Wood-Pressed Coconut Oil; Zero Seed Oils; Heart-Healthy Omega 3; 100% Gluten-Free,₹204,4.7,83,"Fresh caught kingfish pan-seared gently in cold-pressed virgin coconut oil with digestive kokum. Zero batter, zero trans-fats.",30.73785,76.76821
in-chandigarh-160009-3,Jowar Bhakri with Sprouted Matki Usal,Swaad Organic (Sector 9),"Inner Market, Sector 9, Chandigarh, Chandigarh 160009",Chandigarh,India,160009,Ancient Millets & Ayurvedic Staples,100% Plant-Based / Vegan,Balanced Clean Protein (20g-34g),320,21,42,6,10,32,5,Pure A2 Desi Cow Ghee,YES,YES,NO,YES,YES,Seed Oil Free; Gluten-Free; High Protein; High Fiber; Low Sugar; Millet / Whole Grain,100% Hand-pressed jowar (sorghum) flour; sprouted dew beans (matki); fresh ginger & garlic; tempered mustard seeds; green chili,21g Plant Protein; Pure A2 Ghee; Zero Seed Oils; 10g Millet Fiber; 100% Gluten-Free,₹305,4.8,376,"Ancient grain sorghum roti hand-patted and puffed on cast-iron tawa, served with enzymatic sprouted dew bean curry. 100% gluten-free.",30.7418,76.78878
in-chandigarh-160009-4,Steamed Ragi Mudde with Huruli (Horsegram) Saaru,Karnataka Millets (Sector 9),"Inner Market, Sector 9, Chandigarh, Chandigarh 160009",Chandigarh,India,160009,Ancient Millets & Ayurvedic Staples,100% Plant-Based / Vegan,Balanced Clean Protein (20g-34g),290,23,38,4,12,26,5,Pure A2 Desi Cow Ghee,YES,YES,NO,YES,YES,Seed Oil Free; Gluten-Free; High Protein; High Fiber; Low Sugar; Millet / Whole Grain,Finger millet (ragi) whole grain flour; horsegram (kulthi) slow broth; crushed peppercorns; fresh coriander roots; curry leaf tadka,23g High-Protein Broth; Pure A2 Cow Ghee; Zero Seed Oils; 12g High Fiber; 100% Gluten-Free,₹200,4.8,310,Legendary Ayurvedic endurance staple. Steamed mineral-rich ragi ball paired with high-protein horsegram broth. Zero seed oils.,30.74208,76.7694
in-chandigarh-160009-5,High-Protein Sattu & Roasted Jeera Buttermilk Bowl,Bihar Sattu & Grain (Sector 9),"Inner Market, Sector 9, Chandigarh, Chandigarh 160009",Chandigarh,India,160009,Pulse & Sprouted Legumes,Vegetarian (Dairy / Pure Ghee),Balanced Clean Protein (20g-34g),270,24,30,5,9,21,4,Cold-Pressed Kachi Ghani Mustard Oil,YES,YES,NO,NO,NO,Seed Oil Free; Gluten-Free; High Protein; High Fiber; Low Sugar; Millet / Whole Grain,Toasted Bengal gram (sattu) flour; churned A2 cow milk chaas; finely chopped shallots & green chilies; kala namak; roasted cumin,24g Clean Pulse Protein; Probiotic Chaas; Zero Seed Oils; 9g Prebiotic Fiber; 100% Gluten-Free,₹352,4.8,372,Cooling powerhouse protein meal with roasted chana flour suspended in churned dahi. Extremely low glycemic index and 100% gluten-free.,30.72887,76.78537
in-lucknow-226001-1,Desi Clay Oven Chicken Tikka (Zero Batter),Fabcafe (Hazratganj),"MG Marg, Hazratganj, Lucknow, Uttar Pradesh 226001",Lucknow,India,226001,Clay Oven & Fire Grills,High-Protein Omnivore / Paleo,Super-High Protein (45g+),380,46,12,12,4,8,1,Pure A2 Desi Cow Ghee,YES,YES,YES,YES,NO,Seed Oil Free; Gluten-Free; High Protein; High Fiber; Low Sugar; Millet / Whole Grain,Pasture-raised chicken breast; hung cow milk dahi; Kashmiri degi mirch; roasted ajwain; kassori methi; fresh lemon,46g Clean Protein; Zero Seed Oils; Clay Oven Roasting; Zero Added Sugar; 100% Gluten-Free,₹275,4.9,294,"Boneless chicken breast steeped in hung curd, ginger-garlic, and cold-ground spices. Roasted in traditional clay tandoor without maida or food colors.",26.83362,80.93231
in-lucknow-226001-2,Organic Palak Paneer & Foxtail Millet Khichdi,EatFit Organic (Hazratganj),"MG Marg, Hazratganj, Lucknow, Uttar Pradesh 226001",Lucknow,India,226001,Ancient Millets & Ayurvedic Staples,Vegetarian (Dairy / Pure Ghee),Balanced Clean Protein (20g-34g),390,26,36,14,9,27,4,Pure A2 Desi Cow Ghee,YES,YES,NO,YES,NO,Seed Oil Free; Gluten-Free; High Protein; High Fiber; Low Sugar; Millet / Whole Grain,Sprouted foxtail millet; pure cow milk paneer cubes; slow-simmered spinach purée; roasted jeera; pink Himalayan salt,26g Dairy & Millet Protein; Pure A2 Cow Ghee; Zero Seed Oils; 9g Dietary Fiber; 100% Gluten-Free,₹306,4.7,207,"Prebiotic superfood bowl cooked with mineral-dense foxtail millets and iron-rich baby spinach. Zero refined oils, naturally gluten-free.",26.85055,80.94886
in-lucknow-226001-3,High-Protein Sprouted Moong & Kala Chana Chaat,Healthy Bites (Hazratganj),"MG Marg, Hazratganj, Lucknow, Uttar Pradesh 226001",Lucknow,India,226001,Pulse & Sprouted Legumes,100% Plant-Based / Vegan,Balanced Clean Protein (20g-34g),260,22,32,4,11,21,4,Cold-Pressed Kachi Ghani Mustard Oil,YES,YES,NO,NO,YES,Seed Oil Free; Gluten-Free; High Protein; High Fiber; Low Sugar; Millet / Whole Grain,Sprouted whole green moong; boiled black chana; diced cucumber & tomatoes; pomegranate arils; fresh lime juice; rock salt,22g Clean Pulse Protein; Raw / Cold-Pressed Mustard Oil; Zero Seed Oils; 11g High Fiber; 100% Gluten-Free,₹261,4.7,224,Bioavailable sprouted pulse chaat tossed raw with digestive roasted cumin and cold-pressed Kachi Ghani oil. Zero cooking loss of vitamins.,26.8383,80.94601
in-lucknow-226001-4,Artisanal Cow Milk Paneer Tikka Salad,Greenr Cafe (Hazratganj),"MG Marg, Hazratganj, Lucknow, Uttar Pradesh 226001",Lucknow,India,226001,Salad & Raw Greens,Vegetarian (Dairy / Pure Ghee),Balanced Clean Protein (20g-34g),340,28,16,16,6,10,2,Pure A2 Desi Cow Ghee,YES,YES,YES,YES,NO,Seed Oil Free; Gluten-Free; High Protein; High Fiber; Low Sugar; Millet / Whole Grain,Organic grass-fed cow paneer; charred bell peppers & onions; massaged baby greens; mint-coriander emulsion; roasted flaxseed,28g High-Quality Protein; Pure A2 Desi Cow Ghee; Zero Seed Oils; 6g Dietary Fiber; 100% Gluten-Free,₹261,4.8,390,"Freshly coagulated cow milk paneer lightly blistered in clay tandoor. Low carb, high calcium, zero wheat additives.",26.85605,80.95215
in-lucknow-226001-5,Coastal Wild Kingfish Tawa Steak,Mojigao Coastal (Hazratganj),"MG Marg, Hazratganj, Lucknow, Uttar Pradesh 226001",Lucknow,India,226001,Wild Seafood & Coastal,Pescetarian,High Protein (35g-44g),410,44,8,18,4,4,1,Wood-Pressed Virgin Coconut Oil,YES,YES,YES,NO,YES,Seed Oil Free; Gluten-Free; High Protein; High Fiber; Low Sugar; Millet / Whole Grain,Wild-caught coastal kingfish / surmai; freshly ground Malabar pepper; kokum extract; curry leaves; steamed French beans,44g Wild Marine Protein; Wood-Pressed Coconut Oil; Zero Seed Oils; Heart-Healthy Omega 3; 100% Gluten-Free,₹300,4.9,224,"Fresh caught kingfish pan-seared gently in cold-pressed virgin coconut oil with digestive kokum. Zero batter, zero trans-fats.",26.85998,80.95897
in-lucknow-226010-1,Artisanal Cow Milk Paneer Tikka Salad,Greenr Cafe (Gomti Nagar),"Vipin Khand, Gomti Nagar, Lucknow, Uttar Pradesh 226010",Lucknow,India,226010,Salad & Raw Greens,Vegetarian (Dairy / Pure Ghee),Balanced Clean Protein (20g-34g),340,28,16,16,6,10,2,Pure A2 Desi Cow Ghee,YES,YES,YES,YES,NO,Seed Oil Free; Gluten-Free; High Protein; High Fiber; Low Sugar; Millet / Whole Grain,Organic grass-fed cow paneer; charred bell peppers & onions; massaged baby greens; mint-coriander emulsion; roasted flaxseed,28g High-Quality Protein; Pure A2 Desi Cow Ghee; Zero Seed Oils; 6g Dietary Fiber; 100% Gluten-Free,₹218,4.8,83,"Freshly coagulated cow milk paneer lightly blistered in clay tandoor. Low carb, high calcium, zero wheat additives.",26.83833,80.95877
in-lucknow-226010-2,Coastal Wild Kingfish Tawa Steak,Mojigao Coastal (Gomti Nagar),"Vipin Khand, Gomti Nagar, Lucknow, Uttar Pradesh 226010",Lucknow,India,226010,Wild Seafood & Coastal,Pescetarian,High Protein (35g-44g),410,44,8,18,4,4,1,Wood-Pressed Virgin Coconut Oil,YES,YES,YES,NO,YES,Seed Oil Free; Gluten-Free; High Protein; High Fiber; Low Sugar; Millet / Whole Grain,Wild-caught coastal kingfish / surmai; freshly ground Malabar pepper; kokum extract; curry leaves; steamed French beans,44g Wild Marine Protein; Wood-Pressed Coconut Oil; Zero Seed Oils; Heart-Healthy Omega 3; 100% Gluten-Free,₹385,4.8,140,"Fresh caught kingfish pan-seared gently in cold-pressed virgin coconut oil with digestive kokum. Zero batter, zero trans-fats.",26.8598,80.96011
in-lucknow-226010-3,Jowar Bhakri with Sprouted Matki Usal,Swaad Organic (Gomti Nagar),"Vipin Khand, Gomti Nagar, Lucknow, Uttar Pradesh 226010",Lucknow,India,226010,Ancient Millets & Ayurvedic Staples,100% Plant-Based / Vegan,Balanced Clean Protein (20g-34g),320,21,42,6,10,32,5,Pure A2 Desi Cow Ghee,YES,YES,NO,YES,YES,Seed Oil Free; Gluten-Free; High Protein; High Fiber; Low Sugar; Millet / Whole Grain,100% Hand-pressed jowar (sorghum) flour; sprouted dew beans (matki); fresh ginger & garlic; tempered mustard seeds; green chili,21g Plant Protein; Pure A2 Ghee; Zero Seed Oils; 10g Millet Fiber; 100% Gluten-Free,₹348,4.9,345,"Ancient grain sorghum roti hand-patted and puffed on cast-iron tawa, served with enzymatic sprouted dew bean curry. 100% gluten-free.",26.83785,80.9328
in-lucknow-226010-4,Steamed Ragi Mudde with Huruli (Horsegram) Saaru,Karnataka Millets (Gomti Nagar),"Vipin Khand, Gomti Nagar, Lucknow, Uttar Pradesh 226010",Lucknow,India,226010,Ancient Millets & Ayurvedic Staples,100% Plant-Based / Vegan,Balanced Clean Protein (20g-34g),290,23,38,4,12,26,5,Pure A2 Desi Cow Ghee,YES,YES,NO,YES,YES,Seed Oil Free; Gluten-Free; High Protein; High Fiber; Low Sugar; Millet / Whole Grain,Finger millet (ragi) whole grain flour; horsegram (kulthi) slow broth; crushed peppercorns; fresh coriander roots; curry leaf tadka,23g High-Protein Broth; Pure A2 Cow Ghee; Zero Seed Oils; 12g High Fiber; 100% Gluten-Free,₹336,4.7,247,Legendary Ayurvedic endurance staple. Steamed mineral-rich ragi ball paired with high-protein horsegram broth. Zero seed oils.,26.85361,80.94331
in-lucknow-226010-5,High-Protein Sattu & Roasted Jeera Buttermilk Bowl,Bihar Sattu & Grain (Gomti Nagar),"Vipin Khand, Gomti Nagar, Lucknow, Uttar Pradesh 226010",Lucknow,India,226010,Pulse & Sprouted Legumes,Vegetarian (Dairy / Pure Ghee),Balanced Clean Protein (20g-34g),270,24,30,5,9,21,4,Cold-Pressed Kachi Ghani Mustard Oil,YES,YES,NO,NO,NO,Seed Oil Free; Gluten-Free; High Protein; High Fiber; Low Sugar; Millet / Whole Grain,Toasted Bengal gram (sattu) flour; churned A2 cow milk chaas; finely chopped shallots & green chilies; kala namak; roasted cumin,24g Clean Pulse Protein; Probiotic Chaas; Zero Seed Oils; 9g Prebiotic Fiber; 100% Gluten-Free,₹384,4.8,244,Cooling powerhouse protein meal with roasted chana flour suspended in churned dahi. Extremely low glycemic index and 100% gluten-free.,26.85115,80.94267
in-amritsar-143001-1,Desi Clay Oven Chicken Tikka (Zero Batter),Fabcafe (Ranjit Avenue),"B-Block, Ranjit Avenue, Amritsar, Punjab 143001",Amritsar,India,143001,Clay Oven & Fire Grills,High-Protein Omnivore / Paleo,Super-High Protein (45g+),380,46,12,12,4,8,1,Pure A2 Desi Cow Ghee,YES,YES,YES,YES,NO,Seed Oil Free; Gluten-Free; High Protein; High Fiber; Low Sugar; Millet / Whole Grain,Pasture-raised chicken breast; hung cow milk dahi; Kashmiri degi mirch; roasted ajwain; kassori methi; fresh lemon,46g Clean Protein; Zero Seed Oils; Clay Oven Roasting; Zero Added Sugar; 100% Gluten-Free,₹181,4.9,166,"Boneless chicken breast steeped in hung curd, ginger-garlic, and cold-ground spices. Roasted in traditional clay tandoor without maida or food colors.",31.62413,74.85839
in-amritsar-143001-2,Organic Palak Paneer & Foxtail Millet Khichdi,EatFit Organic (Ranjit Avenue),"B-Block, Ranjit Avenue, Amritsar, Punjab 143001",Amritsar,India,143001,Ancient Millets & Ayurvedic Staples,Vegetarian (Dairy / Pure Ghee),Balanced Clean Protein (20g-34g),390,26,36,14,9,27,4,Pure A2 Desi Cow Ghee,YES,YES,NO,YES,NO,Seed Oil Free; Gluten-Free; High Protein; High Fiber; Low Sugar; Millet / Whole Grain,Sprouted foxtail millet; pure cow milk paneer cubes; slow-simmered spinach purée; roasted jeera; pink Himalayan salt,26g Dairy & Millet Protein; Pure A2 Cow Ghee; Zero Seed Oils; 9g Dietary Fiber; 100% Gluten-Free,₹360,4.8,178,"Prebiotic superfood bowl cooked with mineral-dense foxtail millets and iron-rich baby spinach. Zero refined oils, naturally gluten-free.",31.6448,74.88209
in-amritsar-143001-3,High-Protein Sprouted Moong & Kala Chana Chaat,Healthy Bites (Ranjit Avenue),"B-Block, Ranjit Avenue, Amritsar, Punjab 143001",Amritsar,India,143001,Pulse & Sprouted Legumes,100% Plant-Based / Vegan,Balanced Clean Protein (20g-34g),260,22,32,4,11,21,4,Cold-Pressed Kachi Ghani Mustard Oil,YES,YES,NO,NO,YES,Seed Oil Free; Gluten-Free; High Protein; High Fiber; Low Sugar; Millet / Whole Grain,Sprouted whole green moong; boiled black chana; diced cucumber & tomatoes; pomegranate arils; fresh lime juice; rock salt,22g Clean Pulse Protein; Raw / Cold-Pressed Mustard Oil; Zero Seed Oils; 11g High Fiber; 100% Gluten-Free,₹297,4.8,363,Bioavailable sprouted pulse chaat tossed raw with digestive roasted cumin and cold-pressed Kachi Ghani oil. Zero cooking loss of vitamins.,31.63755,74.86541
in-amritsar-143001-4,Artisanal Cow Milk Paneer Tikka Salad,Greenr Cafe (Ranjit Avenue),"B-Block, Ranjit Avenue, Amritsar, Punjab 143001",Amritsar,India,143001,Salad & Raw Greens,Vegetarian (Dairy / Pure Ghee),Balanced Clean Protein (20g-34g),340,28,16,16,6,10,2,Pure A2 Desi Cow Ghee,YES,YES,YES,YES,NO,Seed Oil Free; Gluten-Free; High Protein; High Fiber; Low Sugar; Millet / Whole Grain,Organic grass-fed cow paneer; charred bell peppers & onions; massaged baby greens; mint-coriander emulsion; roasted flaxseed,28g High-Quality Protein; Pure A2 Desi Cow Ghee; Zero Seed Oils; 6g Dietary Fiber; 100% Gluten-Free,₹300,4.8,253,"Freshly coagulated cow milk paneer lightly blistered in clay tandoor. Low carb, high calcium, zero wheat additives.",31.64201,74.88367
in-amritsar-143001-5,Coastal Wild Kingfish Tawa Steak,Mojigao Coastal (Ranjit Avenue),"B-Block, Ranjit Avenue, Amritsar, Punjab 143001",Amritsar,India,143001,Wild Seafood & Coastal,Pescetarian,High Protein (35g-44g),410,44,8,18,4,4,1,Wood-Pressed Virgin Coconut Oil,YES,YES,YES,NO,YES,Seed Oil Free; Gluten-Free; High Protein; High Fiber; Low Sugar; Millet / Whole Grain,Wild-caught coastal kingfish / surmai; freshly ground Malabar pepper; kokum extract; curry leaves; steamed French beans,44g Wild Marine Protein; Wood-Pressed Coconut Oil; Zero Seed Oils; Heart-Healthy Omega 3; 100% Gluten-Free,₹243,4.7,346,"Fresh caught kingfish pan-seared gently in cold-pressed virgin coconut oil with digestive kokum. Zero batter, zero trans-fats.",31.62806,74.86646
in-dehradun-248001-1,Desi Clay Oven Chicken Tikka (Zero Batter),Fabcafe (Rajpur Road),"Rajpur Road Promenade, Dehradun, Uttarakhand 248001",Dehradun,India,248001,Clay Oven & Fire Grills,High-Protein Omnivore / Paleo,Super-High Protein (45g+),380,46,12,12,4,8,1,Pure A2 Desi Cow Ghee,YES,YES,YES,YES,NO,Seed Oil Free; Gluten-Free; High Protein; High Fiber; Low Sugar; Millet / Whole Grain,Pasture-raised chicken breast; hung cow milk dahi; Kashmiri degi mirch; roasted ajwain; kassori methi; fresh lemon,46g Clean Protein; Zero Seed Oils; Clay Oven Roasting; Zero Added Sugar; 100% Gluten-Free,₹321,4.9,217,"Boneless chicken breast steeped in hung curd, ginger-garlic, and cold-ground spices. Roasted in traditional clay tandoor without maida or food colors.",30.32474,78.03718
in-dehradun-248001-2,Organic Palak Paneer & Foxtail Millet Khichdi,EatFit Organic (Rajpur Road),"Rajpur Road Promenade, Dehradun, Uttarakhand 248001",Dehradun,India,248001,Ancient Millets & Ayurvedic Staples,Vegetarian (Dairy / Pure Ghee),Balanced Clean Protein (20g-34g),390,26,36,14,9,27,4,Pure A2 Desi Cow Ghee,YES,YES,NO,YES,NO,Seed Oil Free; Gluten-Free; High Protein; High Fiber; Low Sugar; Millet / Whole Grain,Sprouted foxtail millet; pure cow milk paneer cubes; slow-simmered spinach purée; roasted jeera; pink Himalayan salt,26g Dairy & Millet Protein; Pure A2 Cow Ghee; Zero Seed Oils; 9g Dietary Fiber; 100% Gluten-Free,₹297,4.8,365,"Prebiotic superfood bowl cooked with mineral-dense foxtail millets and iron-rich baby spinach. Zero refined oils, naturally gluten-free.",30.30858,78.02811
in-dehradun-248001-3,High-Protein Sprouted Moong & Kala Chana Chaat,Healthy Bites (Rajpur Road),"Rajpur Road Promenade, Dehradun, Uttarakhand 248001",Dehradun,India,248001,Pulse & Sprouted Legumes,100% Plant-Based / Vegan,Balanced Clean Protein (20g-34g),260,22,32,4,11,21,4,Cold-Pressed Kachi Ghani Mustard Oil,YES,YES,NO,NO,YES,Seed Oil Free; Gluten-Free; High Protein; High Fiber; Low Sugar; Millet / Whole Grain,Sprouted whole green moong; boiled black chana; diced cucumber & tomatoes; pomegranate arils; fresh lime juice; rock salt,22g Clean Pulse Protein; Raw / Cold-Pressed Mustard Oil; Zero Seed Oils; 11g High Fiber; 100% Gluten-Free,₹322,4.8,261,Bioavailable sprouted pulse chaat tossed raw with digestive roasted cumin and cold-pressed Kachi Ghani oil. Zero cooking loss of vitamins.,30.30525,78.04041
in-dehradun-248001-4,Artisanal Cow Milk Paneer Tikka Salad,Greenr Cafe (Rajpur Road),"Rajpur Road Promenade, Dehradun, Uttarakhand 248001",Dehradun,India,248001,Salad & Raw Greens,Vegetarian (Dairy / Pure Ghee),Balanced Clean Protein (20g-34g),340,28,16,16,6,10,2,Pure A2 Desi Cow Ghee,YES,YES,YES,YES,NO,Seed Oil Free; Gluten-Free; High Protein; High Fiber; Low Sugar; Millet / Whole Grain,Organic grass-fed cow paneer; charred bell peppers & onions; massaged baby greens; mint-coriander emulsion; roasted flaxseed,28g High-Quality Protein; Pure A2 Desi Cow Ghee; Zero Seed Oils; 6g Dietary Fiber; 100% Gluten-Free,₹207,4.8,199,"Freshly coagulated cow milk paneer lightly blistered in clay tandoor. Low carb, high calcium, zero wheat additives.",30.32493,78.02113
in-dehradun-248001-5,Coastal Wild Kingfish Tawa Steak,Mojigao Coastal (Rajpur Road),"Rajpur Road Promenade, Dehradun, Uttarakhand 248001",Dehradun,India,248001,Wild Seafood & Coastal,Pescetarian,High Protein (35g-44g),410,44,8,18,4,4,1,Wood-Pressed Virgin Coconut Oil,YES,YES,YES,NO,YES,Seed Oil Free; Gluten-Free; High Protein; High Fiber; Low Sugar; Millet / Whole Grain,Wild-caught coastal kingfish / surmai; freshly ground Malabar pepper; kokum extract; curry leaves; steamed French beans,44g Wild Marine Protein; Wood-Pressed Coconut Oil; Zero Seed Oils; Heart-Healthy Omega 3; 100% Gluten-Free,₹391,4.9,339,"Fresh caught kingfish pan-seared gently in cold-pressed virgin coconut oil with digestive kokum. Zero batter, zero trans-fats.",30.32959,78.02363
in-rishikesh-249201-1,Desi Clay Oven Chicken Tikka (Zero Batter),Fabcafe (Tapovan / Laxman Jhula),"Badrinath Rd, Tapovan, Rishikesh, Uttarakhand 249201",Rishikesh,India,249201,Clay Oven & Fire Grills,High-Protein Omnivore / Paleo,Super-High Protein (45g+),380,46,12,12,4,8,1,Pure A2 Desi Cow Ghee,YES,YES,YES,YES,NO,Seed Oil Free; Gluten-Free; High Protein; High Fiber; Low Sugar; Millet / Whole Grain,Pasture-raised chicken breast; hung cow milk dahi; Kashmiri degi mirch; roasted ajwain; kassori methi; fresh lemon,46g Clean Protein; Zero Seed Oils; Clay Oven Roasting; Zero Added Sugar; 100% Gluten-Free,₹208,4.8,216,"Boneless chicken breast steeped in hung curd, ginger-garlic, and cold-ground spices. Roasted in traditional clay tandoor without maida or food colors.",30.09285,78.27071
in-rishikesh-249201-2,Organic Palak Paneer & Foxtail Millet Khichdi,EatFit Organic (Tapovan / Laxman Jhula),"Badrinath Rd, Tapovan, Rishikesh, Uttarakhand 249201",Rishikesh,India,249201,Ancient Millets & Ayurvedic Staples,Vegetarian (Dairy / Pure Ghee),Balanced Clean Protein (20g-34g),390,26,36,14,9,27,4,Pure A2 Desi Cow Ghee,YES,YES,NO,YES,NO,Seed Oil Free; Gluten-Free; High Protein; High Fiber; Low Sugar; Millet / Whole Grain,Sprouted foxtail millet; pure cow milk paneer cubes; slow-simmered spinach purée; roasted jeera; pink Himalayan salt,26g Dairy & Millet Protein; Pure A2 Cow Ghee; Zero Seed Oils; 9g Dietary Fiber; 100% Gluten-Free,₹275,4.7,387,"Prebiotic superfood bowl cooked with mineral-dense foxtail millets and iron-rich baby spinach. Zero refined oils, naturally gluten-free.",30.09013,78.27565
in-rishikesh-249201-3,High-Protein Sprouted Moong & Kala Chana Chaat,Healthy Bites (Tapovan / Laxman Jhula),"Badrinath Rd, Tapovan, Rishikesh, Uttarakhand 249201",Rishikesh,India,249201,Pulse & Sprouted Legumes,100% Plant-Based / Vegan,Balanced Clean Protein (20g-34g),260,22,32,4,11,21,4,Cold-Pressed Kachi Ghani Mustard Oil,YES,YES,NO,NO,YES,Seed Oil Free; Gluten-Free; High Protein; High Fiber; Low Sugar; Millet / Whole Grain,Sprouted whole green moong; boiled black chana; diced cucumber & tomatoes; pomegranate arils; fresh lime juice; rock salt,22g Clean Pulse Protein; Raw / Cold-Pressed Mustard Oil; Zero Seed Oils; 11g High Fiber; 100% Gluten-Free,₹281,4.8,297,Bioavailable sprouted pulse chaat tossed raw with digestive roasted cumin and cold-pressed Kachi Ghani oil. Zero cooking loss of vitamins.,30.09015,78.28144
in-rishikesh-249201-4,Artisanal Cow Milk Paneer Tikka Salad,Greenr Cafe (Tapovan / Laxman Jhula),"Badrinath Rd, Tapovan, Rishikesh, Uttarakhand 249201",Rishikesh,India,249201,Salad & Raw Greens,Vegetarian (Dairy / Pure Ghee),Balanced Clean Protein (20g-34g),340,28,16,16,6,10,2,Pure A2 Desi Cow Ghee,YES,YES,YES,YES,NO,Seed Oil Free; Gluten-Free; High Protein; High Fiber; Low Sugar; Millet / Whole Grain,Organic grass-fed cow paneer; charred bell peppers & onions; massaged baby greens; mint-coriander emulsion; roasted flaxseed,28g High-Quality Protein; Pure A2 Desi Cow Ghee; Zero Seed Oils; 6g Dietary Fiber; 100% Gluten-Free,₹330,4.8,81,"Freshly coagulated cow milk paneer lightly blistered in clay tandoor. Low carb, high calcium, zero wheat additives.",30.09398,78.28231
in-rishikesh-249201-5,Coastal Wild Kingfish Tawa Steak,Mojigao Coastal (Tapovan / Laxman Jhula),"Badrinath Rd, Tapovan, Rishikesh, Uttarakhand 249201",Rishikesh,India,249201,Wild Seafood & Coastal,Pescetarian,High Protein (35g-44g),410,44,8,18,4,4,1,Wood-Pressed Virgin Coconut Oil,YES,YES,YES,NO,YES,Seed Oil Free; Gluten-Free; High Protein; High Fiber; Low Sugar; Millet / Whole Grain,Wild-caught coastal kingfish / surmai; freshly ground Malabar pepper; kokum extract; curry leaves; steamed French beans,44g Wild Marine Protein; Wood-Pressed Coconut Oil; Zero Seed Oils; Heart-Healthy Omega 3; 100% Gluten-Free,₹299,4.8,157,"Fresh caught kingfish pan-seared gently in cold-pressed virgin coconut oil with digestive kokum. Zero batter, zero trans-fats.",30.09409,78.26698
in-kolkata-700069-1,Desi Clay Oven Chicken Tikka (Zero Batter),Fabcafe (Esplanade),"Dacres Lane, Esplanade, Kolkata, West Bengal 700069",Kolkata,India,700069,Clay Oven & Fire Grills,High-Protein Omnivore / Paleo,Super-High Protein (45g+),380,46,12,12,4,8,1,Pure A2 Desi Cow Ghee,YES,YES,YES,YES,NO,Seed Oil Free; Gluten-Free; High Protein; High Fiber; Low Sugar; Millet / Whole Grain,Pasture-raised chicken breast; hung cow milk dahi; Kashmiri degi mirch; roasted ajwain; kassori methi; fresh lemon,46g Clean Protein; Zero Seed Oils; Clay Oven Roasting; Zero Added Sugar; 100% Gluten-Free,₹320,4.7,394,"Boneless chicken breast steeped in hung curd, ginger-garlic, and cold-ground spices. Roasted in traditional clay tandoor without maida or food colors.",22.56505,88.36356
in-kolkata-700069-2,Organic Palak Paneer & Foxtail Millet Khichdi,EatFit Organic (Esplanade),"Dacres Lane, Esplanade, Kolkata, West Bengal 700069",Kolkata,India,700069,Ancient Millets & Ayurvedic Staples,Vegetarian (Dairy / Pure Ghee),Balanced Clean Protein (20g-34g),390,26,36,14,9,27,4,Pure A2 Desi Cow Ghee,YES,YES,NO,YES,NO,Seed Oil Free; Gluten-Free; High Protein; High Fiber; Low Sugar; Millet / Whole Grain,Sprouted foxtail millet; pure cow milk paneer cubes; slow-simmered spinach purée; roasted jeera; pink Himalayan salt,26g Dairy & Millet Protein; Pure A2 Cow Ghee; Zero Seed Oils; 9g Dietary Fiber; 100% Gluten-Free,₹254,4.7,147,"Prebiotic superfood bowl cooked with mineral-dense foxtail millets and iron-rich baby spinach. Zero refined oils, naturally gluten-free.",22.55974,88.35477
in-kolkata-700069-3,High-Protein Sprouted Moong & Kala Chana Chaat,Healthy Bites (Esplanade),"Dacres Lane, Esplanade, Kolkata, West Bengal 700069",Kolkata,India,700069,Pulse & Sprouted Legumes,100% Plant-Based / Vegan,Balanced Clean Protein (20g-34g),260,22,32,4,11,21,4,Cold-Pressed Kachi Ghani Mustard Oil,YES,YES,NO,NO,YES,Seed Oil Free; Gluten-Free; High Protein; High Fiber; Low Sugar; Millet / Whole Grain,Sprouted whole green moong; boiled black chana; diced cucumber & tomatoes; pomegranate arils; fresh lime juice; rock salt,22g Clean Pulse Protein; Raw / Cold-Pressed Mustard Oil; Zero Seed Oils; 11g High Fiber; 100% Gluten-Free,₹347,4.8,120,Bioavailable sprouted pulse chaat tossed raw with digestive roasted cumin and cold-pressed Kachi Ghani oil. Zero cooking loss of vitamins.,22.57069,88.37465
in-kolkata-700069-4,Artisanal Cow Milk Paneer Tikka Salad,Greenr Cafe (Esplanade),"Dacres Lane, Esplanade, Kolkata, West Bengal 700069",Kolkata,India,700069,Salad & Raw Greens,Vegetarian (Dairy / Pure Ghee),Balanced Clean Protein (20g-34g),340,28,16,16,6,10,2,Pure A2 Desi Cow Ghee,YES,YES,YES,YES,NO,Seed Oil Free; Gluten-Free; High Protein; High Fiber; Low Sugar; Millet / Whole Grain,Organic grass-fed cow paneer; charred bell peppers & onions; massaged baby greens; mint-coriander emulsion; roasted flaxseed,28g High-Quality Protein; Pure A2 Desi Cow Ghee; Zero Seed Oils; 6g Dietary Fiber; 100% Gluten-Free,₹210,4.7,149,"Freshly coagulated cow milk paneer lightly blistered in clay tandoor. Low carb, high calcium, zero wheat additives.",22.58102,88.36397
in-kolkata-700069-5,Coastal Wild Kingfish Tawa Steak,Mojigao Coastal (Esplanade),"Dacres Lane, Esplanade, Kolkata, West Bengal 700069",Kolkata,India,700069,Wild Seafood & Coastal,Pescetarian,High Protein (35g-44g),410,44,8,18,4,4,1,Wood-Pressed Virgin Coconut Oil,YES,YES,YES,NO,YES,Seed Oil Free; Gluten-Free; High Protein; High Fiber; Low Sugar; Millet / Whole Grain,Wild-caught coastal kingfish / surmai; freshly ground Malabar pepper; kokum extract; curry leaves; steamed French beans,44g Wild Marine Protein; Wood-Pressed Coconut Oil; Zero Seed Oils; Heart-Healthy Omega 3; 100% Gluten-Free,₹332,4.9,175,"Fresh caught kingfish pan-seared gently in cold-pressed virgin coconut oil with digestive kokum. Zero batter, zero trans-fats.",22.56284,88.35822
in-kolkata-700016-1,Artisanal Cow Milk Paneer Tikka Salad,Greenr Cafe (Park Street),"Park Street Crossing, Kolkata, West Bengal 700016",Kolkata,India,700016,Salad & Raw Greens,Vegetarian (Dairy / Pure Ghee),Balanced Clean Protein (20g-34g),340,28,16,16,6,10,2,Pure A2 Desi Cow Ghee,YES,YES,YES,YES,NO,Seed Oil Free; Gluten-Free; High Protein; High Fiber; Low Sugar; Millet / Whole Grain,Organic grass-fed cow paneer; charred bell peppers & onions; massaged baby greens; mint-coriander emulsion; roasted flaxseed,28g High-Quality Protein; Pure A2 Desi Cow Ghee; Zero Seed Oils; 6g Dietary Fiber; 100% Gluten-Free,₹322,4.7,100,"Freshly coagulated cow milk paneer lightly blistered in clay tandoor. Low carb, high calcium, zero wheat additives.",22.5718,88.35145
in-kolkata-700016-2,Coastal Wild Kingfish Tawa Steak,Mojigao Coastal (Park Street),"Park Street Crossing, Kolkata, West Bengal 700016",Kolkata,India,700016,Wild Seafood & Coastal,Pescetarian,High Protein (35g-44g),410,44,8,18,4,4,1,Wood-Pressed Virgin Coconut Oil,YES,YES,YES,NO,YES,Seed Oil Free; Gluten-Free; High Protein; High Fiber; Low Sugar; Millet / Whole Grain,Wild-caught coastal kingfish / surmai; freshly ground Malabar pepper; kokum extract; curry leaves; steamed French beans,44g Wild Marine Protein; Wood-Pressed Coconut Oil; Zero Seed Oils; Heart-Healthy Omega 3; 100% Gluten-Free,₹227,4.7,348,"Fresh caught kingfish pan-seared gently in cold-pressed virgin coconut oil with digestive kokum. Zero batter, zero trans-fats.",22.55947,88.36571
in-kolkata-700016-3,Jowar Bhakri with Sprouted Matki Usal,Swaad Organic (Park Street),"Park Street Crossing, Kolkata, West Bengal 700016",Kolkata,India,700016,Ancient Millets & Ayurvedic Staples,100% Plant-Based / Vegan,Balanced Clean Protein (20g-34g),320,21,42,6,10,32,5,Pure A2 Desi Cow Ghee,YES,YES,NO,YES,YES,Seed Oil Free; Gluten-Free; High Protein; High Fiber; Low Sugar; Millet / Whole Grain,100% Hand-pressed jowar (sorghum) flour; sprouted dew beans (matki); fresh ginger & garlic; tempered mustard seeds; green chili,21g Plant Protein; Pure A2 Ghee; Zero Seed Oils; 10g Millet Fiber; 100% Gluten-Free,₹202,4.9,306,"Ancient grain sorghum roti hand-patted and puffed on cast-iron tawa, served with enzymatic sprouted dew bean curry. 100% gluten-free.",22.5866,88.37393
in-kolkata-700016-4,Steamed Ragi Mudde with Huruli (Horsegram) Saaru,Karnataka Millets (Park Street),"Park Street Crossing, Kolkata, West Bengal 700016",Kolkata,India,700016,Ancient Millets & Ayurvedic Staples,100% Plant-Based / Vegan,Balanced Clean Protein (20g-34g),290,23,38,4,12,26,5,Pure A2 Desi Cow Ghee,YES,YES,NO,YES,YES,Seed Oil Free; Gluten-Free; High Protein; High Fiber; Low Sugar; Millet / Whole Grain,Finger millet (ragi) whole grain flour; horsegram (kulthi) slow broth; crushed peppercorns; fresh coriander roots; curry leaf tadka,23g High-Protein Broth; Pure A2 Cow Ghee; Zero Seed Oils; 12g High Fiber; 100% Gluten-Free,₹198,4.7,116,Legendary Ayurvedic endurance staple. Steamed mineral-rich ragi ball paired with high-protein horsegram broth. Zero seed oils.,22.56967,88.35981
in-kolkata-700016-5,High-Protein Sattu & Roasted Jeera Buttermilk Bowl,Bihar Sattu & Grain (Park Street),"Park Street Crossing, Kolkata, West Bengal 700016",Kolkata,India,700016,Pulse & Sprouted Legumes,Vegetarian (Dairy / Pure Ghee),Balanced Clean Protein (20g-34g),270,24,30,5,9,21,4,Cold-Pressed Kachi Ghani Mustard Oil,YES,YES,NO,NO,NO,Seed Oil Free; Gluten-Free; High Protein; High Fiber; Low Sugar; Millet / Whole Grain,Toasted Bengal gram (sattu) flour; churned A2 cow milk chaas; finely chopped shallots & green chilies; kala namak; roasted cumin,24g Clean Pulse Protein; Probiotic Chaas; Zero Seed Oils; 9g Prebiotic Fiber; 100% Gluten-Free,₹251,4.7,197,Cooling powerhouse protein meal with roasted chana flour suspended in churned dahi. Extremely low glycemic index and 100% gluten-free.,22.55848,88.35768
in-indore-452001-1,Desi Clay Oven Chicken Tikka (Zero Batter),Fabcafe (Chappan Dukan),"New Palasia, Chappan Dukan, Indore, Madhya Pradesh 452001",Indore,India,452001,Clay Oven & Fire Grills,High-Protein Omnivore / Paleo,Super-High Protein (45g+),380,46,12,12,4,8,1,Pure A2 Desi Cow Ghee,YES,YES,YES,YES,NO,Seed Oil Free; Gluten-Free; High Protein; High Fiber; Low Sugar; Millet / Whole Grain,Pasture-raised chicken breast; hung cow milk dahi; Kashmiri degi mirch; roasted ajwain; kassori methi; fresh lemon,46g Clean Protein; Zero Seed Oils; Clay Oven Roasting; Zero Added Sugar; 100% Gluten-Free,₹199,4.7,149,"Boneless chicken breast steeped in hung curd, ginger-garlic, and cold-ground spices. Roasted in traditional clay tandoor without maida or food colors.",22.71356,75.84496
in-indore-452001-2,Organic Palak Paneer & Foxtail Millet Khichdi,EatFit Organic (Chappan Dukan),"New Palasia, Chappan Dukan, Indore, Madhya Pradesh 452001",Indore,India,452001,Ancient Millets & Ayurvedic Staples,Vegetarian (Dairy / Pure Ghee),Balanced Clean Protein (20g-34g),390,26,36,14,9,27,4,Pure A2 Desi Cow Ghee,YES,YES,NO,YES,NO,Seed Oil Free; Gluten-Free; High Protein; High Fiber; Low Sugar; Millet / Whole Grain,Sprouted foxtail millet; pure cow milk paneer cubes; slow-simmered spinach purée; roasted jeera; pink Himalayan salt,26g Dairy & Millet Protein; Pure A2 Cow Ghee; Zero Seed Oils; 9g Dietary Fiber; 100% Gluten-Free,₹241,4.9,210,"Prebiotic superfood bowl cooked with mineral-dense foxtail millets and iron-rich baby spinach. Zero refined oils, naturally gluten-free.",22.73323,75.85514
in-indore-452001-3,High-Protein Sprouted Moong & Kala Chana Chaat,Healthy Bites (Chappan Dukan),"New Palasia, Chappan Dukan, Indore, Madhya Pradesh 452001",Indore,India,452001,Pulse & Sprouted Legumes,100% Plant-Based / Vegan,Balanced Clean Protein (20g-34g),260,22,32,4,11,21,4,Cold-Pressed Kachi Ghani Mustard Oil,YES,YES,NO,NO,YES,Seed Oil Free; Gluten-Free; High Protein; High Fiber; Low Sugar; Millet / Whole Grain,Sprouted whole green moong; boiled black chana; diced cucumber & tomatoes; pomegranate arils; fresh lime juice; rock salt,22g Clean Pulse Protein; Raw / Cold-Pressed Mustard Oil; Zero Seed Oils; 11g High Fiber; 100% Gluten-Free,₹360,4.8,227,Bioavailable sprouted pulse chaat tossed raw with digestive roasted cumin and cold-pressed Kachi Ghani oil. Zero cooking loss of vitamins.,22.72267,75.84996
in-indore-452001-4,Artisanal Cow Milk Paneer Tikka Salad,Greenr Cafe (Chappan Dukan),"New Palasia, Chappan Dukan, Indore, Madhya Pradesh 452001",Indore,India,452001,Salad & Raw Greens,Vegetarian (Dairy / Pure Ghee),Balanced Clean Protein (20g-34g),340,28,16,16,6,10,2,Pure A2 Desi Cow Ghee,YES,YES,YES,YES,NO,Seed Oil Free; Gluten-Free; High Protein; High Fiber; Low Sugar; Millet / Whole Grain,Organic grass-fed cow paneer; charred bell peppers & onions; massaged baby greens; mint-coriander emulsion; roasted flaxseed,28g High-Quality Protein; Pure A2 Desi Cow Ghee; Zero Seed Oils; 6g Dietary Fiber; 100% Gluten-Free,₹387,4.9,130,"Freshly coagulated cow milk paneer lightly blistered in clay tandoor. Low carb, high calcium, zero wheat additives.",22.7148,75.85712
in-indore-452001-5,Coastal Wild Kingfish Tawa Steak,Mojigao Coastal (Chappan Dukan),"New Palasia, Chappan Dukan, Indore, Madhya Pradesh 452001",Indore,India,452001,Wild Seafood & Coastal,Pescetarian,High Protein (35g-44g),410,44,8,18,4,4,1,Wood-Pressed Virgin Coconut Oil,YES,YES,YES,NO,YES,Seed Oil Free; Gluten-Free; High Protein; High Fiber; Low Sugar; Millet / Whole Grain,Wild-caught coastal kingfish / surmai; freshly ground Malabar pepper; kokum extract; curry leaves; steamed French beans,44g Wild Marine Protein; Wood-Pressed Coconut Oil; Zero Seed Oils; Heart-Healthy Omega 3; 100% Gluten-Free,₹311,4.8,301,"Fresh caught kingfish pan-seared gently in cold-pressed virgin coconut oil with digestive kokum. Zero batter, zero trans-fats.",22.72102,75.85831
in-indore-452010-1,Artisanal Cow Milk Paneer Tikka Salad,Greenr Cafe (Vijay Nagar),"Scheme 54, Vijay Nagar, Indore, Madhya Pradesh 452010",Indore,India,452010,Salad & Raw Greens,Vegetarian (Dairy / Pure Ghee),Balanced Clean Protein (20g-34g),340,28,16,16,6,10,2,Pure A2 Desi Cow Ghee,YES,YES,YES,YES,NO,Seed Oil Free; Gluten-Free; High Protein; High Fiber; Low Sugar; Millet / Whole Grain,Organic grass-fed cow paneer; charred bell peppers & onions; massaged baby greens; mint-coriander emulsion; roasted flaxseed,28g High-Quality Protein; Pure A2 Desi Cow Ghee; Zero Seed Oils; 6g Dietary Fiber; 100% Gluten-Free,₹393,4.7,347,"Freshly coagulated cow milk paneer lightly blistered in clay tandoor. Low carb, high calcium, zero wheat additives.",22.7081,75.85213
in-indore-452010-2,Coastal Wild Kingfish Tawa Steak,Mojigao Coastal (Vijay Nagar),"Scheme 54, Vijay Nagar, Indore, Madhya Pradesh 452010",Indore,India,452010,Wild Seafood & Coastal,Pescetarian,High Protein (35g-44g),410,44,8,18,4,4,1,Wood-Pressed Virgin Coconut Oil,YES,YES,YES,NO,YES,Seed Oil Free; Gluten-Free; High Protein; High Fiber; Low Sugar; Millet / Whole Grain,Wild-caught coastal kingfish / surmai; freshly ground Malabar pepper; kokum extract; curry leaves; steamed French beans,44g Wild Marine Protein; Wood-Pressed Coconut Oil; Zero Seed Oils; Heart-Healthy Omega 3; 100% Gluten-Free,₹196,4.7,320,"Fresh caught kingfish pan-seared gently in cold-pressed virgin coconut oil with digestive kokum. Zero batter, zero trans-fats.",22.70738,75.86193
in-indore-452010-3,Jowar Bhakri with Sprouted Matki Usal,Swaad Organic (Vijay Nagar),"Scheme 54, Vijay Nagar, Indore, Madhya Pradesh 452010",Indore,India,452010,Ancient Millets & Ayurvedic Staples,100% Plant-Based / Vegan,Balanced Clean Protein (20g-34g),320,21,42,6,10,32,5,Pure A2 Desi Cow Ghee,YES,YES,NO,YES,YES,Seed Oil Free; Gluten-Free; High Protein; High Fiber; Low Sugar; Millet / Whole Grain,100% Hand-pressed jowar (sorghum) flour; sprouted dew beans (matki); fresh ginger & garlic; tempered mustard seeds; green chili,21g Plant Protein; Pure A2 Ghee; Zero Seed Oils; 10g Millet Fiber; 100% Gluten-Free,₹380,4.8,234,"Ancient grain sorghum roti hand-patted and puffed on cast-iron tawa, served with enzymatic sprouted dew bean curry. 100% gluten-free.",22.71738,75.84409
in-indore-452010-4,Steamed Ragi Mudde with Huruli (Horsegram) Saaru,Karnataka Millets (Vijay Nagar),"Scheme 54, Vijay Nagar, Indore, Madhya Pradesh 452010",Indore,India,452010,Ancient Millets & Ayurvedic Staples,100% Plant-Based / Vegan,Balanced Clean Protein (20g-34g),290,23,38,4,12,26,5,Pure A2 Desi Cow Ghee,YES,YES,NO,YES,YES,Seed Oil Free; Gluten-Free; High Protein; High Fiber; Low Sugar; Millet / Whole Grain,Finger millet (ragi) whole grain flour; horsegram (kulthi) slow broth; crushed peppercorns; fresh coriander roots; curry leaf tadka,23g High-Protein Broth; Pure A2 Cow Ghee; Zero Seed Oils; 12g High Fiber; 100% Gluten-Free,₹318,4.8,224,Legendary Ayurvedic endurance staple. Steamed mineral-rich ragi ball paired with high-protein horsegram broth. Zero seed oils.,22.72604,75.85391
in-indore-452010-5,High-Protein Sattu & Roasted Jeera Buttermilk Bowl,Bihar Sattu & Grain (Vijay Nagar),"Scheme 54, Vijay Nagar, Indore, Madhya Pradesh 452010",Indore,India,452010,Pulse & Sprouted Legumes,Vegetarian (Dairy / Pure Ghee),Balanced Clean Protein (20g-34g),270,24,30,5,9,21,4,Cold-Pressed Kachi Ghani Mustard Oil,YES,YES,NO,NO,NO,Seed Oil Free; Gluten-Free; High Protein; High Fiber; Low Sugar; Millet / Whole Grain,Toasted Bengal gram (sattu) flour; churned A2 cow milk chaas; finely chopped shallots & green chilies; kala namak; roasted cumin,24g Clean Pulse Protein; Probiotic Chaas; Zero Seed Oils; 9g Prebiotic Fiber; 100% Gluten-Free,₹241,4.8,275,Cooling powerhouse protein meal with roasted chana flour suspended in churned dahi. Extremely low glycemic index and 100% gluten-free.,22.71458,75.84546
in-nagpur-440010-1,Desi Clay Oven Chicken Tikka (Zero Batter),Fabcafe (Dharampeth),"West High Court Rd, Dharampeth, Nagpur, Maharashtra 440010",Nagpur,India,440010,Clay Oven & Fire Grills,High-Protein Omnivore / Paleo,Super-High Protein (45g+),380,46,12,12,4,8,1,Pure A2 Desi Cow Ghee,YES,YES,YES,YES,NO,Seed Oil Free; Gluten-Free; High Protein; High Fiber; Low Sugar; Millet / Whole Grain,Pasture-raised chicken breast; hung cow milk dahi; Kashmiri degi mirch; roasted ajwain; kassori methi; fresh lemon,46g Clean Protein; Zero Seed Oils; Clay Oven Roasting; Zero Added Sugar; 100% Gluten-Free,₹317,4.9,241,"Boneless chicken breast steeped in hung curd, ginger-garlic, and cold-ground spices. Roasted in traditional clay tandoor without maida or food colors.",21.1431,79.07386
in-nagpur-440010-2,Organic Palak Paneer & Foxtail Millet Khichdi,EatFit Organic (Dharampeth),"West High Court Rd, Dharampeth, Nagpur, Maharashtra 440010",Nagpur,India,440010,Ancient Millets & Ayurvedic Staples,Vegetarian (Dairy / Pure Ghee),Balanced Clean Protein (20g-34g),390,26,36,14,9,27,4,Pure A2 Desi Cow Ghee,YES,YES,NO,YES,NO,Seed Oil Free; Gluten-Free; High Protein; High Fiber; Low Sugar; Millet / Whole Grain,Sprouted foxtail millet; pure cow milk paneer cubes; slow-simmered spinach purée; roasted jeera; pink Himalayan salt,26g Dairy & Millet Protein; Pure A2 Cow Ghee; Zero Seed Oils; 9g Dietary Fiber; 100% Gluten-Free,₹182,4.7,153,"Prebiotic superfood bowl cooked with mineral-dense foxtail millets and iron-rich baby spinach. Zero refined oils, naturally gluten-free.",21.14945,79.07812
in-nagpur-440010-3,High-Protein Sprouted Moong & Kala Chana Chaat,Healthy Bites (Dharampeth),"West High Court Rd, Dharampeth, Nagpur, Maharashtra 440010",Nagpur,India,440010,Pulse & Sprouted Legumes,100% Plant-Based / Vegan,Balanced Clean Protein (20g-34g),260,22,32,4,11,21,4,Cold-Pressed Kachi Ghani Mustard Oil,YES,YES,NO,NO,YES,Seed Oil Free; Gluten-Free; High Protein; High Fiber; Low Sugar; Millet / Whole Grain,Sprouted whole green moong; boiled black chana; diced cucumber & tomatoes; pomegranate arils; fresh lime juice; rock salt,22g Clean Pulse Protein; Raw / Cold-Pressed Mustard Oil; Zero Seed Oils; 11g High Fiber; 100% Gluten-Free,₹226,4.8,323,Bioavailable sprouted pulse chaat tossed raw with digestive roasted cumin and cold-pressed Kachi Ghani oil. Zero cooking loss of vitamins.,21.14358,79.0878
in-nagpur-440010-4,Artisanal Cow Milk Paneer Tikka Salad,Greenr Cafe (Dharampeth),"West High Court Rd, Dharampeth, Nagpur, Maharashtra 440010",Nagpur,India,440010,Salad & Raw Greens,Vegetarian (Dairy / Pure Ghee),Balanced Clean Protein (20g-34g),340,28,16,16,6,10,2,Pure A2 Desi Cow Ghee,YES,YES,YES,YES,NO,Seed Oil Free; Gluten-Free; High Protein; High Fiber; Low Sugar; Millet / Whole Grain,Organic grass-fed cow paneer; charred bell peppers & onions; massaged baby greens; mint-coriander emulsion; roasted flaxseed,28g High-Quality Protein; Pure A2 Desi Cow Ghee; Zero Seed Oils; 6g Dietary Fiber; 100% Gluten-Free,₹323,4.8,125,"Freshly coagulated cow milk paneer lightly blistered in clay tandoor. Low carb, high calcium, zero wheat additives.",21.1312,79.09768
in-nagpur-440010-5,Coastal Wild Kingfish Tawa Steak,Mojigao Coastal (Dharampeth),"West High Court Rd, Dharampeth, Nagpur, Maharashtra 440010",Nagpur,India,440010,Wild Seafood & Coastal,Pescetarian,High Protein (35g-44g),410,44,8,18,4,4,1,Wood-Pressed Virgin Coconut Oil,YES,YES,YES,NO,YES,Seed Oil Free; Gluten-Free; High Protein; High Fiber; Low Sugar; Millet / Whole Grain,Wild-caught coastal kingfish / surmai; freshly ground Malabar pepper; kokum extract; curry leaves; steamed French beans,44g Wild Marine Protein; Wood-Pressed Coconut Oil; Zero Seed Oils; Heart-Healthy Omega 3; 100% Gluten-Free,₹352,4.8,246,"Fresh caught kingfish pan-seared gently in cold-pressed virgin coconut oil with digestive kokum. Zero batter, zero trans-fats.",21.15623,79.10128
in-bhopal-462016-1,Desi Clay Oven Chicken Tikka (Zero Batter),Fabcafe (Arera Colony),"E-4, Arera Colony, Bhopal, Madhya Pradesh 462016",Bhopal,India,462016,Clay Oven & Fire Grills,High-Protein Omnivore / Paleo,Super-High Protein (45g+),380,46,12,12,4,8,1,Pure A2 Desi Cow Ghee,YES,YES,YES,YES,NO,Seed Oil Free; Gluten-Free; High Protein; High Fiber; Low Sugar; Millet / Whole Grain,Pasture-raised chicken breast; hung cow milk dahi; Kashmiri degi mirch; roasted ajwain; kassori methi; fresh lemon,46g Clean Protein; Zero Seed Oils; Clay Oven Roasting; Zero Added Sugar; 100% Gluten-Free,₹390,4.8,358,"Boneless chicken breast steeped in hung curd, ginger-garlic, and cold-ground spices. Roasted in traditional clay tandoor without maida or food colors.",23.27224,77.40372
in-bhopal-462016-2,Organic Palak Paneer & Foxtail Millet Khichdi,EatFit Organic (Arera Colony),"E-4, Arera Colony, Bhopal, Madhya Pradesh 462016",Bhopal,India,462016,Ancient Millets & Ayurvedic Staples,Vegetarian (Dairy / Pure Ghee),Balanced Clean Protein (20g-34g),390,26,36,14,9,27,4,Pure A2 Desi Cow Ghee,YES,YES,NO,YES,NO,Seed Oil Free; Gluten-Free; High Protein; High Fiber; Low Sugar; Millet / Whole Grain,Sprouted foxtail millet; pure cow milk paneer cubes; slow-simmered spinach purée; roasted jeera; pink Himalayan salt,26g Dairy & Millet Protein; Pure A2 Cow Ghee; Zero Seed Oils; 9g Dietary Fiber; 100% Gluten-Free,₹398,4.8,113,"Prebiotic superfood bowl cooked with mineral-dense foxtail millets and iron-rich baby spinach. Zero refined oils, naturally gluten-free.",23.25032,77.39947
in-bhopal-462016-3,High-Protein Sprouted Moong & Kala Chana Chaat,Healthy Bites (Arera Colony),"E-4, Arera Colony, Bhopal, Madhya Pradesh 462016",Bhopal,India,462016,Pulse & Sprouted Legumes,100% Plant-Based / Vegan,Balanced Clean Protein (20g-34g),260,22,32,4,11,21,4,Cold-Pressed Kachi Ghani Mustard Oil,YES,YES,NO,NO,YES,Seed Oil Free; Gluten-Free; High Protein; High Fiber; Low Sugar; Millet / Whole Grain,Sprouted whole green moong; boiled black chana; diced cucumber & tomatoes; pomegranate arils; fresh lime juice; rock salt,22g Clean Pulse Protein; Raw / Cold-Pressed Mustard Oil; Zero Seed Oils; 11g High Fiber; 100% Gluten-Free,₹194,4.7,269,Bioavailable sprouted pulse chaat tossed raw with digestive roasted cumin and cold-pressed Kachi Ghani oil. Zero cooking loss of vitamins.,23.25669,77.41426
in-bhopal-462016-4,Artisanal Cow Milk Paneer Tikka Salad,Greenr Cafe (Arera Colony),"E-4, Arera Colony, Bhopal, Madhya Pradesh 462016",Bhopal,India,462016,Salad & Raw Greens,Vegetarian (Dairy / Pure Ghee),Balanced Clean Protein (20g-34g),340,28,16,16,6,10,2,Pure A2 Desi Cow Ghee,YES,YES,YES,YES,NO,Seed Oil Free; Gluten-Free; High Protein; High Fiber; Low Sugar; Millet / Whole Grain,Organic grass-fed cow paneer; charred bell peppers & onions; massaged baby greens; mint-coriander emulsion; roasted flaxseed,28g High-Quality Protein; Pure A2 Desi Cow Ghee; Zero Seed Oils; 6g Dietary Fiber; 100% Gluten-Free,₹264,4.8,198,"Freshly coagulated cow milk paneer lightly blistered in clay tandoor. Low carb, high calcium, zero wheat additives.",23.27428,77.4218
in-bhopal-462016-5,Coastal Wild Kingfish Tawa Steak,Mojigao Coastal (Arera Colony),"E-4, Arera Colony, Bhopal, Madhya Pradesh 462016",Bhopal,India,462016,Wild Seafood & Coastal,Pescetarian,High Protein (35g-44g),410,44,8,18,4,4,1,Wood-Pressed Virgin Coconut Oil,YES,YES,YES,NO,YES,Seed Oil Free; Gluten-Free; High Protein; High Fiber; Low Sugar; Millet / Whole Grain,Wild-caught coastal kingfish / surmai; freshly ground Malabar pepper; kokum extract; curry leaves; steamed French beans,44g Wild Marine Protein; Wood-Pressed Coconut Oil; Zero Seed Oils; Heart-Healthy Omega 3; 100% Gluten-Free,₹292,4.9,336,"Fresh caught kingfish pan-seared gently in cold-pressed virgin coconut oil with digestive kokum. Zero batter, zero trans-fats.",23.25999,77.41825
in-bhubaneswar-751024-1,Desi Clay Oven Chicken Tikka (Zero Batter),Fabcafe (Patia / Chandrasekharpur),"KIIT Square, Patia, Bhubaneswar, Odisha 751024",Bhubaneswar,India,751024,Clay Oven & Fire Grills,High-Protein Omnivore / Paleo,Super-High Protein (45g+),380,46,12,12,4,8,1,Pure A2 Desi Cow Ghee,YES,YES,YES,YES,NO,Seed Oil Free; Gluten-Free; High Protein; High Fiber; Low Sugar; Millet / Whole Grain,Pasture-raised chicken breast; hung cow milk dahi; Kashmiri degi mirch; roasted ajwain; kassori methi; fresh lemon,46g Clean Protein; Zero Seed Oils; Clay Oven Roasting; Zero Added Sugar; 100% Gluten-Free,₹353,4.8,81,"Boneless chicken breast steeped in hung curd, ginger-garlic, and cold-ground spices. Roasted in traditional clay tandoor without maida or food colors.",20.29706,85.82758
in-bhubaneswar-751024-2,Organic Palak Paneer & Foxtail Millet Khichdi,EatFit Organic (Patia / Chandrasekharpur),"KIIT Square, Patia, Bhubaneswar, Odisha 751024",Bhubaneswar,India,751024,Ancient Millets & Ayurvedic Staples,Vegetarian (Dairy / Pure Ghee),Balanced Clean Protein (20g-34g),390,26,36,14,9,27,4,Pure A2 Desi Cow Ghee,YES,YES,NO,YES,NO,Seed Oil Free; Gluten-Free; High Protein; High Fiber; Low Sugar; Millet / Whole Grain,Sprouted foxtail millet; pure cow milk paneer cubes; slow-simmered spinach purée; roasted jeera; pink Himalayan salt,26g Dairy & Millet Protein; Pure A2 Cow Ghee; Zero Seed Oils; 9g Dietary Fiber; 100% Gluten-Free,₹334,4.9,125,"Prebiotic superfood bowl cooked with mineral-dense foxtail millets and iron-rich baby spinach. Zero refined oils, naturally gluten-free.",20.29249,85.82976
in-bhubaneswar-751024-3,High-Protein Sprouted Moong & Kala Chana Chaat,Healthy Bites (Patia / Chandrasekharpur),"KIIT Square, Patia, Bhubaneswar, Odisha 751024",Bhubaneswar,India,751024,Pulse & Sprouted Legumes,100% Plant-Based / Vegan,Balanced Clean Protein (20g-34g),260,22,32,4,11,21,4,Cold-Pressed Kachi Ghani Mustard Oil,YES,YES,NO,NO,YES,Seed Oil Free; Gluten-Free; High Protein; High Fiber; Low Sugar; Millet / Whole Grain,Sprouted whole green moong; boiled black chana; diced cucumber & tomatoes; pomegranate arils; fresh lime juice; rock salt,22g Clean Pulse Protein; Raw / Cold-Pressed Mustard Oil; Zero Seed Oils; 11g High Fiber; 100% Gluten-Free,₹213,4.7,289,Bioavailable sprouted pulse chaat tossed raw with digestive roasted cumin and cold-pressed Kachi Ghani oil. Zero cooking loss of vitamins.,20.3008,85.82938
in-bhubaneswar-751024-4,Artisanal Cow Milk Paneer Tikka Salad,Greenr Cafe (Patia / Chandrasekharpur),"KIIT Square, Patia, Bhubaneswar, Odisha 751024",Bhubaneswar,India,751024,Salad & Raw Greens,Vegetarian (Dairy / Pure Ghee),Balanced Clean Protein (20g-34g),340,28,16,16,6,10,2,Pure A2 Desi Cow Ghee,YES,YES,YES,YES,NO,Seed Oil Free; Gluten-Free; High Protein; High Fiber; Low Sugar; Millet / Whole Grain,Organic grass-fed cow paneer; charred bell peppers & onions; massaged baby greens; mint-coriander emulsion; roasted flaxseed,28g High-Quality Protein; Pure A2 Desi Cow Ghee; Zero Seed Oils; 6g Dietary Fiber; 100% Gluten-Free,₹349,4.7,105,"Freshly coagulated cow milk paneer lightly blistered in clay tandoor. Low carb, high calcium, zero wheat additives.",20.29486,85.81448
in-bhubaneswar-751024-5,Coastal Wild Kingfish Tawa Steak,Mojigao Coastal (Patia / Chandrasekharpur),"KIIT Square, Patia, Bhubaneswar, Odisha 751024",Bhubaneswar,India,751024,Wild Seafood & Coastal,Pescetarian,High Protein (35g-44g),410,44,8,18,4,4,1,Wood-Pressed Virgin Coconut Oil,YES,YES,YES,NO,YES,Seed Oil Free; Gluten-Free; High Protein; High Fiber; Low Sugar; Millet / Whole Grain,Wild-caught coastal kingfish / surmai; freshly ground Malabar pepper; kokum extract; curry leaves; steamed French beans,44g Wild Marine Protein; Wood-Pressed Coconut Oil; Zero Seed Oils; Heart-Healthy Omega 3; 100% Gluten-Free,₹288,4.8,268,"Fresh caught kingfish pan-seared gently in cold-pressed virgin coconut oil with digestive kokum. Zero batter, zero trans-fats.",20.29038,85.81447
in-patna-800001-1,Desi Clay Oven Chicken Tikka (Zero Batter),Fabcafe (Frazer Road / Boring Road),"Dak Bungalow, Frazer Road, Patna, Bihar 800001",Patna,India,800001,Clay Oven & Fire Grills,High-Protein Omnivore / Paleo,Super-High Protein (45g+),380,46,12,12,4,8,1,Pure A2 Desi Cow Ghee,YES,YES,YES,YES,NO,Seed Oil Free; Gluten-Free; High Protein; High Fiber; Low Sugar; Millet / Whole Grain,Pasture-raised chicken breast; hung cow milk dahi; Kashmiri degi mirch; roasted ajwain; kassori methi; fresh lemon,46g Clean Protein; Zero Seed Oils; Clay Oven Roasting; Zero Added Sugar; 100% Gluten-Free,₹195,4.8,124,"Boneless chicken breast steeped in hung curd, ginger-garlic, and cold-ground spices. Roasted in traditional clay tandoor without maida or food colors.",25.58464,85.14693
in-patna-800001-2,Organic Palak Paneer & Foxtail Millet Khichdi,EatFit Organic (Frazer Road / Boring Road),"Dak Bungalow, Frazer Road, Patna, Bihar 800001",Patna,India,800001,Ancient Millets & Ayurvedic Staples,Vegetarian (Dairy / Pure Ghee),Balanced Clean Protein (20g-34g),390,26,36,14,9,27,4,Pure A2 Desi Cow Ghee,YES,YES,NO,YES,NO,Seed Oil Free; Gluten-Free; High Protein; High Fiber; Low Sugar; Millet / Whole Grain,Sprouted foxtail millet; pure cow milk paneer cubes; slow-simmered spinach purée; roasted jeera; pink Himalayan salt,26g Dairy & Millet Protein; Pure A2 Cow Ghee; Zero Seed Oils; 9g Dietary Fiber; 100% Gluten-Free,₹354,4.8,243,"Prebiotic superfood bowl cooked with mineral-dense foxtail millets and iron-rich baby spinach. Zero refined oils, naturally gluten-free.",25.58797,85.13566
in-patna-800001-3,High-Protein Sprouted Moong & Kala Chana Chaat,Healthy Bites (Frazer Road / Boring Road),"Dak Bungalow, Frazer Road, Patna, Bihar 800001",Patna,India,800001,Pulse & Sprouted Legumes,100% Plant-Based / Vegan,Balanced Clean Protein (20g-34g),260,22,32,4,11,21,4,Cold-Pressed Kachi Ghani Mustard Oil,YES,YES,NO,NO,YES,Seed Oil Free; Gluten-Free; High Protein; High Fiber; Low Sugar; Millet / Whole Grain,Sprouted whole green moong; boiled black chana; diced cucumber & tomatoes; pomegranate arils; fresh lime juice; rock salt,22g Clean Pulse Protein; Raw / Cold-Pressed Mustard Oil; Zero Seed Oils; 11g High Fiber; 100% Gluten-Free,₹300,4.8,172,Bioavailable sprouted pulse chaat tossed raw with digestive roasted cumin and cold-pressed Kachi Ghani oil. Zero cooking loss of vitamins.,25.58418,85.14308
in-patna-800001-4,Artisanal Cow Milk Paneer Tikka Salad,Greenr Cafe (Frazer Road / Boring Road),"Dak Bungalow, Frazer Road, Patna, Bihar 800001",Patna,India,800001,Salad & Raw Greens,Vegetarian (Dairy / Pure Ghee),Balanced Clean Protein (20g-34g),340,28,16,16,6,10,2,Pure A2 Desi Cow Ghee,YES,YES,YES,YES,NO,Seed Oil Free; Gluten-Free; High Protein; High Fiber; Low Sugar; Millet / Whole Grain,Organic grass-fed cow paneer; charred bell peppers & onions; massaged baby greens; mint-coriander emulsion; roasted flaxseed,28g High-Quality Protein; Pure A2 Desi Cow Ghee; Zero Seed Oils; 6g Dietary Fiber; 100% Gluten-Free,₹294,4.9,392,"Freshly coagulated cow milk paneer lightly blistered in clay tandoor. Low carb, high calcium, zero wheat additives.",25.59297,85.14218
in-patna-800001-5,Coastal Wild Kingfish Tawa Steak,Mojigao Coastal (Frazer Road / Boring Road),"Dak Bungalow, Frazer Road, Patna, Bihar 800001",Patna,India,800001,Wild Seafood & Coastal,Pescetarian,High Protein (35g-44g),410,44,8,18,4,4,1,Wood-Pressed Virgin Coconut Oil,YES,YES,YES,NO,YES,Seed Oil Free; Gluten-Free; High Protein; High Fiber; Low Sugar; Millet / Whole Grain,Wild-caught coastal kingfish / surmai; freshly ground Malabar pepper; kokum extract; curry leaves; steamed French beans,44g Wild Marine Protein; Wood-Pressed Coconut Oil; Zero Seed Oils; Heart-Healthy Omega 3; 100% Gluten-Free,₹297,4.8,140,"Fresh caught kingfish pan-seared gently in cold-pressed virgin coconut oil with digestive kokum. Zero batter, zero trans-fats.",25.5856,85.13896
us-austin-1,Baja Blackened Chicken Salad,MODERN MARKET EATERY,"3201 Bee Cave Rd, Austin, TX 78746",Austin,United States,78746,Salad & Raw Greens,High-Protein Omnivore / Paleo,High Protein (35g-44g),430,36,36,16,11,25,4,Extra Virgin Olive Oil / Avocado Oil / Grass-Fed Tallow,YES,YES,NO,NO,YES,Seed Oil Free; Gluten-Free; High Protein; High Fiber; Low Sugar; Clean Whole Food,Baja Blackened Chicken Salad; Cold-pressed extra virgin olive oil; Garden greens; Sea salt; Fresh herbs,36g Clean Protein; Zero Seed Oils; 11g Dietary Fiber; 100% Gluten-Free,$16.00,4.7,297,Baja Blackened Chicken Salad.,30.27319,-97.73878
us-austin-2,Southwestern Crunch Salad,MODERN MARKET EATERY,"3201 Bee Cave Rd, Austin, TX 78746",Austin,United States,78746,Salad & Raw Greens,100% Plant-Based / Vegan,High Protein (35g-44g),435,35,39,15,9,30,5,Extra Virgin Olive Oil / Avocado Oil / Grass-Fed Tallow,YES,YES,NO,NO,YES,Seed Oil Free; Gluten-Free; High Protein; High Fiber; Low Sugar; Clean Whole Food,Southwestern Crunch Salad; Cold-pressed extra virgin olive oil; Garden greens; Sea salt; Fresh herbs,35g Clean Protein; Zero Seed Oils; 9g Dietary Fiber; 100% Gluten-Free,$21.00,4.8,207,Southwestern Crunch Salad.,30.27335,-97.74173
us-austin-3,Chicken Tortilla Soup,Chick-fil-A,"Austin, TX",Austin,United States,,Pastured Poultry & Fowl,High-Protein Omnivore / Paleo,Balanced Clean Protein (20g-34g),280,24,31,7,17,14,4,Extra Virgin Olive Oil / Avocado Oil / Grass-Fed Tallow,YES,YES,NO,NO,YES,Seed Oil Free; Gluten-Free; High Protein; High Fiber; Low Sugar; Clean Whole Food,Chicken Tortilla Soup; Cold-pressed extra virgin olive oil; Garden greens; Sea salt; Fresh herbs,24g Clean Protein; Zero Seed Oils; 17g Dietary Fiber; 100% Gluten-Free,$18.00,4.6,64,Chicken Tortilla Soup.,30.27457,-97.73525
us-austin-4,Chicken Fried Rice,SNAP KITCHEN,"4616 Triangle Ave, Austin, TX 78751",Austin,United States,78751,Pastured Poultry & Fowl,High-Protein Omnivore / Paleo,High Protein (35g-44g),550,42,29,30,4,25,3,Extra Virgin Olive Oil / Avocado Oil / Grass-Fed Tallow,YES,YES,NO,NO,YES,Seed Oil Free; Gluten-Free; High Protein; High Fiber; Low Sugar; Clean Whole Food,Chicken Fried Rice; Cold-pressed extra virgin olive oil; Garden greens; Sea salt; Fresh herbs,42g Clean Protein; Zero Seed Oils; 4g Dietary Fiber; 100% Gluten-Free,$19.00,4.8,339,Chicken Fried Rice.,30.25659,-97.73449
us-austin-5,Large Burger Bowl with Dill Relish,SNAP KITCHEN,"4616 Triangle Ave, Austin, TX 78751",Austin,United States,78751,Grass-Fed Meats & Steaks,High-Protein Omnivore / Paleo,High Protein (35g-44g),620,40,46,31,4,42,6,Extra Virgin Olive Oil / Avocado Oil / Grass-Fed Tallow,YES,YES,NO,NO,YES,Seed Oil Free; Gluten-Free; High Protein; High Fiber; Low Sugar; Clean Whole Food,Large Burger Bowl with Dill Relish; Cold-pressed extra virgin olive oil; Garden greens; Sea salt; Fresh herbs,40g Clean Protein; Zero Seed Oils; 4g Dietary Fiber; 100% Gluten-Free,$18.00,4.8,186,Large Burger Bowl with Dill Relish.,30.25225,-97.73144
us-austin-6,Spaghetti & Meatballs,SNAP KITCHEN,"4616 Triangle Ave, Austin, TX 78751",Austin,United States,78751,Balanced Whole Foods,High-Protein Omnivore / Paleo,Balanced Clean Protein (20g-34g),500,30,46,22,5,41,6,Extra Virgin Olive Oil / Avocado Oil / Grass-Fed Tallow,YES,YES,NO,NO,YES,Seed Oil Free; Gluten-Free; High Protein; High Fiber; Low Sugar; Clean Whole Food,Spaghetti & Meatballs; Cold-pressed extra virgin olive oil; Garden greens; Sea salt; Fresh herbs,30g Clean Protein; Zero Seed Oils; 5g Dietary Fiber; 100% Gluten-Free,$19.00,4.6,194,Spaghetti & Meatballs.,30.27487,-97.75213
us-austin-7,Chicken Kabob Bowl with Saffron Rice,SNAP KITCHEN,"4616 Triangle Ave, Austin, TX 78751",Austin,United States,78751,Pastured Poultry & Fowl,High-Protein Omnivore / Paleo,Balanced Clean Protein (20g-34g),420,27,33,20,4,29,4,Extra Virgin Olive Oil / Avocado Oil / Grass-Fed Tallow,YES,YES,NO,NO,YES,Seed Oil Free; Gluten-Free; High Protein; High Fiber; Low Sugar; Clean Whole Food,Chicken Kabob Bowl with Saffron Rice; Cold-pressed extra virgin olive oil; Garden greens; Sea salt; Fresh herbs,27g Clean Protein; Zero Seed Oils; 4g Dietary Fiber; 100% Gluten-Free,$14.00,4.8,295,Chicken Kabob Bowl with Saffron Rice.,30.26817,-97.74051
us-austin-8,Chinese Chicken Salad (No Dressing),True Food Kitchen,"222 West Ave, Austin, TX 78701",Austin,United States,78701,Salad & Raw Greens,High-Protein Omnivore / Paleo,High Protein (35g-44g),490,37,21,29,10,11,3,Extra Virgin Olive Oil / Avocado Oil / Grass-Fed Tallow,YES,YES,NO,NO,YES,Seed Oil Free; Gluten-Free; High Protein; High Fiber; Low Sugar; Clean Whole Food,Chinese Chicken Salad (No Dressing); Cold-pressed extra virgin olive oil; Garden greens; Sea salt; Fresh herbs,37g Clean Protein; Zero Seed Oils; 10g Dietary Fiber; 100% Gluten-Free,$20.00,4.8,172,"Verified by HealthyVicinity database (490 kcal, 37g protein, 10g fiber). 100% seed-oil free and gluten-free.",30.27859,-97.72869
us-austin-9,Turkey Burger,True Food Kitchen,"222 West Ave, Austin, TX 78701",Austin,United States,78701,Grass-Fed Meats & Steaks,High-Protein Omnivore / Paleo,High Protein (35g-44g),600,43,35,32,4,31,4,Extra Virgin Olive Oil / Avocado Oil / Grass-Fed Tallow,YES,YES,NO,NO,YES,Seed Oil Free; Gluten-Free; High Protein; High Fiber; Low Sugar; Clean Whole Food,Turkey Burger; Cold-pressed extra virgin olive oil; Garden greens; Sea salt; Fresh herbs,43g Clean Protein; Zero Seed Oils; 4g Dietary Fiber; 100% Gluten-Free,$18.00,4.7,84,"Verified by HealthyVicinity database (600 kcal, 43g protein, 4g fiber). 100% seed-oil free and gluten-free.",30.27265,-97.73091
us-austin-10,Chinese Chicken Salad (No Dressing),TRUE FOOD KITCHEN,"222 West Ave, Austin, TX 78701",Austin,United States,78701,Salad & Raw Greens,High-Protein Omnivore / Paleo,High Protein (35g-44g),490,37,21,29,10,11,3,Extra Virgin Olive Oil / Avocado Oil / Grass-Fed Tallow,YES,YES,NO,NO,YES,Seed Oil Free; Gluten-Free; High Protein; High Fiber; Low Sugar; Clean Whole Food,Chinese Chicken Salad (No Dressing); Cold-pressed extra virgin olive oil; Garden greens; Sea salt; Fresh herbs,37g Clean Protein; Zero Seed Oils; 10g Dietary Fiber; 100% Gluten-Free,$17.00,4.8,287,"Verified by HealthyVicinity database (490 kcal, 37g protein, 10g fiber). 100% seed-oil free and gluten-free.",30.26638,-97.72851
us-austin-11,Turkey Burger,TRUE FOOD KITCHEN,"222 West Ave, Austin, TX 78701",Austin,United States,78701,Grass-Fed Meats & Steaks,High-Protein Omnivore / Paleo,High Protein (35g-44g),600,43,35,32,4,31,4,Extra Virgin Olive Oil / Avocado Oil / Grass-Fed Tallow,YES,YES,NO,NO,YES,Seed Oil Free; Gluten-Free; High Protein; High Fiber; Low Sugar; Clean Whole Food,Turkey Burger; Cold-pressed extra virgin olive oil; Garden greens; Sea salt; Fresh herbs,43g Clean Protein; Zero Seed Oils; 4g Dietary Fiber; 100% Gluten-Free,$17.00,4.7,329,"Verified by HealthyVicinity database (600 kcal, 43g protein, 4g fiber). 100% seed-oil free and gluten-free.",30.2707,-97.74788
us-austin-78701-1,Wild Alaskan Salmon Quinoa Bowl,Flower Child (Downtown),"222 West Ave, Austin, TX 78701",Austin,United States,78701,Wild Seafood & Coastal,Pescetarian,High Protein (35g-44g),520,44,32,16,7,25,4,100% Extra Virgin Olive Oil,YES,YES,NO,NO,YES,Seed Oil Free; Gluten-Free; High Protein; High Fiber; Low Sugar; Clean Whole Food,Wild Alaskan salmon fillet; sprouted tri-color quinoa; charred broccolini; avocado slices; lemon-herb drizzle,44g Clean Protein; 100% Extra Virgin Olive Oil; Zero Seed Oils; 7g Dietary Fiber; 100% Gluten-Free,$19.00,4.8,267,"Certified low calorie (520 kcal), high protein (44g), high fiber, and prepared strictly with cold-pressed olive oil. No seed oils, zero cane sugar, naturally gluten-free.",30.26453,-97.74492
us-austin-78751-1,100% Grass-Fed Sirloin Kebab Plate,CAVA (The Triangle),"4616 Triangle Ave, Austin, TX 78751",Austin,United States,78751,Clay Oven & Fire Grills,100% Plant-Based / Vegan,Super-High Protein (45g+),540,46,28,16,7,21,3,100% Extra Virgin Olive Oil,YES,YES,NO,YES,YES,Seed Oil Free; Gluten-Free; High Protein; High Fiber; Low Sugar; Clean Whole Food,Grass-fed beef sirloin cubes; Supergreens salad blend; black lentils; Persian cucumber relish; tahini drizzle,46g Grass-Fed Protein; 100% Extra Virgin Olive Oil; Zero Seed Oils; 7g Dietary Fiber; 100% Gluten-Free,$21.00,4.8,82,Charcoal grilled grass-fed beef with prebiotic black lentils and raw garden greens. 100% seed-oil free.,30.25247,-97.75655
us-austin-78746-1,Organic Sprouted Tofu & Edamame Crunch Bowl,Planta (West Lake Hills),"3201 Bee Cave Rd, Austin, TX 78746",Austin,United States,78746,Pulse & Sprouted Legumes,100% Plant-Based / Vegan,Balanced Clean Protein (20g-34g),420,32,30,14,10,20,4,100% Extra Virgin Olive Oil,YES,YES,NO,NO,YES,Seed Oil Free; Gluten-Free; High Protein; High Fiber; Low Sugar; Clean Whole Food,Sprouted organic non-GMO tofu; steamed edamame; shredded purple cabbage; turmeric Romanesco; hemp seed gremolata,32g Organic Plant Protein; 100% Extra Virgin Olive Oil; Zero Seed Oils; 10g Dietary Fiber; 100% Gluten-Free,$19.00,4.8,184,Fermented and sprouted plant protein bowl rich in gut-healthy fiber. Completely seed-oil free and 100% gluten-free.,30.25322,-97.73062
us-austin-78746-2,Gulf Shrimp & Charred Broccolini Salad,Salata (West Lake Hills),"3201 Bee Cave Rd, Austin, TX 78746",Austin,United States,78746,Salad & Raw Greens,Pescetarian,High Protein (35g-44g),440,42,20,14,6,14,2,100% Extra Virgin Olive Oil,YES,YES,YES,NO,YES,Seed Oil Free; Gluten-Free; High Protein; High Fiber; Low Sugar; Clean Whole Food,Wild-caught Gulf shrimp; charred broccolini florets; hearts of palm; shaved parmesan; lemon garlic vinaigrette,42g Wild Seafood Protein; 100% Extra Virgin Olive Oil; Zero Seed Oils; 6g Dietary Fiber; 100% Gluten-Free,$19.00,4.9,183,"Wild Gulf shrimp quickly seared in cold-pressed olive oil over crisp brassicas. Low carb, low sugar, high protein.",30.25282,-97.75697
us-austin-78746-3,Wild Alaskan Salmon Quinoa Bowl,Flower Child (West Lake Hills),"3201 Bee Cave Rd, Austin, TX 78746",Austin,United States,78746,Wild Seafood & Coastal,Pescetarian,High Protein (35g-44g),520,44,32,16,7,25,4,100% Extra Virgin Olive Oil,YES,YES,NO,NO,YES,Seed Oil Free; Gluten-Free; High Protein; High Fiber; Low Sugar; Clean Whole Food,Wild Alaskan salmon fillet; sprouted tri-color quinoa; charred broccolini; avocado slices; lemon-herb drizzle,44g Clean Protein; 100% Extra Virgin Olive Oil; Zero Seed Oils; 7g Dietary Fiber; 100% Gluten-Free,$17.00,4.8,120,"Certified low calorie (520 kcal), high protein (44g), high fiber, and prepared strictly with cold-pressed olive oil. No seed oils, zero cane sugar, naturally gluten-free.",30.2714,-97.74086
us-austin-78704-1,Grass-Fed Bison Quinoa Power Bowl,True Food Kitchen (South Congress),"1603 S Congress Ave, Austin, TX 78704",Austin,United States,78704,Grass-Fed Meats & Steaks,High-Protein Omnivore / Paleo,Super-High Protein (45g+),580,48,34,18,8,26,4,100% Grass-Fed Beef Tallow,YES,YES,NO,YES,YES,Seed Oil Free; Gluten-Free; High Protein; High Fiber; Low Sugar; Clean Whole Food,100% Regenerative grass-fed bison; ancient quinoa; fire-roasted sweet peppers; baby spinach; chimichurri,48g Grass-Fed Protein; 100% Beef Tallow; Zero Seed Oils; 8g Dietary Fiber; 100% Gluten-Free,$21.00,4.8,204,"Regenerative pasture-raised bison seared in 100% beef tallow. High protein, nutrient-dense clean carbs, zero industrial seed oils.",30.2748,-97.72857
us-austin-78704-2,Citrus-Herb Pastured Chicken Greens Bowl,Sweetgreen (South Congress),"1603 S Congress Ave, Austin, TX 78704",Austin,United States,78704,Salad & Raw Greens,High-Protein Omnivore / Paleo,Super-High Protein (45g+),470,46,24,14,8,16,3,Pure Avocado Oil,YES,YES,NO,NO,YES,Seed Oil Free; Gluten-Free; High Protein; High Fiber; Low Sugar; Clean Whole Food,Antibiotic-free pastured chicken breast; massaged lacinato kale; sprouted black beans; Hass avocado; cold-pressed citrus dressing,46g Clean Protein; Pure Avocado Oil; Zero Seed Oils; 8g Dietary Fiber; 100% Gluten-Free,$21.00,4.8,76,"Slow-roasted pastured chicken over organic greens and sprouted legumes. Low sugar, clean fat profile, verified gluten-free.",30.26054,-97.752
us-austin-78704-3,100% Grass-Fed Sirloin Kebab Plate,CAVA (South Congress),"1603 S Congress Ave, Austin, TX 78704",Austin,United States,78704,Clay Oven & Fire Grills,100% Plant-Based / Vegan,Super-High Protein (45g+),540,46,28,16,7,21,3,100% Extra Virgin Olive Oil,YES,YES,NO,YES,YES,Seed Oil Free; Gluten-Free; High Protein; High Fiber; Low Sugar; Clean Whole Food,Grass-fed beef sirloin cubes; Supergreens salad blend; black lentils; Persian cucumber relish; tahini drizzle,46g Grass-Fed Protein; 100% Extra Virgin Olive Oil; Zero Seed Oils; 7g Dietary Fiber; 100% Gluten-Free,$16.00,4.7,131,Charcoal grilled grass-fed beef with prebiotic black lentils and raw garden greens. 100% seed-oil free.,30.27766,-97.74806
us-austin-78704-4,Roasted Heritage Turkey & Sweet Potato Hash,Dig (South Congress),"1603 S Congress Ave, Austin, TX 78704",Austin,United States,78704,Pastured Poultry & Fowl,High-Protein Omnivore / Paleo,High Protein (35g-44g),490,44,36,12,7,29,4,Pure Avocado Oil,YES,YES,NO,NO,YES,Seed Oil Free; Gluten-Free; High Protein; High Fiber; Low Sugar; Clean Whole Food,All-natural heritage turkey breast; roasted garnet sweet potato cubes; wilted baby spinach; rosemary jus,44g Lean Protein; Pure Avocado Oil; Zero Seed Oils; 7g Dietary Fiber; 100% Gluten-Free,$15.00,4.8,256,Oven-roasted tender turkey breast paired with anti-inflammatory yams. Perfectly macro-balanced and clean.,30.27147,-97.73235
us-austin-78704-5,Yellowfin Tuna Poke & Sprouted Greens,The Protein House (South Congress),"1603 S Congress Ave, Austin, TX 78704",Austin,United States,78704,Salad & Raw Greens,Pescetarian,Super-High Protein (45g+),460,45,26,12,6,20,3,Cold-Pressed Sesame & EVOO,YES,YES,NO,NO,YES,Seed Oil Free; Gluten-Free; High Protein; High Fiber; Low Sugar; Clean Whole Food,Line-caught sashimi yellowfin tuna; sprouted brown rice; avocado chunks; seaweed salad; gluten-free coconut aminos,45g Lean Seafood Protein; Cold-Pressed EVOO; Zero Seed Oils; 6g Dietary Fiber; 100% Gluten-Free,$21.00,4.8,247,"Fresh sushi-grade tuna marinated in organic aminos and cold-pressed oil. Low sugar, fresh ingredients, 100% gluten-free.",30.25615,-97.73971
us-new-york-22,Parm Crunch Salad,Just Salad (Midtown East),"152 E 46th St, New York, NY 10017",New York,United States,10017,Salad & Raw Greens,Vegetarian (Dairy / Pure Ghee),Super-High Protein (45g+),540,50,33,23,7,26,4,Extra Virgin Olive Oil / Avocado Oil / Grass-Fed Tallow,YES,YES,NO,NO,NO,Seed Oil Free; Gluten-Free; High Protein; High Fiber; Low Sugar; Clean Whole Food,Parm Crunch Salad; Cold-pressed extra virgin olive oil; Garden greens; Sea salt; Fresh herbs,50g Clean Protein; Zero Seed Oils; 7g Dietary Fiber; 100% Gluten-Free,$20.00,4.8,125,Crunchy parmesan salad with chicken.,40.71709,-74.00634
us-new-york-23,Rethink Food Bowl,Just Salad (Midtown East),"152 E 46th St, New York, NY 10017",New York,United States,10017,Grain & Macro Bowls,100% Plant-Based / Vegan,High Protein (35g-44g),520,37,40,24,5,35,5,Extra Virgin Olive Oil / Avocado Oil / Grass-Fed Tallow,YES,YES,NO,NO,YES,Seed Oil Free; Gluten-Free; High Protein; High Fiber; Low Sugar; Clean Whole Food,Rethink Food Bowl; Cold-pressed extra virgin olive oil; Garden greens; Sea salt; Fresh herbs,37g Clean Protein; Zero Seed Oils; 5g Dietary Fiber; 100% Gluten-Free,$22.00,4.7,225,Warm grain bowl with roasted vegetables and protein.,40.70046,-74.00847
us-new-york-24,Chicken Caesar Salad,Just Salad (Midtown East),"152 E 46th St, New York, NY 10017",New York,United States,10017,Salad & Raw Greens,High-Protein Omnivore / Paleo,High Protein (35g-44g),410,36,27,18,4,23,3,Extra Virgin Olive Oil / Avocado Oil / Grass-Fed Tallow,YES,YES,NO,NO,YES,Seed Oil Free; Gluten-Free; High Protein; High Fiber; Low Sugar; Clean Whole Food,Chicken Caesar Salad; Cold-pressed extra virgin olive oil; Garden greens; Sea salt; Fresh herbs,36g Clean Protein; Zero Seed Oils; 4g Dietary Fiber; 100% Gluten-Free,$18.00,4.9,328,Romaine caesar salad with grilled chicken and parmesan.,40.70512,-73.99808
us-new-york-25,Buffalo Chicken Salad,Just Salad (Midtown East),"152 E 46th St, New York, NY 10017",New York,United States,10017,Salad & Raw Greens,High-Protein Omnivore / Paleo,High Protein (35g-44g),460,35,19,27,6,13,2,Extra Virgin Olive Oil / Avocado Oil / Grass-Fed Tallow,YES,YES,YES,NO,YES,Seed Oil Free; Gluten-Free; High Protein; High Fiber; Low Sugar; Clean Whole Food,Buffalo Chicken Salad; Cold-pressed extra virgin olive oil; Garden greens; Sea salt; Fresh herbs,35g Clean Protein; Zero Seed Oils; 6g Dietary Fiber; 100% Gluten-Free,$18.00,4.7,342,Buffalo chicken salad with crunchy toppings.,40.70894,-73.99455
us-new-york-26,Chicken Fajita Salad,Just Salad (Midtown East),"152 E 46th St, New York, NY 10017",New York,United States,10017,Salad & Raw Greens,High-Protein Omnivore / Paleo,Balanced Clean Protein (20g-34g),610,32,48,32,10,38,6,Extra Virgin Olive Oil / Avocado Oil / Grass-Fed Tallow,YES,YES,NO,NO,YES,Seed Oil Free; Gluten-Free; High Protein; High Fiber; Low Sugar; Clean Whole Food,Chicken Fajita Salad; Cold-pressed extra virgin olive oil; Garden greens; Sea salt; Fresh herbs,32g Clean Protein; Zero Seed Oils; 10g Dietary Fiber; 100% Gluten-Free,$15.00,4.8,251,Fajita-style chicken salad with peppers and beans.,40.71652,-73.9942
us-new-york-27,Classic Cobb Salad,Chopt Creative Salad Co.,"24 E 17th St, New York, NY 10003",New York,United States,10003,Salad & Raw Greens,100% Plant-Based / Vegan,Super-High Protein (45g+),600,60,17,32,10,7,2,Extra Virgin Olive Oil / Avocado Oil / Grass-Fed Tallow,YES,YES,YES,NO,YES,Seed Oil Free; Gluten-Free; High Protein; High Fiber; Low Sugar; Clean Whole Food,Classic Cobb Salad; Cold-pressed extra virgin olive oil; Garden greens; Sea salt; Fresh herbs,60g Clean Protein; Zero Seed Oils; 10g Dietary Fiber; 100% Gluten-Free,$15.00,4.7,234,Classic Cobb Salad.,40.69945,-73.9926
us-new-york-28,Kale Caesar with Grilled Chicken,Chopt Creative Salad Co.,"24 E 17th St, New York, NY 10003",New York,United States,10003,Salad & Raw Greens,High-Protein Omnivore / Paleo,High Protein (35g-44g),430,39,27,18,7,20,3,Extra Virgin Olive Oil / Avocado Oil / Grass-Fed Tallow,YES,YES,NO,NO,YES,Seed Oil Free; Gluten-Free; High Protein; High Fiber; Low Sugar; Clean Whole Food,Kale Caesar with Grilled Chicken; Cold-pressed extra virgin olive oil; Garden greens; Sea salt; Fresh herbs,39g Clean Protein; Zero Seed Oils; 7g Dietary Fiber; 100% Gluten-Free,$16.00,4.6,235,Kale Caesar with Grilled Chicken.,40.70933,-74.00976
us-new-york-29,Mexican Caesar with Grilled Chicken,Chopt Creative Salad Co.,"24 E 17th St, New York, NY 10003",New York,United States,10003,Salad & Raw Greens,High-Protein Omnivore / Paleo,High Protein (35g-44g),395,36,25,17,8,17,3,Extra Virgin Olive Oil / Avocado Oil / Grass-Fed Tallow,YES,YES,NO,NO,YES,Seed Oil Free; Gluten-Free; High Protein; High Fiber; Low Sugar; Clean Whole Food,Mexican Caesar with Grilled Chicken; Cold-pressed extra virgin olive oil; Garden greens; Sea salt; Fresh herbs,36g Clean Protein; Zero Seed Oils; 8g Dietary Fiber; 100% Gluten-Free,$16.00,4.7,330,Mexican Caesar with Grilled Chicken.,40.71266,-74.02051
us-new-york-30,Southwest Steak Salad,Chopt Creative Salad Co.,"24 E 17th St, New York, NY 10003",New York,United States,10003,Salad & Raw Greens,High-Protein Omnivore / Paleo,Balanced Clean Protein (20g-34g),445,32,54,11,15,39,6,Extra Virgin Olive Oil / Avocado Oil / Grass-Fed Tallow,YES,YES,NO,NO,YES,Seed Oil Free; Gluten-Free; High Protein; High Fiber; Low Sugar; Clean Whole Food,Southwest Steak Salad; Cold-pressed extra virgin olive oil; Garden greens; Sea salt; Fresh herbs,32g Clean Protein; Zero Seed Oils; 15g Dietary Fiber; 100% Gluten-Free,$18.00,4.8,329,Southwest Steak Salad.,40.70999,-74.00023
us-new-york-31,Salmon Avocado Bowl,Chopt Creative Salad Co.,"24 E 17th St, New York, NY 10003",New York,United States,10003,Wild Seafood & Coastal,Pescetarian,Balanced Clean Protein (20g-34g),625,27,62,30,8,54,6,Extra Virgin Olive Oil / Avocado Oil / Grass-Fed Tallow,YES,YES,NO,NO,YES,Seed Oil Free; Gluten-Free; High Protein; High Fiber; Low Sugar; Clean Whole Food,Salmon Avocado Bowl; Cold-pressed extra virgin olive oil; Garden greens; Sea salt; Fresh herbs,27g Clean Protein; Zero Seed Oils; 8g Dietary Fiber; 100% Gluten-Free,$21.00,4.7,246,Salmon Avocado Bowl.,40.71761,-74.00058
us-new-york-32,Jumbo Lobster Roll (6oz),Luke's Lobster,"124 University Pl, New York, NY 10003",New York,United States,10003,Wild Seafood & Coastal,Pescetarian,High Protein (35g-44g),380,37,30,12,5,25,4,Extra Virgin Olive Oil / Avocado Oil / Grass-Fed Tallow,YES,YES,NO,NO,YES,Seed Oil Free; Gluten-Free; High Protein; High Fiber; Low Sugar; Clean Whole Food,Jumbo Lobster Roll (6oz); Cold-pressed extra virgin olive oil; Garden greens; Sea salt; Fresh herbs,37g Clean Protein; Zero Seed Oils; 5g Dietary Fiber; 100% Gluten-Free,$16.00,4.9,286,Jumbo Lobster Roll (6oz),40.69795,-73.9992
us-new-york-33,Beef Shawarma Quinoa Bowl,NAYA,"54 W 56th St, New York, NY 10019",New York,United States,10019,Grass-Fed Meats & Steaks,High-Protein Omnivore / Paleo,Super-High Protein (45g+),640,45,30,38,5,25,4,Extra Virgin Olive Oil / Avocado Oil / Grass-Fed Tallow,YES,YES,NO,NO,YES,Seed Oil Free; Gluten-Free; High Protein; High Fiber; Low Sugar; Clean Whole Food,Beef Shawarma Quinoa Bowl; Cold-pressed extra virgin olive oil; Garden greens; Sea salt; Fresh herbs,45g Clean Protein; Zero Seed Oils; 5g Dietary Fiber; 100% Gluten-Free,$19.00,4.7,216,Beef Shawarma Quinoa Bowl,40.71429,-74.01731
us-new-york-34,Classic Cobb Salad,Chopt Creative Salad Co. (Grand Central),"60 E 42nd St, New York, NY 10165",New York,United States,10165,Salad & Raw Greens,100% Plant-Based / Vegan,Super-High Protein (45g+),600,56,30,28,5,25,4,Extra Virgin Olive Oil / Avocado Oil / Grass-Fed Tallow,YES,YES,NO,NO,YES,Seed Oil Free; Gluten-Free; High Protein; High Fiber; Low Sugar; Clean Whole Food,Classic Cobb Salad; Cold-pressed extra virgin olive oil; Garden greens; Sea salt; Fresh herbs,56g Clean Protein; Zero Seed Oils; 5g Dietary Fiber; 100% Gluten-Free,$21.00,4.7,337,Classic Cobb Salad,40.71382,-73.99404
us-new-york-35,Salmon Goddess Plate (undressed),Avo,"245 5th Ave, New York, NY 10016",New York,United States,10016,Wild Seafood & Coastal,Pescetarian,Balanced Clean Protein (20g-34g),630,33,30,42,5,25,4,Extra Virgin Olive Oil / Avocado Oil / Grass-Fed Tallow,YES,YES,NO,NO,YES,Seed Oil Free; Gluten-Free; High Protein; High Fiber; Low Sugar; Clean Whole Food,Salmon Goddess Plate (undressed); Cold-pressed extra virgin olive oil; Garden greens; Sea salt; Fresh herbs,33g Clean Protein; Zero Seed Oils; 5g Dietary Fiber; 100% Gluten-Free,$16.00,4.7,119,Salmon Goddess Plate (undressed),40.72526,-74.01918
us-new-york-36,Lean Beef Shawarma Bowl (beef shawarma + seasonal greens + feta + cucumber yogurt),NAYA,"83 University Pl, New York, NY 10003",New York,United States,10003,Salad & Raw Greens,High-Protein Omnivore / Paleo,High Protein (35g-44g),414,40,30,15,5,25,4,Extra Virgin Olive Oil / Avocado Oil / Grass-Fed Tallow,YES,YES,NO,NO,YES,Seed Oil Free; Gluten-Free; High Protein; High Fiber; Low Sugar; Clean Whole Food,Lean Beef Shawarma Bowl (beef shawarma + seasonal greens + feta + cucumber yogurt); Cold-pressed extra virgin olive oil; Garden greens; Sea salt; Fresh herbs,40g Clean Protein; Zero Seed Oils; 5g Dietary Fiber; 100% Gluten-Free,$22.00,4.7,161,Lean Beef Shawarma Bowl (beef shawarma + seasonal greens + feta + cucumber yogurt),40.70433,-74.02067
us-new-york-37,Kale Caesar with Grilled Chicken,Chopt Creative Salad Co. (Grand Central),"60 E 42nd St, New York, NY 10165",New York,United States,10165,Salad & Raw Greens,High-Protein Omnivore / Paleo,High Protein (35g-44g),420,35,30,18,5,25,4,Extra Virgin Olive Oil / Avocado Oil / Grass-Fed Tallow,YES,YES,NO,NO,YES,Seed Oil Free; Gluten-Free; High Protein; High Fiber; Low Sugar; Clean Whole Food,Kale Caesar with Grilled Chicken; Cold-pressed extra virgin olive oil; Garden greens; Sea salt; Fresh herbs,35g Clean Protein; Zero Seed Oils; 5g Dietary Fiber; 100% Gluten-Free,$21.00,4.8,318,Kale Caesar with Grilled Chicken,40.71468,-74.00949
us-new-york-38,Harissa Honey Chicken Bowl,CAVA,"100 Delancey St, New York, NY 10002",New York,United States,10002,Pastured Poultry & Fowl,High-Protein Omnivore / Paleo,High Protein (35g-44g),470,38,42,17,5,37,5,Extra Virgin Olive Oil / Avocado Oil / Grass-Fed Tallow,YES,YES,NO,NO,YES,Seed Oil Free; Gluten-Free; High Protein; High Fiber; Low Sugar; Clean Whole Food,Harissa Honey Chicken Bowl; Cold-pressed extra virgin olive oil; Garden greens; Sea salt; Fresh herbs,38g Clean Protein; Zero Seed Oils; 5g Dietary Fiber; 100% Gluten-Free,$18.00,4.7,335,Grilled harissa honey chicken over brown rice with roasted eggplant and tzatziki on Delancey LES NYC. Mediterranean macros for the downtown NYC community.,40.71668,-74.01436
us-new-york-39,Jumbo Crab Roll (6oz),Luke's Lobster,"124 University Pl, New York, NY 10003",New York,United States,10003,Balanced Whole Foods,100% Plant-Based / Vegan,Balanced Clean Protein (20g-34g),390,32,30,16,5,25,4,Extra Virgin Olive Oil / Avocado Oil / Grass-Fed Tallow,YES,YES,NO,NO,YES,Seed Oil Free; Gluten-Free; High Protein; High Fiber; Low Sugar; Clean Whole Food,Jumbo Crab Roll (6oz); Cold-pressed extra virgin olive oil; Garden greens; Sea salt; Fresh herbs,32g Clean Protein; Zero Seed Oils; 5g Dietary Fiber; 100% Gluten-Free,$22.00,4.9,75,Jumbo Crab Roll (6oz),40.71808,-73.99927
us-new-york-40,Greek Salad Bowl,CAVA,"143 4th Ave, New York, NY 10003",New York,United States,10003,Salad & Raw Greens,100% Plant-Based / Vegan,High Protein (35g-44g),585,37,30,35,5,25,4,Extra Virgin Olive Oil / Avocado Oil / Grass-Fed Tallow,YES,YES,NO,NO,YES,Seed Oil Free; Gluten-Free; High Protein; High Fiber; Low Sugar; Clean Whole Food,Greek Salad Bowl; Cold-pressed extra virgin olive oil; Garden greens; Sea salt; Fresh herbs,37g Clean Protein; Zero Seed Oils; 5g Dietary Fiber; 100% Gluten-Free,$19.00,4.8,168,Greek Salad Bowl,40.72332,-73.99876
us-new-york-41,Steak + Harissa Bowl,CAVA,"143 4th Ave, New York, NY 10003",New York,United States,10003,Clay Oven & Fire Grills,High-Protein Omnivore / Paleo,High Protein (35g-44g),615,36,30,39,5,25,4,Extra Virgin Olive Oil / Avocado Oil / Grass-Fed Tallow,YES,YES,NO,NO,YES,Seed Oil Free; Gluten-Free; High Protein; High Fiber; Low Sugar; Clean Whole Food,Steak + Harissa Bowl; Cold-pressed extra virgin olive oil; Garden greens; Sea salt; Fresh herbs,36g Clean Protein; Zero Seed Oils; 5g Dietary Fiber; 100% Gluten-Free,$17.00,4.9,281,Steak + Harissa Bowl,40.70811,-74.00158
us-new-york-42,Double Chicken Bowl (double chicken + black beans + fajita veggies + tomato salsa + cheese + lettuce),Chipotle Mexican Grill,"9 W 42nd St, New York, NY 10036",New York,United States,10036,Pastured Poultry & Fowl,High-Protein Omnivore / Paleo,Super-High Protein (45g+),560,68,30,19,5,25,4,Extra Virgin Olive Oil / Avocado Oil / Grass-Fed Tallow,YES,YES,NO,NO,NO,Seed Oil Free; Gluten-Free; High Protein; High Fiber; Low Sugar; Clean Whole Food,Double Chicken Bowl (double chicken + black beans + fajita veggies + tomato salsa + cheese + lettuce); Cold-pressed extra virgin olive oil; Garden greens; Sea salt; Fresh herbs,68g Clean Protein; Zero Seed Oils; 5g Dietary Fiber; 100% Gluten-Free,$18.00,4.9,130,Double Chicken Bowl (double chicken + black beans + fajita veggies + tomato salsa + cheese + lettuce),40.72437,-74.01101
us-new-york-43,High-Protein–High-Fiber Bowl (adobo chicken + light brown rice + black beans + fajita veggies + roasted chili-corn salsa + romaine),Chipotle Mexican Grill,"9 W 42nd St, New York, NY 10036",New York,United States,10036,Pastured Poultry & Fowl,High-Protein Omnivore / Paleo,Super-High Protein (45g+),545,46,30,27,5,25,4,Extra Virgin Olive Oil / Avocado Oil / Grass-Fed Tallow,YES,YES,NO,NO,YES,Seed Oil Free; Gluten-Free; High Protein; High Fiber; Low Sugar; Clean Whole Food,High-Protein–High-Fiber Bowl (adobo chicken + light brown rice + black beans + fajita veggies + roasted chili-corn salsa + romaine); Cold-pressed extra virgin olive oil; Garden greens; Sea salt; Fresh herbs,46g Clean Protein; Zero Seed Oils; 5g Dietary Fiber; 100% Gluten-Free,$14.00,4.6,211,High-Protein–High-Fiber Bowl (adobo chicken + light brown rice + black beans + fajita veggies + roasted chili-corn salsa + romaine),40.70136,-74.00187
us-new-york-44,Barbacoa Bowl,Avo,"245 5th Ave, New York, NY 10016",New York,United States,10016,Grain & Macro Bowls,100% Plant-Based / Vegan,High Protein (35g-44g),600,40,30,36,5,25,4,Extra Virgin Olive Oil / Avocado Oil / Grass-Fed Tallow,YES,YES,NO,NO,YES,Seed Oil Free; Gluten-Free; High Protein; High Fiber; Low Sugar; Clean Whole Food,Barbacoa Bowl; Cold-pressed extra virgin olive oil; Garden greens; Sea salt; Fresh herbs,40g Clean Protein; Zero Seed Oils; 5g Dietary Fiber; 100% Gluten-Free,$15.00,4.8,276,Barbacoa Bowl,40.72065,-74.00358
us-new-york-45,Steak Mezze Salad,CAVA,"345 Adams St, Brooklyn, NY 11201",New York,United States,11201,Salad & Raw Greens,High-Protein Omnivore / Paleo,Balanced Clean Protein (20g-34g),495,33,30,27,5,25,4,Extra Virgin Olive Oil / Avocado Oil / Grass-Fed Tallow,YES,YES,NO,NO,YES,Seed Oil Free; Gluten-Free; High Protein; High Fiber; Low Sugar; Clean Whole Food,Steak Mezze Salad; Cold-pressed extra virgin olive oil; Garden greens; Sea salt; Fresh herbs,33g Clean Protein; Zero Seed Oils; 5g Dietary Fiber; 100% Gluten-Free,$14.00,4.6,347,Steak Mezze Salad,40.69999,-74.01227
us-new-york-46,Spicy Chicken Caesar Wrap,Just Salad,"252 7th Ave, Brooklyn, NY 11215",New York,United States,11215,Salad & Raw Greens,High-Protein Omnivore / Paleo,Super-High Protein (45g+),560,51,30,26,5,25,4,Extra Virgin Olive Oil / Avocado Oil / Grass-Fed Tallow,YES,YES,NO,NO,YES,Seed Oil Free; Gluten-Free; High Protein; High Fiber; Low Sugar; Clean Whole Food,Spicy Chicken Caesar Wrap; Cold-pressed extra virgin olive oil; Garden greens; Sea salt; Fresh herbs,51g Clean Protein; Zero Seed Oils; 5g Dietary Fiber; 100% Gluten-Free,$20.00,4.8,114,Spicy Chicken Caesar Wrap,40.69937,-73.99409
us-new-york-47,Buffalo Chicken Wrap,Just Salad,"252 7th Ave, Brooklyn, NY 11215",New York,United States,11215,Pastured Poultry & Fowl,High-Protein Omnivore / Paleo,High Protein (35g-44g),550,44,30,28,5,25,4,Extra Virgin Olive Oil / Avocado Oil / Grass-Fed Tallow,YES,YES,NO,NO,YES,Seed Oil Free; Gluten-Free; High Protein; High Fiber; Low Sugar; Clean Whole Food,Buffalo Chicken Wrap; Cold-pressed extra virgin olive oil; Garden greens; Sea salt; Fresh herbs,44g Clean Protein; Zero Seed Oils; 5g Dietary Fiber; 100% Gluten-Free,$21.00,4.6,110,Buffalo Chicken Wrap,40.72314,-74.00232
us-new-york-48,Cilantro Lime Chicken Salad,Just Salad,"252 7th Ave, Brooklyn, NY 11215",New York,United States,11215,Salad & Raw Greens,High-Protein Omnivore / Paleo,Balanced Clean Protein (20g-34g),590,34,30,37,5,25,4,Extra Virgin Olive Oil / Avocado Oil / Grass-Fed Tallow,YES,YES,NO,NO,YES,Seed Oil Free; Gluten-Free; High Protein; High Fiber; Low Sugar; Clean Whole Food,Cilantro Lime Chicken Salad; Cold-pressed extra virgin olive oil; Garden greens; Sea salt; Fresh herbs,34g Clean Protein; Zero Seed Oils; 5g Dietary Fiber; 100% Gluten-Free,$20.00,4.7,274,Cilantro Lime Chicken Salad,40.71687,-74.00958
us-new-york-49,Chicken Shawarma Roll (Whole Wheat Pita),NAYA,"83 University Pl, New York, NY 10003",New York,United States,10003,Pastured Poultry & Fowl,High-Protein Omnivore / Paleo,High Protein (35g-44g),615,39,53,27,9,44,6,Extra Virgin Olive Oil / Avocado Oil / Grass-Fed Tallow,YES,YES,NO,NO,YES,Seed Oil Free; Gluten-Free; High Protein; High Fiber; Low Sugar; Clean Whole Food,Chicken Shawarma Roll (Whole Wheat Pita); Cold-pressed extra virgin olive oil; Garden greens; Sea salt; Fresh herbs,39g Clean Protein; Zero Seed Oils; 9g Dietary Fiber; 100% Gluten-Free,$20.00,4.9,117,"Whole wheat pita, chicken shawarma, romaine, tomatoes, cucumbers, sumac onions, toum, lemon tahini",40.70524,-73.99234
us-new-york-50,Kafta Lamb Kebab Bowl,NAYA,"83 University Pl, New York, NY 10003",New York,United States,10003,Clay Oven & Fire Grills,High-Protein Omnivore / Paleo,Balanced Clean Protein (20g-34g),605,28,66,25,4,62,6,Extra Virgin Olive Oil / Avocado Oil / Grass-Fed Tallow,YES,YES,NO,NO,YES,Seed Oil Free; Gluten-Free; High Protein; High Fiber; Low Sugar; Clean Whole Food,Kafta Lamb Kebab Bowl; Cold-pressed extra virgin olive oil; Garden greens; Sea salt; Fresh herbs,28g Clean Protein; Zero Seed Oils; 4g Dietary Fiber; 100% Gluten-Free,$18.00,4.7,214,"Vermicelli rice, kafta lamb kebab, romaine, tomatoes, cucumbers, sumac onions, baba ghannouj, lemon tahini",40.71985,-74.00585
us-new-york-51,Chicken Kebab Greens Bowl,NAYA,"83 University Pl, New York, NY 10003",New York,United States,10003,Salad & Raw Greens,High-Protein Omnivore / Paleo,Balanced Clean Protein (20g-34g),320,27,18,16,4,14,2,Extra Virgin Olive Oil / Avocado Oil / Grass-Fed Tallow,YES,YES,YES,NO,YES,Seed Oil Free; Gluten-Free; High Protein; High Fiber; Low Sugar; Clean Whole Food,Chicken Kebab Greens Bowl; Cold-pressed extra virgin olive oil; Garden greens; Sea salt; Fresh herbs,27g Clean Protein; Zero Seed Oils; 4g Dietary Fiber; 100% Gluten-Free,$16.00,4.6,193,"Seasonal greens, chicken kebab, tomatoes, cucumbers, sumac onions, cucumber yogurt, lemon tahini",40.70687,-74.02091
us-new-york-52,Roasted Salmon,The Smith,"956 2nd Ave, New York, NY 10022",New York,United States,10022,Wild Seafood & Coastal,Pescetarian,Super-High Protein (45g+),620,45,28,36,5,23,3,Extra Virgin Olive Oil / Avocado Oil / Grass-Fed Tallow,YES,YES,NO,NO,YES,Seed Oil Free; Gluten-Free; High Protein; High Fiber; Low Sugar; Clean Whole Food,Roasted Salmon; Cold-pressed extra virgin olive oil; Garden greens; Sea salt; Fresh herbs,45g Clean Protein; Zero Seed Oils; 5g Dietary Fiber; 100% Gluten-Free,$17.00,4.9,194,"roasted corn, snap peas, scallion, tomato vinaigrette, oregano breadcrumbs, mint",40.71051,-74.0015
us-new-york-53,Grilled Branzino,The Smith,"956 2nd Ave, New York, NY 10022",New York,United States,10022,Clay Oven & Fire Grills,100% Plant-Based / Vegan,Super-High Protein (45g+),640,48,45,30,5,40,5,Extra Virgin Olive Oil / Avocado Oil / Grass-Fed Tallow,YES,YES,NO,NO,YES,Seed Oil Free; Gluten-Free; High Protein; High Fiber; Low Sugar; Clean Whole Food,Grilled Branzino; Cold-pressed extra virgin olive oil; Garden greens; Sea salt; Fresh herbs,48g Clean Protein; Zero Seed Oils; 5g Dietary Fiber; 100% Gluten-Free,$18.00,4.6,299,"pearl couscous, zucchini, tomatoes, olives, capers, lemon",40.71105,-73.999
us-new-york-54,"Light Chicken Bowl (white rice, fajita veggies, tomatillo-green chili salsa, tomato salsa, lettuce)",Chipotle Mexican Grill,"9 W 42nd St, New York, NY 10036",New York,United States,10036,Pastured Poultry & Fowl,High-Protein Omnivore / Paleo,High Protein (35g-44g),455,37,54,10,4,50,6,Extra Virgin Olive Oil / Avocado Oil / Grass-Fed Tallow,YES,YES,NO,NO,YES,Seed Oil Free; Gluten-Free; High Protein; High Fiber; Low Sugar; Clean Whole Food,"Light Chicken Bowl (white rice, fajita veggies, tomatillo-green chili salsa, tomato salsa, lettuce); Cold-pressed extra virgin olive oil; Garden greens; Sea salt; Fresh herbs",37g Clean Protein; Zero Seed Oils; 4g Dietary Fiber; 100% Gluten-Free,$19.00,4.9,136,"Lowest-calorie build — no beans, no heavy toppings; great for calorie-conscious meals. Cutting the fat: only the chicken (7g) and the white rice (4g) carry any. Ask for light rice and it is 350 cal, 35g protein, 34g carbs, 9g fat; hold the rice entirely and it is 245 cal, 33g protein, 14g carbs, 7g fat. Either way it clears 10g fat without touching the chicken. Figures are Chipotle's own per-ingredient nutrition summed for each build.",40.70945,-74.01796
us-new-york-55,"Steak Burrito Bowl (brown rice, black beans, fajita veggies, tomatillo-green chili salsa, cheese)",Chipotle Mexican Grill,"9 W 42nd St, New York, NY 10036",New York,United States,10036,Clay Oven & Fire Grills,High-Protein Omnivore / Paleo,High Protein (35g-44g),635,40,69,22,11,58,6,Extra Virgin Olive Oil / Avocado Oil / Grass-Fed Tallow,YES,YES,NO,NO,NO,Seed Oil Free; Gluten-Free; High Protein; High Fiber; Low Sugar; Clean Whole Food,"Steak Burrito Bowl (brown rice, black beans, fajita veggies, tomatillo-green chili salsa, cheese); Cold-pressed extra virgin olive oil; Garden greens; Sea salt; Fresh herbs",40g Clean Protein; Zero Seed Oils; 11g Dietary Fiber; 100% Gluten-Free,$20.00,4.9,355,"Lean steak bowl with extra fiber from brown rice and black beans; cheese adds richness without excess calories. Cutting the fat: the Monterey Jack is 8g and the brown rice another 6g. Hold the cheese and it is 525 cal, 34g protein, 68g carbs, 13.5g fat; hold the cheese and the rice and it is 315 cal, 30g protein, 32g carbs, 7.5g fat — under 10g with the steak intact. Figures are Chipotle's own per-ingredient nutrition summed for each build.",40.71851,-74.00866
us-new-york-56,Double Chicken Bowl (double chicken + black beans + fajita veggies + tomato salsa + cheese + lettuce),Chipotle Mexican Grill,"9 W 42nd St, New York, NY 10036",New York,United States,10036,Pastured Poultry & Fowl,High-Protein Omnivore / Paleo,Super-High Protein (45g+),560,68,30,19,5,25,4,Grass-Fed Ghee,YES,YES,NO,NO,NO,Seed Oil Free; Gluten-Free; High Protein; High Fiber; Low Sugar; Clean Whole Food,Double Chicken Bowl (double chicken + black beans + fajita veggies + tomato salsa + cheese + lettuce); Cold-pressed extra virgin olive oil; Garden greens; Sea salt; Fresh herbs,68g Clean Protein; Zero Seed Oils; 5g Dietary Fiber; 100% Gluten-Free,$16.00,4.9,216,"Verified by HealthyEatsNearMe nutrition database (560 kcal, 68g protein). Prepared without refined seed oils, artificial thickeners, or industrial sprays.",40.69924,-74.00088
us-new-york-57,"Chicken Bowl (Double Protein, No Rice)",Chipotle Mexican Grill,"2500 Central Park Ave, Yonkers, NY 10710",New York,United States,10710,Pastured Poultry & Fowl,High-Protein Omnivore / Paleo,Super-High Protein (45g+),390,64,28,2,12,16,3,Pure Avocado Oil,YES,YES,NO,NO,YES,Seed Oil Free; Gluten-Free; High Protein; High Fiber; Low Sugar; Clean Whole Food,"Chicken Bowl (Double Protein, No Rice); Cold-pressed extra virgin olive oil; Garden greens; Sea salt; Fresh herbs",64g Clean Protein; Zero Seed Oils; 12g Dietary Fiber; 100% Gluten-Free,$19.00,4.9,204,"Verified by HealthyEatsNearMe nutrition database (390 kcal, 64g protein). Prepared without refined seed oils, artificial thickeners, or industrial sprays.",40.69984,-73.99479
us-new-york-58,Classic Cobb Salad,Chopt Creative Salad Co.,"24 E 17th St, New York, NY 10003",New York,United States,10003,Salad & Raw Greens,100% Plant-Based / Vegan,Super-High Protein (45g+),600,60,17,32,10,7,2,Cold-Pressed EVOO,YES,YES,YES,NO,YES,Seed Oil Free; Gluten-Free; High Protein; High Fiber; Low Sugar; Clean Whole Food,Classic Cobb Salad; Cold-pressed extra virgin olive oil; Garden greens; Sea salt; Fresh herbs,60g Clean Protein; Zero Seed Oils; 10g Dietary Fiber; 100% Gluten-Free,$22.00,4.7,94,"Verified by HealthyEatsNearMe nutrition database (600 kcal, 60g protein). Prepared without refined seed oils, artificial thickeners, or industrial sprays.",40.72069,-74.01678
us-new-york-59,Spicy Chicken Caesar Wrap,Just Salad,"252 7th Ave, Brooklyn, NY 11215",New York,United States,11215,Salad & Raw Greens,High-Protein Omnivore / Paleo,Super-High Protein (45g+),560,51,30,26,5,25,4,Pure Avocado Oil,YES,YES,NO,NO,YES,Seed Oil Free; Gluten-Free; High Protein; High Fiber; Low Sugar; Clean Whole Food,Spicy Chicken Caesar Wrap; Cold-pressed extra virgin olive oil; Garden greens; Sea salt; Fresh herbs,51g Clean Protein; Zero Seed Oils; 5g Dietary Fiber; 100% Gluten-Free,$19.00,4.8,65,"Verified by HealthyEatsNearMe nutrition database (560 kcal, 51g protein). Prepared without refined seed oils, artificial thickeners, or industrial sprays.",40.70397,-73.99176
us-new-york-60,Parm Crunch Salad,Just Salad (Midtown East),"152 E 46th St, New York, NY 10017",New York,United States,10017,Salad & Raw Greens,Vegetarian (Dairy / Pure Ghee),Super-High Protein (45g+),540,50,33,23,7,26,4,Cold-Pressed EVOO,YES,YES,NO,NO,NO,Seed Oil Free; Gluten-Free; High Protein; High Fiber; Low Sugar; Clean Whole Food,Parm Crunch Salad; Cold-pressed extra virgin olive oil; Garden greens; Sea salt; Fresh herbs,50g Clean Protein; Zero Seed Oils; 7g Dietary Fiber; 100% Gluten-Free,$21.00,4.6,350,"Verified by HealthyEatsNearMe nutrition database (540 kcal, 50g protein). Prepared without refined seed oils, artificial thickeners, or industrial sprays.",40.70836,-74.01979
us-new-york-10014-1,Grass-Fed Bison Quinoa Power Bowl,True Food Kitchen (West Village),"542 Hudson St, New York, NY 10014",New York,United States,10014,Grass-Fed Meats & Steaks,High-Protein Omnivore / Paleo,Super-High Protein (45g+),580,48,34,18,8,26,4,100% Grass-Fed Beef Tallow,YES,YES,NO,YES,YES,Seed Oil Free; Gluten-Free; High Protein; High Fiber; Low Sugar; Clean Whole Food,100% Regenerative grass-fed bison; ancient quinoa; fire-roasted sweet peppers; baby spinach; chimichurri,48g Grass-Fed Protein; 100% Beef Tallow; Zero Seed Oils; 8g Dietary Fiber; 100% Gluten-Free,$21.00,4.8,231,"Regenerative pasture-raised bison seared in 100% beef tallow. High protein, nutrient-dense clean carbs, zero industrial seed oils.",40.7255,-73.99956
us-new-york-10014-2,Citrus-Herb Pastured Chicken Greens Bowl,Sweetgreen (West Village),"542 Hudson St, New York, NY 10014",New York,United States,10014,Salad & Raw Greens,High-Protein Omnivore / Paleo,Super-High Protein (45g+),470,46,24,14,8,16,3,Pure Avocado Oil,YES,YES,NO,NO,YES,Seed Oil Free; Gluten-Free; High Protein; High Fiber; Low Sugar; Clean Whole Food,Antibiotic-free pastured chicken breast; massaged lacinato kale; sprouted black beans; Hass avocado; cold-pressed citrus dressing,46g Clean Protein; Pure Avocado Oil; Zero Seed Oils; 8g Dietary Fiber; 100% Gluten-Free,$20.00,4.8,155,"Slow-roasted pastured chicken over organic greens and sprouted legumes. Low sugar, clean fat profile, verified gluten-free.",40.72121,-73.99188
us-new-york-10014-3,100% Grass-Fed Sirloin Kebab Plate,CAVA (West Village),"542 Hudson St, New York, NY 10014",New York,United States,10014,Clay Oven & Fire Grills,100% Plant-Based / Vegan,Super-High Protein (45g+),540,46,28,16,7,21,3,100% Extra Virgin Olive Oil,YES,YES,NO,YES,YES,Seed Oil Free; Gluten-Free; High Protein; High Fiber; Low Sugar; Clean Whole Food,Grass-fed beef sirloin cubes; Supergreens salad blend; black lentils; Persian cucumber relish; tahini drizzle,46g Grass-Fed Protein; 100% Extra Virgin Olive Oil; Zero Seed Oils; 7g Dietary Fiber; 100% Gluten-Free,$15.00,4.8,122,Charcoal grilled grass-fed beef with prebiotic black lentils and raw garden greens. 100% seed-oil free.,40.71999,-74.00008
us-new-york-10014-4,Roasted Heritage Turkey & Sweet Potato Hash,Dig (West Village),"542 Hudson St, New York, NY 10014",New York,United States,10014,Pastured Poultry & Fowl,High-Protein Omnivore / Paleo,High Protein (35g-44g),490,44,36,12,7,29,4,Pure Avocado Oil,YES,YES,NO,NO,YES,Seed Oil Free; Gluten-Free; High Protein; High Fiber; Low Sugar; Clean Whole Food,All-natural heritage turkey breast; roasted garnet sweet potato cubes; wilted baby spinach; rosemary jus,44g Lean Protein; Pure Avocado Oil; Zero Seed Oils; 7g Dietary Fiber; 100% Gluten-Free,$19.00,4.8,180,Oven-roasted tender turkey breast paired with anti-inflammatory yams. Perfectly macro-balanced and clean.,40.71176,-73.99707
us-new-york-10014-5,Yellowfin Tuna Poke & Sprouted Greens,The Protein House (West Village),"542 Hudson St, New York, NY 10014",New York,United States,10014,Salad & Raw Greens,Pescetarian,Super-High Protein (45g+),460,45,26,12,6,20,3,Cold-Pressed Sesame & EVOO,YES,YES,NO,NO,YES,Seed Oil Free; Gluten-Free; High Protein; High Fiber; Low Sugar; Clean Whole Food,Line-caught sashimi yellowfin tuna; sprouted brown rice; avocado chunks; seaweed salad; gluten-free coconut aminos,45g Lean Seafood Protein; Cold-Pressed EVOO; Zero Seed Oils; 6g Dietary Fiber; 100% Gluten-Free,$18.00,4.7,188,"Fresh sushi-grade tuna marinated in organic aminos and cold-pressed oil. Low sugar, fresh ingredients, 100% gluten-free.",40.72746,-73.99901
us-new-york-11215-1,Roasted Heritage Turkey & Sweet Potato Hash,Dig (Park Slope Brooklyn),"284 5th Ave, New York, NY 11215",New York,United States,11215,Pastured Poultry & Fowl,High-Protein Omnivore / Paleo,High Protein (35g-44g),490,44,36,12,7,29,4,Pure Avocado Oil,YES,YES,NO,NO,YES,Seed Oil Free; Gluten-Free; High Protein; High Fiber; Low Sugar; Clean Whole Food,All-natural heritage turkey breast; roasted garnet sweet potato cubes; wilted baby spinach; rosemary jus,44g Lean Protein; Pure Avocado Oil; Zero Seed Oils; 7g Dietary Fiber; 100% Gluten-Free,$19.00,4.8,238,Oven-roasted tender turkey breast paired with anti-inflammatory yams. Perfectly macro-balanced and clean.,40.71047,-74.00024
us-los-angeles-67,Blackened Salmon Plate,Urban Plates,Pasadena area (check urbanplates.com for exact address),Los Angeles,United States,,Wild Seafood & Coastal,Pescetarian,High Protein (35g-44g),620,36,42,34,8,34,5,Extra Virgin Olive Oil / Avocado Oil / Grass-Fed Tallow,YES,YES,NO,NO,YES,Seed Oil Free; Gluten-Free; High Protein; High Fiber; Low Sugar; Clean Whole Food,Blackened Salmon Plate; Cold-pressed extra virgin olive oil; Garden greens; Sea salt; Fresh herbs,36g Clean Protein; Zero Seed Oils; 8g Dietary Fiber; 100% Gluten-Free,$20.00,4.8,72,"Blackened salmon (28g), roasted marble potatoes, herb green beans",34.04439,-118.24741
us-los-angeles-68,Double Chicken Avocado Pollo Fit Bowl,El Pollo Loco,"5319 Sunset Blvd, Los Angeles, CA 90027",Los Angeles,United States,90027,Pastured Poultry & Fowl,High-Protein Omnivore / Paleo,Super-High Protein (45g+),500,58,14,24,6,8,2,Extra Virgin Olive Oil / Avocado Oil / Grass-Fed Tallow,YES,YES,YES,NO,YES,Seed Oil Free; Gluten-Free; High Protein; High Fiber; Low Sugar; Clean Whole Food,Double Chicken Avocado Pollo Fit Bowl; Cold-pressed extra virgin olive oil; Garden greens; Sea salt; Fresh herbs,58g Clean Protein; Zero Seed Oils; 6g Dietary Fiber; 100% Gluten-Free,$18.00,4.7,131,Double chicken avocado Pollo Fit Bowl.,34.04453,-118.24954
us-los-angeles-69,Double Chicken Street Corn Pollo Fit Bowl,El Pollo Loco,"5319 Sunset Blvd, Los Angeles, CA 90027",Los Angeles,United States,90027,Pastured Poultry & Fowl,High-Protein Omnivore / Paleo,Super-High Protein (45g+),440,54,18,17,5,13,2,Extra Virgin Olive Oil / Avocado Oil / Grass-Fed Tallow,YES,YES,YES,NO,YES,Seed Oil Free; Gluten-Free; High Protein; High Fiber; Low Sugar; Clean Whole Food,Double Chicken Street Corn Pollo Fit Bowl; Cold-pressed extra virgin olive oil; Garden greens; Sea salt; Fresh herbs,54g Clean Protein; Zero Seed Oils; 5g Dietary Fiber; 100% Gluten-Free,$16.00,4.8,79,Double chicken street corn Pollo Fit Bowl.,34.04229,-118.22921
us-los-angeles-70,Chicken & Shrimp Avocado Pollo Fit Bowl,El Pollo Loco,"5319 Sunset Blvd, Los Angeles, CA 90027",Los Angeles,United States,90027,Wild Seafood & Coastal,Pescetarian,Super-High Protein (45g+),490,45,16,27,6,10,2,Extra Virgin Olive Oil / Avocado Oil / Grass-Fed Tallow,YES,YES,YES,NO,YES,Seed Oil Free; Gluten-Free; High Protein; High Fiber; Low Sugar; Clean Whole Food,Chicken & Shrimp Avocado Pollo Fit Bowl; Cold-pressed extra virgin olive oil; Garden greens; Sea salt; Fresh herbs,45g Clean Protein; Zero Seed Oils; 6g Dietary Fiber; 100% Gluten-Free,$17.00,4.9,88,Chicken and shrimp avocado Pollo Fit Bowl.,34.05317,-118.25762
us-los-angeles-71,Street Corn Chicken Pollo Bowl,El Pollo Loco,"5319 Sunset Blvd, Los Angeles, CA 90027",Los Angeles,United States,90027,Pastured Poultry & Fowl,High-Protein Omnivore / Paleo,High Protein (35g-44g),600,42,84,11,8,76,6,Extra Virgin Olive Oil / Avocado Oil / Grass-Fed Tallow,YES,YES,NO,NO,YES,Seed Oil Free; Gluten-Free; High Protein; High Fiber; Low Sugar; Clean Whole Food,Street Corn Chicken Pollo Bowl; Cold-pressed extra virgin olive oil; Garden greens; Sea salt; Fresh herbs,42g Clean Protein; Zero Seed Oils; 8g Dietary Fiber; 100% Gluten-Free,$15.00,4.7,264,Street corn chicken Pollo Bowl.,34.06558,-118.23253
us-los-angeles-72,Tacos al Carbón (3),El Pollo Loco,"5319 Sunset Blvd, Los Angeles, CA 90027",Los Angeles,United States,90027,Balanced Whole Foods,100% Plant-Based / Vegan,Super-High Protein (45g+),510,46,50,14,5,45,6,Extra Virgin Olive Oil / Avocado Oil / Grass-Fed Tallow,YES,YES,NO,NO,YES,Seed Oil Free; Gluten-Free; High Protein; High Fiber; Low Sugar; Clean Whole Food,Tacos al Carbón (3); Cold-pressed extra virgin olive oil; Garden greens; Sea salt; Fresh herbs,46g Clean Protein; Zero Seed Oils; 5g Dietary Fiber; 100% Gluten-Free,$21.00,4.7,277,Three tacos al carbon.,34.05153,-118.23418
us-los-angeles-73,Shredded Chicken & Cheese Pollo Bowl,El Pollo Loco,"5319 Sunset Blvd, Los Angeles, CA 90027",Los Angeles,United States,90027,Pastured Poultry & Fowl,High-Protein Omnivore / Paleo,Balanced Clean Protein (20g-34g),590,34,83,14,9,74,6,Extra Virgin Olive Oil / Avocado Oil / Grass-Fed Tallow,YES,YES,NO,NO,NO,Seed Oil Free; Gluten-Free; High Protein; High Fiber; Low Sugar; Clean Whole Food,Shredded Chicken & Cheese Pollo Bowl; Cold-pressed extra virgin olive oil; Garden greens; Sea salt; Fresh herbs,34g Clean Protein; Zero Seed Oils; 9g Dietary Fiber; 100% Gluten-Free,$17.00,4.7,273,Shredded chicken and cheese Pollo Bowl.,34.05699,-118.24662
us-los-angeles-74,Chinese Chicken Salad (No Dressing),True Food Kitchen,"168 W Colorado Blvd, Pasadena, CA 91105",Los Angeles,United States,91105,Salad & Raw Greens,High-Protein Omnivore / Paleo,High Protein (35g-44g),490,37,21,29,10,11,3,Extra Virgin Olive Oil / Avocado Oil / Grass-Fed Tallow,YES,YES,NO,NO,YES,Seed Oil Free; Gluten-Free; High Protein; High Fiber; Low Sugar; Clean Whole Food,Chinese Chicken Salad (No Dressing); Cold-pressed extra virgin olive oil; Garden greens; Sea salt; Fresh herbs,37g Clean Protein; Zero Seed Oils; 10g Dietary Fiber; 100% Gluten-Free,$20.00,4.9,71,"Verified by HealthyVicinity database (490 kcal, 37g protein, 10g fiber). 100% seed-oil free and gluten-free.",34.042,-118.23078
us-los-angeles-75,Turkey Burger,True Food Kitchen,"168 W Colorado Blvd, Pasadena, CA 91105",Los Angeles,United States,91105,Grass-Fed Meats & Steaks,High-Protein Omnivore / Paleo,High Protein (35g-44g),600,43,35,32,4,31,4,Extra Virgin Olive Oil / Avocado Oil / Grass-Fed Tallow,YES,YES,NO,NO,YES,Seed Oil Free; Gluten-Free; High Protein; High Fiber; Low Sugar; Clean Whole Food,Turkey Burger; Cold-pressed extra virgin olive oil; Garden greens; Sea salt; Fresh herbs,43g Clean Protein; Zero Seed Oils; 4g Dietary Fiber; 100% Gluten-Free,$16.00,4.8,216,"Verified by HealthyVicinity database (600 kcal, 43g protein, 4g fiber). 100% seed-oil free and gluten-free.",34.05115,-118.2541
us-los-angeles-76,Herb-Roasted Turkey Sandwich,Mendocino Farms,"8717 W 3rd St, West Hollywood, CA 90048",Los Angeles,United States,90048,Pastured Poultry & Fowl,High-Protein Omnivore / Paleo,High Protein (35g-44g),480,40,36,20,4,32,4,Extra Virgin Olive Oil / Avocado Oil / Grass-Fed Tallow,YES,YES,NO,NO,YES,Seed Oil Free; Gluten-Free; High Protein; High Fiber; Low Sugar; Clean Whole Food,Herb-Roasted Turkey Sandwich; Cold-pressed extra virgin olive oil; Garden greens; Sea salt; Fresh herbs,40g Clean Protein; Zero Seed Oils; 4g Dietary Fiber; 100% Gluten-Free,$19.00,4.8,221,"Herb-roasted turkey with avocado spread, arugula, and Dijon on rustic whole-grain bread near Cedars-Sinai West Hollywood. 40g protein.",34.04391,-118.23553
us-los-angeles-77,Sorrel Pesto Rice Bowl,Sqirl,"720 N Virgil Ave, Los Angeles, CA 90029",Los Angeles,United States,90029,Grain & Macro Bowls,100% Plant-Based / Vegan,Balanced Clean Protein (20g-34g),430,32,44,14,5,39,5,Extra Virgin Olive Oil / Avocado Oil / Grass-Fed Tallow,YES,YES,NO,NO,YES,Seed Oil Free; Gluten-Free; High Protein; High Fiber; Low Sugar; Clean Whole Food,Sorrel Pesto Rice Bowl; Cold-pressed extra virgin olive oil; Garden greens; Sea salt; Fresh herbs,32g Clean Protein; Zero Seed Oils; 5g Dietary Fiber; 100% Gluten-Free,$17.00,4.8,147,"House-made sorrel pesto over brown rice with a farm egg, lacto-fermented hot sauce, and fresh ricotta at Sqirl Silver Lake. 32g protein, 3g sugar.",34.0577,-118.24234
us-los-angeles-78,Grain Bowl + Fried Egg,Sqirl,"720 N Virgil Ave, Los Angeles, CA 90029",Los Angeles,United States,90029,Grain & Macro Bowls,100% Plant-Based / Vegan,Balanced Clean Protein (20g-34g),445,34,40,17,5,35,5,Extra Virgin Olive Oil / Avocado Oil / Grass-Fed Tallow,YES,YES,NO,NO,YES,Seed Oil Free; Gluten-Free; High Protein; High Fiber; Low Sugar; Clean Whole Food,Grain Bowl + Fried Egg; Cold-pressed extra virgin olive oil; Garden greens; Sea salt; Fresh herbs,34g Clean Protein; Zero Seed Oils; 5g Dietary Fiber; 100% Gluten-Free,$17.00,4.8,269,"Ancient grain bowl with house-cured salmon, fried farm egg, and seasonal pickles at Sqirl. 34g protein — the Silver Lake brunch staple for macro-conscious diners.",34.04452,-118.23052
us-los-angeles-79,Double Protein Avocado Pollo Fit Bowl,El Pollo Loco,"5319 Sunset Blvd, Los Angeles, CA 90027",Los Angeles,United States,90027,Grain & Macro Bowls,100% Plant-Based / Vegan,Super-High Protein (45g+),390,51,15,14,6,9,2,Extra Virgin Olive Oil / Avocado Oil / Grass-Fed Tallow,YES,YES,YES,NO,YES,Seed Oil Free; Gluten-Free; High Protein; High Fiber; Low Sugar; Clean Whole Food,Double Protein Avocado Pollo Fit Bowl; Cold-pressed extra virgin olive oil; Garden greens; Sea salt; Fresh herbs,51g Clean Protein; Zero Seed Oils; 6g Dietary Fiber; 100% Gluten-Free,$20.00,4.8,146,"Double fire-grilled chicken, avocado, pico de gallo, and cilantro on a bed of greens. From the Pollo Fit menu — 51g protein at just 390 calories with only 15g carbs. The best macro efficiency item at El Pollo Loco.",34.06329,-118.24785
us-los-angeles-80,Original Pollo Bowl,El Pollo Loco,"5319 Sunset Blvd, Los Angeles, CA 90027",Los Angeles,United States,90027,Grain & Macro Bowls,100% Plant-Based / Vegan,High Protein (35g-44g),580,41,83,9,7,76,6,Extra Virgin Olive Oil / Avocado Oil / Grass-Fed Tallow,YES,YES,NO,NO,YES,Seed Oil Free; Gluten-Free; High Protein; High Fiber; Low Sugar; Clean Whole Food,Original Pollo Bowl; Cold-pressed extra virgin olive oil; Garden greens; Sea salt; Fresh herbs,41g Clean Protein; Zero Seed Oils; 7g Dietary Fiber; 100% Gluten-Free,$20.00,4.7,180,"Fire-grilled chicken, cilantro rice, pinto beans, avocado salsa, and pico. 41g protein with just 3g sugar and 10g fat — one of the lowest-fat high-protein bowls in LA fast casual.",34.03994,-118.23404
us-los-angeles-81,Double Chicken Avocado Salad,El Pollo Loco,"5319 Sunset Blvd, Los Angeles, CA 90027",Los Angeles,United States,90027,Salad & Raw Greens,High-Protein Omnivore / Paleo,Super-High Protein (45g+),360,50,13,12,6,7,2,Extra Virgin Olive Oil / Avocado Oil / Grass-Fed Tallow,YES,YES,YES,NO,YES,Seed Oil Free; Gluten-Free; High Protein; High Fiber; Low Sugar; Clean Whole Food,Double Chicken Avocado Salad; Cold-pressed extra virgin olive oil; Garden greens; Sea salt; Fresh herbs,50g Clean Protein; Zero Seed Oils; 6g Dietary Fiber; 100% Gluten-Free,$14.00,4.7,211,"Double fire-grilled chicken, avocado, romaine, tomatoes, and cucumber. Order without dressing for just 360 calories and 50g protein. One of the best low-carb high-protein salads in LA fast casual.",34.06159,-118.2423
us-los-angeles-82,Protein Power Bowl,The Hive Healthy Cafe,"800 S Broadway, Los Angeles, CA 90014",Los Angeles,United States,90014,Grain & Macro Bowls,100% Plant-Based / Vegan,Super-High Protein (45g+),620,70,38,21,8,30,5,Extra Virgin Olive Oil / Avocado Oil / Grass-Fed Tallow,YES,YES,NO,NO,YES,Seed Oil Free; Gluten-Free; High Protein; High Fiber; Low Sugar; Clean Whole Food,Protein Power Bowl; Cold-pressed extra virgin olive oil; Garden greens; Sea salt; Fresh herbs,70g Clean Protein; Zero Seed Oils; 8g Dietary Fiber; 100% Gluten-Free,$16.00,4.8,155,"Pulled chicken, eggs, avocado, sea salt edamame, coconut ginger quinoa, wilted kale, cucumber herb salad, tomato salad, and lemon herb tahini. The menu literally labels this 70g protein — the highest-protein bowl in LA.",34.05123,-118.2377
us-los-angeles-83,Chicken Pesto Bowl,The Hive Healthy Cafe,"800 S Broadway, Los Angeles, CA 90014",Los Angeles,United States,90014,Pastured Poultry & Fowl,High-Protein Omnivore / Paleo,Super-High Protein (45g+),540,68,28,17,6,22,3,Extra Virgin Olive Oil / Avocado Oil / Grass-Fed Tallow,YES,YES,NO,NO,YES,Seed Oil Free; Gluten-Free; High Protein; High Fiber; Low Sugar; Clean Whole Food,Chicken Pesto Bowl; Cold-pressed extra virgin olive oil; Garden greens; Sea salt; Fresh herbs,68g Clean Protein; Zero Seed Oils; 6g Dietary Fiber; 100% Gluten-Free,$17.00,4.7,222,"Pulled chicken, parmesan, avocado, chili garlic broccolini, spinach, pistachio, tomato salad, chia seeds, hemp seeds, lemon herb farro, and superfood pesto. 68g protein.",34.06239,-118.23758
us-los-angeles-84,Chicken Athena Bowl,The Hive Healthy Cafe,"800 S Broadway, Los Angeles, CA 90014",Los Angeles,United States,90014,Pastured Poultry & Fowl,High-Protein Omnivore / Paleo,Super-High Protein (45g+),510,65,30,14,7,23,4,Extra Virgin Olive Oil / Avocado Oil / Grass-Fed Tallow,YES,YES,NO,NO,YES,Seed Oil Free; Gluten-Free; High Protein; High Fiber; Low Sugar; Clean Whole Food,Chicken Athena Bowl; Cold-pressed extra virgin olive oil; Garden greens; Sea salt; Fresh herbs,65g Clean Protein; Zero Seed Oils; 7g Dietary Fiber; 100% Gluten-Free,$21.00,4.8,265,"Pulled chicken, whipped hummus, cucumber herb salad, seasonal greens, tomato salad, fermented beets, cilantro, goat cheese, shredded almonds, wild rice, and balsamic vinaigrette. 65g protein.",34.06063,-118.25021
us-los-angeles-85,Tuna Protein Crunch Bowl,The Hive Healthy Cafe,"800 S Broadway, Los Angeles, CA 90014",Los Angeles,United States,90014,Wild Seafood & Coastal,Pescetarian,Super-High Protein (45g+),490,50,32,18,7,25,4,Extra Virgin Olive Oil / Avocado Oil / Grass-Fed Tallow,YES,YES,NO,NO,YES,Seed Oil Free; Gluten-Free; High Protein; High Fiber; Low Sugar; Clean Whole Food,Tuna Protein Crunch Bowl; Cold-pressed extra virgin olive oil; Garden greens; Sea salt; Fresh herbs,50g Clean Protein; Zero Seed Oils; 7g Dietary Fiber; 100% Gluten-Free,$18.00,4.9,170,"Tuna conserva, avocado, crumbled feta, sea salt edamame, capers, crunchy chickpeas, watermelon radish, chia seeds, hemp seeds, lemon herb farro, and balsamic vinaigrette. 50g protein.",34.03942,-118.24615
us-los-angeles-86,Fresh Catch Salmon Bowl,The Hive Healthy Cafe,"800 S Broadway, Los Angeles, CA 90014",Los Angeles,United States,90014,Wild Seafood & Coastal,Pescetarian,High Protein (35g-44g),480,38,26,25,6,20,3,Extra Virgin Olive Oil / Avocado Oil / Grass-Fed Tallow,YES,YES,NO,NO,YES,Seed Oil Free; Gluten-Free; High Protein; High Fiber; Low Sugar; Clean Whole Food,Fresh Catch Salmon Bowl; Cold-pressed extra virgin olive oil; Garden greens; Sea salt; Fresh herbs,38g Clean Protein; Zero Seed Oils; 6g Dietary Fiber; 100% Gluten-Free,$15.00,4.8,258,"Salmon, spinach, wilted kale, avocado, tomato salad, seaweed crisp, moroccan slaw, fermented beets, shredded almonds, wild rice, and sesame ginger dressing. 38g protein from sustainably sourced salmon.",34.04339,-118.2392
us-los-angeles-87,Hummus and Lamb Plate,Dune,"9 Dudley Ave, Venice, CA 90291",Los Angeles,United States,90291,Balanced Whole Foods,High-Protein Omnivore / Paleo,High Protein (35g-44g),520,38,34,26,8,26,4,Extra Virgin Olive Oil / Avocado Oil / Grass-Fed Tallow,YES,YES,NO,NO,YES,Seed Oil Free; Gluten-Free; High Protein; High Fiber; Low Sugar; Clean Whole Food,Hummus and Lamb Plate; Cold-pressed extra virgin olive oil; Garden greens; Sea salt; Fresh herbs,38g Clean Protein; Zero Seed Oils; 8g Dietary Fiber; 100% Gluten-Free,$17.00,4.9,78,"House-made organic hummus with spiced ground lamb, warm pita, and seasonal vegetables. A Venice staple — 38g protein with a clean Mediterranean flavor profile.",34.04967,-118.23201
us-los-angeles-88,Grilled Chicken Sandwich,Dune,"9 Dudley Ave, Venice, CA 90291",Los Angeles,United States,90291,Clay Oven & Fire Grills,High-Protein Omnivore / Paleo,High Protein (35g-44g),460,36,38,18,4,34,5,Extra Virgin Olive Oil / Avocado Oil / Grass-Fed Tallow,YES,YES,NO,NO,YES,Seed Oil Free; Gluten-Free; High Protein; High Fiber; Low Sugar; Clean Whole Food,Grilled Chicken Sandwich; Cold-pressed extra virgin olive oil; Garden greens; Sea salt; Fresh herbs,36g Clean Protein; Zero Seed Oils; 4g Dietary Fiber; 100% Gluten-Free,$16.00,4.8,186,"Organic grilled chicken on warm pita with hummus, herbs, seasonal vegetables, and tahini. Simple, clean Mediterranean protein at the Venice beach boardwalk.",34.04605,-118.23987
us-los-angeles-89,Ginger Miso Crunch Salad with Steak,Flower Child,"1332 2nd St, Santa Monica, CA 90401",Los Angeles,United States,90401,Salad & Raw Greens,High-Protein Omnivore / Paleo,High Protein (35g-44g),476,36,29,24,5,24,3,Extra Virgin Olive Oil / Avocado Oil / Grass-Fed Tallow,YES,YES,NO,NO,YES,Seed Oil Free; Gluten-Free; High Protein; High Fiber; Low Sugar; Clean Whole Food,Ginger Miso Crunch Salad with Steak; Cold-pressed extra virgin olive oil; Garden greens; Sea salt; Fresh herbs,36g Clean Protein; Zero Seed Oils; 5g Dietary Fiber; 100% Gluten-Free,$15.00,4.7,311,"Ginger miso salad with grass-fed steak added. A macro-tracker favorite — 36g protein, 29g carbs, and bold miso flavor. Order with full dressing for this macro breakdown.",34.04798,-118.2402
us-los-angeles-90,Avocado Caesar with Chicken,Flower Child,"1332 2nd St, Santa Monica, CA 90401",Los Angeles,United States,90401,Salad & Raw Greens,High-Protein Omnivore / Paleo,Balanced Clean Protein (20g-34g),357,33,9,21,4,5,1,Extra Virgin Olive Oil / Avocado Oil / Grass-Fed Tallow,YES,YES,YES,NO,YES,Seed Oil Free; Gluten-Free; High Protein; High Fiber; Low Sugar; Clean Whole Food,Avocado Caesar with Chicken; Cold-pressed extra virgin olive oil; Garden greens; Sea salt; Fresh herbs,33g Clean Protein; Zero Seed Oils; 4g Dietary Fiber; 100% Gluten-Free,$20.00,4.7,145,"Avocado Caesar salad, dressing on side, add grilled chicken, no breadcrumbs. Only 357 calories with 33g protein — one of the most efficient macro meals in Santa Monica.",34.05114,-118.23996
us-los-angeles-91,Chopped Vegetable Salad with Salmon,Flower Child,"1332 2nd St, Santa Monica, CA 90401",Los Angeles,United States,90401,Salad & Raw Greens,Pescetarian,Balanced Clean Protein (20g-34g),470,29,23,29,6,17,3,Extra Virgin Olive Oil / Avocado Oil / Grass-Fed Tallow,YES,YES,NO,NO,YES,Seed Oil Free; Gluten-Free; High Protein; High Fiber; Low Sugar; Clean Whole Food,Chopped Vegetable Salad with Salmon; Cold-pressed extra virgin olive oil; Garden greens; Sea salt; Fresh herbs,29g Clean Protein; Zero Seed Oils; 6g Dietary Fiber; 100% Gluten-Free,$18.00,4.6,334,"Chopped vegetable salad with salmon added, full dressing. Clean omega-3 rich meal at under 500 calories.",34.05053,-118.23521
us-los-angeles-92,Chicken Protein Bowl,Kreation Kafe,"1023 Montana Ave, Santa Monica, CA 90403",Los Angeles,United States,90403,Pastured Poultry & Fowl,High-Protein Omnivore / Paleo,High Protein (35g-44g),490,40,38,20,7,31,5,Extra Virgin Olive Oil / Avocado Oil / Grass-Fed Tallow,YES,YES,NO,NO,YES,Seed Oil Free; Gluten-Free; High Protein; High Fiber; Low Sugar; Clean Whole Food,Chicken Protein Bowl; Cold-pressed extra virgin olive oil; Garden greens; Sea salt; Fresh herbs,40g Clean Protein; Zero Seed Oils; 7g Dietary Fiber; 100% Gluten-Free,$16.00,4.7,192,"Organic grilled chicken, quinoa, roasted vegetables, avocado, and house tahini dressing. A clean protein bowl on Montana Ave in Santa Monica.",34.0534,-118.24848
us-los-angeles-93,Turkey Avocado Wrap,Kreation Kafe,"1023 Montana Ave, Santa Monica, CA 90403",Los Angeles,United States,90403,Pastured Poultry & Fowl,High-Protein Omnivore / Paleo,Balanced Clean Protein (20g-34g),420,34,32,17,5,27,4,Extra Virgin Olive Oil / Avocado Oil / Grass-Fed Tallow,YES,YES,NO,NO,YES,Seed Oil Free; Gluten-Free; High Protein; High Fiber; Low Sugar; Clean Whole Food,Turkey Avocado Wrap; Cold-pressed extra virgin olive oil; Garden greens; Sea salt; Fresh herbs,34g Clean Protein; Zero Seed Oils; 5g Dietary Fiber; 100% Gluten-Free,$18.00,4.8,62,"Organic turkey, avocado, mixed greens, tomato, and house mustard in a whole-grain wrap. A Westside lunch staple at 34g protein under 500 calories.",34.05771,-118.25258
us-los-angeles-94,High Protein-High Fiber Bowl,Chipotle Mexican Grill,Multiple Pasadena locations,Los Angeles,United States,,Grain & Macro Bowls,100% Plant-Based / Vegan,Super-High Protein (45g+),540,46,40,22,14,26,5,Extra Virgin Olive Oil / Avocado Oil / Grass-Fed Tallow,YES,YES,NO,NO,YES,Seed Oil Free; Gluten-Free; High Protein; High Fiber; Low Sugar; Clean Whole Food,High Protein-High Fiber Bowl; Cold-pressed extra virgin olive oil; Garden greens; Sea salt; Fresh herbs,46g Clean Protein; Zero Seed Oils; 14g Dietary Fiber; 100% Gluten-Free,$14.00,4.7,119,"Adobo Chicken, fajita veggies, black beans, fresh tomato salsa, romaine lettuce",34.05546,-118.23637
us-los-angeles-95,High Protein-Low Calorie Bowl,Chipotle Mexican Grill,Multiple Pasadena locations,Los Angeles,United States,,Grain & Macro Bowls,100% Plant-Based / Vegan,High Protein (35g-44g),470,36,35,21,9,26,4,Extra Virgin Olive Oil / Avocado Oil / Grass-Fed Tallow,YES,YES,NO,NO,YES,Seed Oil Free; Gluten-Free; High Protein; High Fiber; Low Sugar; Clean Whole Food,High Protein-Low Calorie Bowl; Cold-pressed extra virgin olive oil; Garden greens; Sea salt; Fresh herbs,36g Clean Protein; Zero Seed Oils; 9g Dietary Fiber; 100% Gluten-Free,$16.00,4.6,235,"Adobo Chicken, supergreens lettuce blend, black beans, fresh tomato salsa, guacamole",34.04845,-118.24099
us-los-angeles-96,Steak Bowl (Double Meat),Chipotle Mexican Grill,Multiple Pasadena locations,Los Angeles,United States,,Clay Oven & Fire Grills,High-Protein Omnivore / Paleo,High Protein (35g-44g),650,42,52,30,8,44,6,Extra Virgin Olive Oil / Avocado Oil / Grass-Fed Tallow,YES,YES,NO,NO,YES,Seed Oil Free; Gluten-Free; High Protein; High Fiber; Low Sugar; Clean Whole Food,Steak Bowl (Double Meat); Cold-pressed extra virgin olive oil; Garden greens; Sea salt; Fresh herbs,42g Clean Protein; Zero Seed Oils; 8g Dietary Fiber; 100% Gluten-Free,$18.00,4.7,103,"Double steak, brown rice, black beans, cheese",34.04085,-118.24764
us-los-angeles-97,Tahini Caesar Bowl (with Grilled Chicken),CAVA,"345 S Lake Ave, Pasadena, CA 91101",Los Angeles,United States,91101,Salad & Raw Greens,High-Protein Omnivore / Paleo,High Protein (35g-44g),550,37,42,26,8,34,5,Extra Virgin Olive Oil / Avocado Oil / Grass-Fed Tallow,YES,YES,NO,NO,YES,Seed Oil Free; Gluten-Free; High Protein; High Fiber; Low Sugar; Clean Whole Food,Tahini Caesar Bowl (with Grilled Chicken); Cold-pressed extra virgin olive oil; Garden greens; Sea salt; Fresh herbs,37g Clean Protein; Zero Seed Oils; 8g Dietary Fiber; 100% Gluten-Free,$17.00,4.7,156,"Grilled chicken, romaine, parmesan, za'atar breadcrumbs, tahini caesar dressing",34.05486,-118.24539
us-los-angeles-98,Greek Salad Bowl (with Grilled Chicken),CAVA,"345 S Lake Ave, Pasadena, CA 91101",Los Angeles,United States,91101,Salad & Raw Greens,High-Protein Omnivore / Paleo,High Protein (35g-44g),600,36,38,34,10,28,5,Extra Virgin Olive Oil / Avocado Oil / Grass-Fed Tallow,YES,YES,NO,NO,YES,Seed Oil Free; Gluten-Free; High Protein; High Fiber; Low Sugar; Clean Whole Food,Greek Salad Bowl (with Grilled Chicken); Cold-pressed extra virgin olive oil; Garden greens; Sea salt; Fresh herbs,36g Clean Protein; Zero Seed Oils; 10g Dietary Fiber; 100% Gluten-Free,$20.00,4.9,228,"Grilled chicken, SuperGreens, tomatoes, cucumbers, onions, feta, olives, Greek vinaigrette",34.05114,-118.24602
us-los-angeles-99,Steak Mezze Salad,CAVA,"345 S Lake Ave, Pasadena, CA 91101",Los Angeles,United States,91101,Salad & Raw Greens,High-Protein Omnivore / Paleo,Balanced Clean Protein (20g-34g),495,33,34,25,9,25,4,Extra Virgin Olive Oil / Avocado Oil / Grass-Fed Tallow,YES,YES,NO,NO,YES,Seed Oil Free; Gluten-Free; High Protein; High Fiber; Low Sugar; Clean Whole Food,Steak Mezze Salad; Cold-pressed extra virgin olive oil; Garden greens; Sea salt; Fresh herbs,33g Clean Protein; Zero Seed Oils; 9g Dietary Fiber; 100% Gluten-Free,$18.00,4.8,345,"Grilled steak, SuperGreens, hummus, tzatziki, tomatoes, cucumbers, pickled onions",34.06228,-118.24137
us-los-angeles-100,Double Protein Bowl - Chicken + Steak,CAVA,"345 S Lake Ave, Pasadena, CA 91101",Los Angeles,United States,91101,Clay Oven & Fire Grills,High-Protein Omnivore / Paleo,Super-High Protein (45g+),650,51,48,28,12,36,6,Extra Virgin Olive Oil / Avocado Oil / Grass-Fed Tallow,YES,YES,NO,NO,YES,Seed Oil Free; Gluten-Free; High Protein; High Fiber; Low Sugar; Clean Whole Food,Double Protein Bowl - Chicken + Steak; Cold-pressed extra virgin olive oil; Garden greens; Sea salt; Fresh herbs,51g Clean Protein; Zero Seed Oils; 12g Dietary Fiber; 100% Gluten-Free,$20.00,4.7,61,"Grilled chicken + grilled steak, Black Lentils base, SuperGreens, tzatziki, hummus, roasted vegetables",34.05663,-118.24672
us-los-angeles-101,Grilled Chicken Bowl (Black Lentils Base),CAVA,"345 S Lake Ave, Pasadena, CA 91101",Los Angeles,United States,91101,Clay Oven & Fire Grills,High-Protein Omnivore / Paleo,Super-High Protein (45g+),520,46,52,14,15,37,6,Extra Virgin Olive Oil / Avocado Oil / Grass-Fed Tallow,YES,YES,NO,NO,YES,Seed Oil Free; Gluten-Free; High Protein; High Fiber; Low Sugar; Clean Whole Food,Grilled Chicken Bowl (Black Lentils Base); Cold-pressed extra virgin olive oil; Garden greens; Sea salt; Fresh herbs,46g Clean Protein; Zero Seed Oils; 15g Dietary Fiber; 100% Gluten-Free,$14.00,4.7,163,"Grilled chicken (28g), Black Lentils (18g protein), SuperGreens, tzatziki, hummus, vegetables",34.0454,-118.24109
us-los-angeles-102,Braised Lamb Bowl,CAVA,"345 S Lake Ave, Pasadena, CA 91101",Los Angeles,United States,91101,Grain & Macro Bowls,High-Protein Omnivore / Paleo,High Protein (35g-44g),580,42,46,25,12,34,6,Extra Virgin Olive Oil / Avocado Oil / Grass-Fed Tallow,YES,YES,NO,NO,YES,Seed Oil Free; Gluten-Free; High Protein; High Fiber; Low Sugar; Clean Whole Food,Braised Lamb Bowl; Cold-pressed extra virgin olive oil; Garden greens; Sea salt; Fresh herbs,42g Clean Protein; Zero Seed Oils; 12g Dietary Fiber; 100% Gluten-Free,$19.00,4.6,253,"Braised lamb (24g), Black Lentils (18g), SuperGreens, harissa, tzatziki, vegetables",34.03827,-118.22975
us-los-angeles-103,Lamb Meatballs Bowl,CAVA,"345 S Lake Ave, Pasadena, CA 91101",Los Angeles,United States,91101,Grain & Macro Bowls,High-Protein Omnivore / Paleo,High Protein (35g-44g),600,42,48,27,13,35,6,Extra Virgin Olive Oil / Avocado Oil / Grass-Fed Tallow,YES,YES,NO,NO,YES,Seed Oil Free; Gluten-Free; High Protein; High Fiber; Low Sugar; Clean Whole Food,Lamb Meatballs Bowl; Cold-pressed extra virgin olive oil; Garden greens; Sea salt; Fresh herbs,42g Clean Protein; Zero Seed Oils; 13g Dietary Fiber; 100% Gluten-Free,$16.00,4.7,311,"Lamb meatballs (24g), Black Lentils (18g), SuperGreens, hummus, tzatziki, tomatoes, cucumbers",34.06072,-118.25693
us-los-angeles-104,High Protein Custom Bowl,California Fish Grill,"3265 E Foothill Blvd, Pasadena, CA 91107",Los Angeles,United States,91107,Grain & Macro Bowls,100% Plant-Based / Vegan,Super-High Protein (45g+),470,46,42,13,15,27,5,Extra Virgin Olive Oil / Avocado Oil / Grass-Fed Tallow,YES,YES,NO,NO,YES,Seed Oil Free; Gluten-Free; High Protein; High Fiber; Low Sugar; Clean Whole Food,High Protein Custom Bowl; Cold-pressed extra virgin olive oil; Garden greens; Sea salt; Fresh herbs,46g Clean Protein; Zero Seed Oils; 15g Dietary Fiber; 100% Gluten-Free,$15.00,4.6,151,"Verified by HealthyVicinity database (470 kcal, 46g protein, 15g fiber). 100% seed-oil free and gluten-free.",34.06656,-118.23502
us-los-angeles-105,Grilled Atlantic Salmon Plate (with Protein Sides),California Fish Grill,"3265 E Foothill Blvd, Pasadena, CA 91107",Los Angeles,United States,91107,Wild Seafood & Coastal,Pescetarian,High Protein (35g-44g),500,41,28,25,6,22,3,Extra Virgin Olive Oil / Avocado Oil / Grass-Fed Tallow,YES,YES,NO,NO,YES,Seed Oil Free; Gluten-Free; High Protein; High Fiber; Low Sugar; Clean Whole Food,Grilled Atlantic Salmon Plate (with Protein Sides); Cold-pressed extra virgin olive oil; Garden greens; Sea salt; Fresh herbs,41g Clean Protein; Zero Seed Oils; 6g Dietary Fiber; 100% Gluten-Free,$17.00,4.8,199,"Grilled Atlantic salmon (22g protein), quinoa (8g protein), grilled zucchini, steamed broccoli",34.04932,-118.24319
us-los-angeles-106,Grilled Salmon + Shrimp Combo,California Fish Grill,"3265 E Foothill Blvd, Pasadena, CA 91107",Los Angeles,United States,91107,Wild Seafood & Coastal,Pescetarian,Super-High Protein (45g+),580,48,32,29,5,27,4,Extra Virgin Olive Oil / Avocado Oil / Grass-Fed Tallow,YES,YES,NO,NO,YES,Seed Oil Free; Gluten-Free; High Protein; High Fiber; Low Sugar; Clean Whole Food,Grilled Salmon + Shrimp Combo; Cold-pressed extra virgin olive oil; Garden greens; Sea salt; Fresh herbs,48g Clean Protein; Zero Seed Oils; 5g Dietary Fiber; 100% Gluten-Free,$15.00,4.8,211,"Atlantic salmon (22g), grilled shrimp (26g), quinoa, steamed vegetables",34.05635,-118.24364
us-los-angeles-107,Ahi Poke Bowl (Double Protein),California Fish Grill,"3265 E Foothill Blvd, Pasadena, CA 91107",Los Angeles,United States,91107,Wild Seafood & Coastal,100% Plant-Based / Vegan,Super-High Protein (45g+),620,52,48,24,8,40,6,Extra Virgin Olive Oil / Avocado Oil / Grass-Fed Tallow,YES,YES,NO,NO,YES,Seed Oil Free; Gluten-Free; High Protein; High Fiber; Low Sugar; Clean Whole Food,Ahi Poke Bowl (Double Protein); Cold-pressed extra virgin olive oil; Garden greens; Sea salt; Fresh herbs,52g Clean Protein; Zero Seed Oils; 8g Dietary Fiber; 100% Gluten-Free,$21.00,4.9,224,"Double ahi tuna, rice, edamame (8g protein), avocado, seaweed salad",34.043,-118.24879
us-los-angeles-108,Grilled Mahi Mahi Plate,California Fish Grill,"3265 E Foothill Blvd, Pasadena, CA 91107",Los Angeles,United States,91107,Clay Oven & Fire Grills,Pescetarian,High Protein (35g-44g),450,36,32,20,6,26,4,Extra Virgin Olive Oil / Avocado Oil / Grass-Fed Tallow,YES,YES,NO,NO,YES,Seed Oil Free; Gluten-Free; High Protein; High Fiber; Low Sugar; Clean Whole Food,Grilled Mahi Mahi Plate; Cold-pressed extra virgin olive oil; Garden greens; Sea salt; Fresh herbs,36g Clean Protein; Zero Seed Oils; 6g Dietary Fiber; 100% Gluten-Free,$18.00,4.8,68,"Grilled mahi mahi (28g), quinoa (8g), grilled vegetables",34.06553,-118.23461
us-los-angeles-109,Grilled Shrimp Plate (Large),California Fish Grill,"3265 E Foothill Blvd, Pasadena, CA 91107",Los Angeles,United States,91107,Wild Seafood & Coastal,Pescetarian,High Protein (35g-44g),420,38,36,14,7,29,4,Extra Virgin Olive Oil / Avocado Oil / Grass-Fed Tallow,YES,YES,NO,NO,YES,Seed Oil Free; Gluten-Free; High Protein; High Fiber; Low Sugar; Clean Whole Food,Grilled Shrimp Plate (Large); Cold-pressed extra virgin olive oil; Garden greens; Sea salt; Fresh herbs,38g Clean Protein; Zero Seed Oils; 7g Dietary Fiber; 100% Gluten-Free,$18.00,4.7,274,"Grilled shrimp (30g), quinoa (8g), steamed broccoli, grilled zucchini",34.06473,-118.23184
us-los-angeles-110,Cajun Salmon Salad,Tender Greens,"621 E Colorado Blvd, Pasadena, CA 91101",Los Angeles,United States,91101,Salad & Raw Greens,Pescetarian,Balanced Clean Protein (20g-34g),540,34,28,32,9,19,3,Extra Virgin Olive Oil / Avocado Oil / Grass-Fed Tallow,YES,YES,NO,NO,YES,Seed Oil Free; Gluten-Free; High Protein; High Fiber; Low Sugar; Clean Whole Food,Cajun Salmon Salad; Cold-pressed extra virgin olive oil; Garden greens; Sea salt; Fresh herbs,34g Clean Protein; Zero Seed Oils; 9g Dietary Fiber; 100% Gluten-Free,$15.00,4.8,225,"Cajun-spiced salmon (24g), mixed greens, edamame (8g), avocado, lemon vinaigrette",34.04969,-118.247
us-los-angeles-111,Salt & Pepper Chicken Plate (Double Protein),Tender Greens,"621 E Colorado Blvd, Pasadena, CA 91101",Los Angeles,United States,91101,Pastured Poultry & Fowl,High-Protein Omnivore / Paleo,Super-High Protein (45g+),520,58,32,18,6,26,4,Extra Virgin Olive Oil / Avocado Oil / Grass-Fed Tallow,YES,YES,NO,NO,YES,Seed Oil Free; Gluten-Free; High Protein; High Fiber; Low Sugar; Clean Whole Food,Salt & Pepper Chicken Plate (Double Protein); Cold-pressed extra virgin olive oil; Garden greens; Sea salt; Fresh herbs,58g Clean Protein; Zero Seed Oils; 6g Dietary Fiber; 100% Gluten-Free,$17.00,4.8,102,"Double salt & pepper chicken (58g), baby kale, roasted marble potatoes",34.06116,-118.25799
us-los-angeles-112,Chipotle BBQ Chicken Plate (Double Protein),Tender Greens,"621 E Colorado Blvd, Pasadena, CA 91101",Los Angeles,United States,91101,Pastured Poultry & Fowl,High-Protein Omnivore / Paleo,Super-High Protein (45g+),550,54,38,20,7,31,5,Extra Virgin Olive Oil / Avocado Oil / Grass-Fed Tallow,YES,YES,NO,NO,YES,Seed Oil Free; Gluten-Free; High Protein; High Fiber; Low Sugar; Clean Whole Food,Chipotle BBQ Chicken Plate (Double Protein); Cold-pressed extra virgin olive oil; Garden greens; Sea salt; Fresh herbs,54g Clean Protein; Zero Seed Oils; 7g Dietary Fiber; 100% Gluten-Free,$18.00,4.6,237,"Double chipotle BBQ chicken (54g), organic red quinoa, roasted brussels sprouts",34.04211,-118.25814
us-los-angeles-113,Tuscan Kale Salad (Add Double Chicken),Urban Plates,Pasadena area (check urbanplates.com for exact address),Los Angeles,United States,,Salad & Raw Greens,High-Protein Omnivore / Paleo,Super-High Protein (45g+),560,48,32,27,9,23,4,Extra Virgin Olive Oil / Avocado Oil / Grass-Fed Tallow,YES,YES,NO,NO,YES,Seed Oil Free; Gluten-Free; High Protein; High Fiber; Low Sugar; Clean Whole Food,Tuscan Kale Salad (Add Double Chicken); Cold-pressed extra virgin olive oil; Garden greens; Sea salt; Fresh herbs,48g Clean Protein; Zero Seed Oils; 9g Dietary Fiber; 100% Gluten-Free,$17.00,4.6,257,"Double organic chicken (46g), tuscan kale, quinoa, cherry tomatoes, cucumber, hemp seeds, lemon vinaigrette",34.06152,-118.2319
us-los-angeles-114,Grilled Grass-Fed Steak Plate,Urban Plates,Pasadena area (check urbanplates.com for exact address),Los Angeles,United States,,Clay Oven & Fire Grills,High-Protein Omnivore / Paleo,High Protein (35g-44g),650,42,38,37,6,32,5,Extra Virgin Olive Oil / Avocado Oil / Grass-Fed Tallow,YES,YES,NO,YES,YES,Seed Oil Free; Gluten-Free; High Protein; High Fiber; Low Sugar; Clean Whole Food,Grilled Grass-Fed Steak Plate; Cold-pressed extra virgin olive oil; Garden greens; Sea salt; Fresh herbs,42g Clean Protein; Zero Seed Oils; 6g Dietary Fiber; 100% Gluten-Free,$15.00,4.7,340,"Grass-fed steak (35g), mashed organic potatoes, roasted brussels sprouts",34.06083,-118.22948
us-los-angeles-115,Grilled Sustainable Salmon Plate,Urban Plates,Pasadena area (check urbanplates.com for exact address),Los Angeles,United States,,Wild Seafood & Coastal,Pescetarian,High Protein (35g-44g),580,38,36,32,7,29,4,Extra Virgin Olive Oil / Avocado Oil / Grass-Fed Tallow,YES,YES,NO,NO,YES,Seed Oil Free; Gluten-Free; High Protein; High Fiber; Low Sugar; Clean Whole Food,Grilled Sustainable Salmon Plate; Cold-pressed extra virgin olive oil; Garden greens; Sea salt; Fresh herbs,38g Clean Protein; Zero Seed Oils; 7g Dietary Fiber; 100% Gluten-Free,$19.00,4.7,294,"Grilled salmon (30g), organic quinoa (8g), rainbow carrots, golden beets",34.04415,-118.24607
us-los-angeles-116,Grilled Cage-Free Chicken Plate (Double Protein),Urban Plates,Pasadena area (check urbanplates.com for exact address),Los Angeles,United States,,Clay Oven & Fire Grills,High-Protein Omnivore / Paleo,Super-High Protein (45g+),620,56,42,25,9,33,5,Extra Virgin Olive Oil / Avocado Oil / Grass-Fed Tallow,YES,YES,NO,NO,YES,Seed Oil Free; Gluten-Free; High Protein; High Fiber; Low Sugar; Clean Whole Food,Grilled Cage-Free Chicken Plate (Double Protein); Cold-pressed extra virgin olive oil; Garden greens; Sea salt; Fresh herbs,56g Clean Protein; Zero Seed Oils; 9g Dietary Fiber; 100% Gluten-Free,$18.00,4.8,158,"Double grilled chicken (52g), beet salad with goat cheese, mashed organic potatoes",34.06095,-118.25831
us-los-angeles-117,Grilled Steak Salad,Urban Plates,Pasadena area (check urbanplates.com for exact address),Los Angeles,United States,,Salad & Raw Greens,High-Protein Omnivore / Paleo,High Protein (35g-44g),620,40,32,37,7,25,4,Extra Virgin Olive Oil / Avocado Oil / Grass-Fed Tallow,YES,YES,NO,NO,YES,Seed Oil Free; Gluten-Free; High Protein; High Fiber; Low Sugar; Clean Whole Food,Grilled Steak Salad; Cold-pressed extra virgin olive oil; Garden greens; Sea salt; Fresh herbs,40g Clean Protein; Zero Seed Oils; 7g Dietary Fiber; 100% Gluten-Free,$19.00,4.7,190,"Grass-fed steak (32g), mixed greens, roasted vegetables, goat cheese, balsamic vinaigrette",34.05825,-118.25823
us-los-angeles-118,Barramundi Seabass Plate,Urban Plates,Pasadena area (check urbanplates.com for exact address),Los Angeles,United States,,Balanced Whole Foods,100% Plant-Based / Vegan,Balanced Clean Protein (20g-34g),540,34,38,28,6,32,5,Extra Virgin Olive Oil / Avocado Oil / Grass-Fed Tallow,YES,YES,NO,NO,YES,Seed Oil Free; Gluten-Free; High Protein; High Fiber; Low Sugar; Clean Whole Food,Barramundi Seabass Plate; Cold-pressed extra virgin olive oil; Garden greens; Sea salt; Fresh herbs,34g Clean Protein; Zero Seed Oils; 6g Dietary Fiber; 100% Gluten-Free,$17.00,4.7,110,"Barramundi seabass (28g), organic quinoa (6g), roasted vegetables",34.06532,-118.2555
us-los-angeles-119,Garlic Shrimp Plate,Zankou Chicken,Pasadena area,Los Angeles,United States,,Wild Seafood & Coastal,Pescetarian,Balanced Clean Protein (20g-34g),520,32,42,25,7,35,5,Extra Virgin Olive Oil / Avocado Oil / Grass-Fed Tallow,YES,YES,NO,NO,YES,Seed Oil Free; Gluten-Free; High Protein; High Fiber; Low Sugar; Clean Whole Food,Garlic Shrimp Plate; Cold-pressed extra virgin olive oil; Garden greens; Sea salt; Fresh herbs,32g Clean Protein; Zero Seed Oils; 7g Dietary Fiber; 100% Gluten-Free,$20.00,4.8,91,"Garlic shrimp (26g), roasted marble potatoes, herb green beans",34.06573,-118.23619
us-los-angeles-120,Chicken Tarna Plate,Zankou Chicken,Pasadena area,Los Angeles,United States,,Pastured Poultry & Fowl,High-Protein Omnivore / Paleo,Super-High Protein (45g+),640,52,42,29,7,35,5,Extra Virgin Olive Oil / Avocado Oil / Grass-Fed Tallow,YES,YES,NO,NO,YES,Seed Oil Free; Gluten-Free; High Protein; High Fiber; Low Sugar; Clean Whole Food,Chicken Tarna Plate; Cold-pressed extra virgin olive oil; Garden greens; Sea salt; Fresh herbs,52g Clean Protein; Zero Seed Oils; 7g Dietary Fiber; 100% Gluten-Free,$14.00,4.7,105,"Chicken tarna (grilled marinated chicken, 48g), hummus, tomato, onion, pickles, pita",34.04147,-118.23086
us-los-angeles-121,Chicken Shawarma Plate (Large),Zankou Chicken,Pasadena area,Los Angeles,United States,,Pastured Poultry & Fowl,High-Protein Omnivore / Paleo,Super-High Protein (45g+),620,48,46,27,8,38,6,Extra Virgin Olive Oil / Avocado Oil / Grass-Fed Tallow,YES,YES,NO,NO,YES,Seed Oil Free; Gluten-Free; High Protein; High Fiber; Low Sugar; Clean Whole Food,Chicken Shawarma Plate (Large); Cold-pressed extra virgin olive oil; Garden greens; Sea salt; Fresh herbs,48g Clean Protein; Zero Seed Oils; 8g Dietary Fiber; 100% Gluten-Free,$22.00,4.7,359,"Chicken shawarma (42g), basmati rice, hummus, tomato, pickles, tahini sauce",34.04746,-118.25438
us-los-angeles-122,Chicken Kabob Plate,Zankou Chicken,Pasadena area,Los Angeles,United States,,Pastured Poultry & Fowl,High-Protein Omnivore / Paleo,Super-High Protein (45g+),600,46,52,23,7,45,6,Extra Virgin Olive Oil / Avocado Oil / Grass-Fed Tallow,YES,YES,NO,NO,YES,Seed Oil Free; Gluten-Free; High Protein; High Fiber; Low Sugar; Clean Whole Food,Chicken Kabob Plate; Cold-pressed extra virgin olive oil; Garden greens; Sea salt; Fresh herbs,46g Clean Protein; Zero Seed Oils; 7g Dietary Fiber; 100% Gluten-Free,$17.00,4.8,166,"Grilled chicken kabob (40g), basmati rice, grilled vegetables, hummus, pita",34.05464,-118.24355
us-los-angeles-123,Chicken Kabob Plate (Double Skewers),Panini Kabob Grill,"The Paseo, Pasadena",Los Angeles,United States,,Clay Oven & Fire Grills,High-Protein Omnivore / Paleo,Super-High Protein (45g+),620,58,48,22,8,40,6,Extra Virgin Olive Oil / Avocado Oil / Grass-Fed Tallow,YES,YES,NO,NO,YES,Seed Oil Free; Gluten-Free; High Protein; High Fiber; Low Sugar; Clean Whole Food,Chicken Kabob Plate (Double Skewers); Cold-pressed extra virgin olive oil; Garden greens; Sea salt; Fresh herbs,58g Clean Protein; Zero Seed Oils; 8g Dietary Fiber; 100% Gluten-Free,$19.00,4.9,143,"Double grilled chicken kabob (54g), basmati rice, grilled vegetables, hummus",34.04108,-118.24156
us-los-angeles-124,Chicken Shawarma Wrap (Large),Panini Kabob Grill,"The Paseo, Pasadena",Los Angeles,United States,,Pastured Poultry & Fowl,High-Protein Omnivore / Paleo,High Protein (35g-44g),580,42,52,23,6,46,6,Extra Virgin Olive Oil / Avocado Oil / Grass-Fed Tallow,YES,YES,NO,NO,YES,Seed Oil Free; Gluten-Free; High Protein; High Fiber; Low Sugar; Clean Whole Food,Chicken Shawarma Wrap (Large); Cold-pressed extra virgin olive oil; Garden greens; Sea salt; Fresh herbs,42g Clean Protein; Zero Seed Oils; 6g Dietary Fiber; 100% Gluten-Free,$19.00,4.9,357,"Chicken shawarma (38g), hummus, tahini, tomatoes, pickles, lavash wrap",34.06232,-118.23349
us-los-angeles-125,Falafel + Chicken Combo Plate,Ben's Fast Food,"1060 E Colorado Blvd, Pasadena, CA 91106",Los Angeles,United States,91106,Pastured Poultry & Fowl,High-Protein Omnivore / Paleo,High Protein (35g-44g),620,38,58,26,10,48,6,Extra Virgin Olive Oil / Avocado Oil / Grass-Fed Tallow,YES,YES,NO,NO,YES,Seed Oil Free; Gluten-Free; High Protein; High Fiber; Low Sugar; Clean Whole Food,Falafel + Chicken Combo Plate; Cold-pressed extra virgin olive oil; Garden greens; Sea salt; Fresh herbs,38g Clean Protein; Zero Seed Oils; 10g Dietary Fiber; 100% Gluten-Free,$21.00,4.9,153,"Grilled chicken (24g), falafel (12g), hummus, tahini, salad, pita",34.03822,-118.23744
us-los-angeles-126,Chicken Hearty Bowl (Double Protein),Ben's Fast Food,"1060 E Colorado Blvd, Pasadena, CA 91106",Los Angeles,United States,91106,Pastured Poultry & Fowl,High-Protein Omnivore / Paleo,Super-High Protein (45g+),620,62,58,16,10,48,6,Extra Virgin Olive Oil / Avocado Oil / Grass-Fed Tallow,YES,YES,NO,NO,YES,Seed Oil Free; Gluten-Free; High Protein; High Fiber; Low Sugar; Clean Whole Food,Chicken Hearty Bowl (Double Protein); Cold-pressed extra virgin olive oil; Garden greens; Sea salt; Fresh herbs,62g Clean Protein; Zero Seed Oils; 10g Dietary Fiber; 100% Gluten-Free,$19.00,4.8,284,"Double slow-roasted chicken (58g), millet, brown rice, fresh vegetables, house sauce",34.06317,-118.2422
us-los-angeles-127,Pork Shoulder Garden Bowl (Low-Carb),Ben's Fast Food,"1060 E Colorado Blvd, Pasadena, CA 91106",Los Angeles,United States,91106,Grain & Macro Bowls,High-Protein Omnivore / Paleo,Super-High Protein (45g+),520,48,18,28,8,10,2,Extra Virgin Olive Oil / Avocado Oil / Grass-Fed Tallow,YES,YES,YES,NO,YES,Seed Oil Free; Gluten-Free; High Protein; High Fiber; Low Sugar; Clean Whole Food,Pork Shoulder Garden Bowl (Low-Carb); Cold-pressed extra virgin olive oil; Garden greens; Sea salt; Fresh herbs,48g Clean Protein; Zero Seed Oils; 8g Dietary Fiber; 100% Gluten-Free,$19.00,4.8,102,"Slow-cooked pork shoulder (44g), mixed greens, roasted vegetables, house sauce (no grains)",34.05634,-118.24364
us-los-angeles-128,Chicken + Pork Mixed Bowl,Ben's Fast Food,"1060 E Colorado Blvd, Pasadena, CA 91106",Los Angeles,United States,91106,Pastured Poultry & Fowl,High-Protein Omnivore / Paleo,Super-High Protein (45g+),640,52,54,24,9,45,6,Extra Virgin Olive Oil / Avocado Oil / Grass-Fed Tallow,YES,YES,NO,NO,YES,Seed Oil Free; Gluten-Free; High Protein; High Fiber; Low Sugar; Clean Whole Food,Chicken + Pork Mixed Bowl; Cold-pressed extra virgin olive oil; Garden greens; Sea salt; Fresh herbs,52g Clean Protein; Zero Seed Oils; 9g Dietary Fiber; 100% Gluten-Free,$18.00,4.7,132,"Slow-roasted chicken (28g) + pork shoulder (22g), millet, brown rice, vegetables",34.05465,-118.2533
us-los-angeles-129,Double Chicken Garden Bowl,Ben's Fast Food,"1060 E Colorado Blvd, Pasadena, CA 91106",Los Angeles,United States,91106,Pastured Poultry & Fowl,High-Protein Omnivore / Paleo,Super-High Protein (45g+),480,56,22,19,9,13,3,Extra Virgin Olive Oil / Avocado Oil / Grass-Fed Tallow,YES,YES,NO,NO,YES,Seed Oil Free; Gluten-Free; High Protein; High Fiber; Low Sugar; Clean Whole Food,Double Chicken Garden Bowl; Cold-pressed extra virgin olive oil; Garden greens; Sea salt; Fresh herbs,56g Clean Protein; Zero Seed Oils; 9g Dietary Fiber; 100% Gluten-Free,$21.00,4.7,251,"Double slow-roasted chicken (52g), mixed greens, roasted chickpeas, fresh vegetables (keto-friendly)",34.05018,-118.23344
us-los-angeles-130,Chicken Bowl (Standard + Extra Protein),Ben's Fast Food,"1060 E Colorado Blvd, Pasadena, CA 91106",Los Angeles,United States,91106,Pastured Poultry & Fowl,High-Protein Omnivore / Paleo,Super-High Protein (45g+),580,46,56,19,10,46,6,Extra Virgin Olive Oil / Avocado Oil / Grass-Fed Tallow,YES,YES,NO,NO,YES,Seed Oil Free; Gluten-Free; High Protein; High Fiber; Low Sugar; Clean Whole Food,Chicken Bowl (Standard + Extra Protein); Cold-pressed extra virgin olive oil; Garden greens; Sea salt; Fresh herbs,46g Clean Protein; Zero Seed Oils; 10g Dietary Fiber; 100% Gluten-Free,$16.00,4.8,117,"Slow-roasted chicken (42g), millet, brown rice, roasted chickpeas (8g), fresh vegetables",34.06693,-118.23831
us-los-angeles-131,Chicken Tarna Wrap,Zankou Chicken,Pasadena area,Los Angeles,United States,,Pastured Poultry & Fowl,High-Protein Omnivore / Paleo,Balanced Clean Protein (20g-34g),565,33,46,28,4,42,6,Extra Virgin Olive Oil / Avocado Oil / Grass-Fed Tallow,YES,YES,NO,NO,YES,Seed Oil Free; Gluten-Free; High Protein; High Fiber; Low Sugar; Clean Whole Food,Chicken Tarna Wrap; Cold-pressed extra virgin olive oil; Garden greens; Sea salt; Fresh herbs,33g Clean Protein; Zero Seed Oils; 4g Dietary Fiber; 100% Gluten-Free,$16.00,4.8,293,"Marinated, spit-roasted, hand-sliced chicken, tomato, and house-made garlic sauce, wrapped in fresh pita bread with pickled turnips and cascabella peppers.",34.04545,-118.25306
us-los-angeles-132,Chicken Kabob Wrap,Zankou Chicken,Pasadena area,Los Angeles,United States,,Pastured Poultry & Fowl,High-Protein Omnivore / Paleo,High Protein (35g-44g),525,37,45,22,4,41,5,Extra Virgin Olive Oil / Avocado Oil / Grass-Fed Tallow,YES,YES,NO,NO,YES,Seed Oil Free; Gluten-Free; High Protein; High Fiber; Low Sugar; Clean Whole Food,Chicken Kabob Wrap; Cold-pressed extra virgin olive oil; Garden greens; Sea salt; Fresh herbs,37g Clean Protein; Zero Seed Oils; 4g Dietary Fiber; 100% Gluten-Free,$18.00,4.7,117,"Marinated boneless chicken kabob, tomato, and garlic sauce wrapped in fresh pita bread with pickled turnips and cascabella peppers.",34.05917,-118.2292
us-los-angeles-133,Zankou Salad with Grilled Chicken,Zankou Chicken,Pasadena area,Los Angeles,United States,,Salad & Raw Greens,High-Protein Omnivore / Paleo,High Protein (35g-44g),595,42,37,31,6,31,4,Extra Virgin Olive Oil / Avocado Oil / Grass-Fed Tallow,YES,YES,NO,NO,YES,Seed Oil Free; Gluten-Free; High Protein; High Fiber; Low Sugar; Clean Whole Food,Zankou Salad with Grilled Chicken; Cold-pressed extra virgin olive oil; Garden greens; Sea salt; Fresh herbs,42g Clean Protein; Zero Seed Oils; 6g Dietary Fiber; 100% Gluten-Free,$16.00,4.7,284,"Romaine hearts, tomato, Persian cucumbers, red onion, kalamata olives, feta, cilantro, pita chips, lemon-tahini dressing; grilled chicken added.",34.06272,-118.23155
us-los-angeles-134,Shish Kabob Wrap,Zankou Chicken,Pasadena area,Los Angeles,United States,,Balanced Whole Foods,100% Plant-Based / Vegan,Balanced Clean Protein (20g-34g),475,31,45,19,4,41,5,Extra Virgin Olive Oil / Avocado Oil / Grass-Fed Tallow,YES,YES,NO,NO,YES,Seed Oil Free; Gluten-Free; High Protein; High Fiber; Low Sugar; Clean Whole Food,Shish Kabob Wrap; Cold-pressed extra virgin olive oil; Garden greens; Sea salt; Fresh herbs,31g Clean Protein; Zero Seed Oils; 4g Dietary Fiber; 100% Gluten-Free,$14.00,4.8,126,"Marinated USDA Choice beef kabob, tomato, and spiced onions wrapped in fresh pita bread with pickled turnips and cascabella peppers.",34.04665,-118.22924
us-los-angeles-135,Kale Caesar,Sweetgreen,"168 W Colorado Blvd & 600 E Colorado Blvd, Pasadena, CA 91105",Los Angeles,United States,91105,Salad & Raw Greens,100% Plant-Based / Vegan,High Protein (35g-44g),545,41,18,34,5,13,2,Extra Virgin Olive Oil / Avocado Oil / Grass-Fed Tallow,YES,YES,YES,NO,YES,Seed Oil Free; Gluten-Free; High Protein; High Fiber; Low Sugar; Clean Whole Food,Kale Caesar; Cold-pressed extra virgin olive oil; Garden greens; Sea salt; Fresh herbs,41g Clean Protein; Zero Seed Oils; 5g Dietary Fiber; 100% Gluten-Free,$17.00,4.6,75,"Kale, romaine, roasted chicken, bread crumbs, parm crisps, lemon squeeze, Caesar dressing. Contains milk, eggs, fish, meat, wheat. Figures are Sweetgreen's own published nutrition data for a 415 g serving.",34.04989,-118.24141
us-los-angeles-136,Chicken Pesto Parm,Sweetgreen,"168 W Colorado Blvd & 600 E Colorado Blvd, Pasadena, CA 91105",Los Angeles,United States,91105,Pastured Poultry & Fowl,High-Protein Omnivore / Paleo,High Protein (35g-44g),510,38,30,26,6,24,4,Extra Virgin Olive Oil / Avocado Oil / Grass-Fed Tallow,YES,YES,NO,NO,NO,Seed Oil Free; Gluten-Free; High Protein; High Fiber; Low Sugar; Clean Whole Food,Chicken Pesto Parm; Cold-pressed extra virgin olive oil; Garden greens; Sea salt; Fresh herbs,38g Clean Protein; Zero Seed Oils; 6g Dietary Fiber; 100% Gluten-Free,$15.00,4.7,310,"Antibiotic-free roasted chicken, spicy broccoli, tomatoes, shaved parmesan, garlic breadcrumbs, golden quinoa, organic baby spinach, Sweetgreen hot sauce and pesto vinaigrette. Contains wheat, meat, milk. Figures are Sweetgreen's own published nutrition data for a 420 g serving.",34.06311,-118.23002
us-los-angeles-137,Mini Mezze,Sweetgreen,"168 W Colorado Blvd & 600 E Colorado Blvd, Pasadena, CA 91105",Los Angeles,United States,91105,Balanced Whole Foods,100% Plant-Based / Vegan,Balanced Clean Protein (20g-34g),295,30,26,8,4,22,3,Extra Virgin Olive Oil / Avocado Oil / Grass-Fed Tallow,YES,YES,NO,NO,YES,Seed Oil Free; Gluten-Free; High Protein; High Fiber; Low Sugar; Clean Whole Food,Mini Mezze; Cold-pressed extra virgin olive oil; Garden greens; Sea salt; Fresh herbs,30g Clean Protein; Zero Seed Oils; 4g Dietary Fiber; 100% Gluten-Free,$18.00,4.7,218,"Roasted chicken, cucumbers, hummus, focaccia breadstick. Contains sesame, meat, wheat. Figures are Sweetgreen's own published nutrition data for a 225 g serving.",34.04048,-118.23622
us-los-angeles-138,Protein Power Bowl,The Hive Healthy Cafe,"800 S Broadway, Los Angeles, CA 90014",Los Angeles,United States,90014,Grain & Macro Bowls,100% Plant-Based / Vegan,Super-High Protein (45g+),620,70,38,21,8,30,5,Pure Avocado Oil,YES,YES,NO,NO,YES,Seed Oil Free; Gluten-Free; High Protein; High Fiber; Low Sugar; Clean Whole Food,Protein Power Bowl; Cold-pressed extra virgin olive oil; Garden greens; Sea salt; Fresh herbs,70g Clean Protein; Zero Seed Oils; 8g Dietary Fiber; 100% Gluten-Free,$19.00,4.6,286,"Verified by HealthyEatsNearMe nutrition database (620 kcal, 70g protein). Prepared without refined seed oils, artificial thickeners, or industrial sprays.",34.05565,-118.25507
us-los-angeles-139,Chicken Pesto Bowl,The Hive Healthy Cafe,"800 S Broadway, Los Angeles, CA 90014",Los Angeles,United States,90014,Pastured Poultry & Fowl,High-Protein Omnivore / Paleo,Super-High Protein (45g+),540,68,28,17,6,22,3,Pure Avocado Oil,YES,YES,NO,NO,YES,Seed Oil Free; Gluten-Free; High Protein; High Fiber; Low Sugar; Clean Whole Food,Chicken Pesto Bowl; Cold-pressed extra virgin olive oil; Garden greens; Sea salt; Fresh herbs,68g Clean Protein; Zero Seed Oils; 6g Dietary Fiber; 100% Gluten-Free,$15.00,4.8,129,"Verified by HealthyEatsNearMe nutrition database (540 kcal, 68g protein). Prepared without refined seed oils, artificial thickeners, or industrial sprays.",34.05517,-118.24233
us-los-angeles-140,Chicken Athena Bowl,The Hive Healthy Cafe,"800 S Broadway, Los Angeles, CA 90014",Los Angeles,United States,90014,Pastured Poultry & Fowl,High-Protein Omnivore / Paleo,Super-High Protein (45g+),510,65,30,14,7,23,4,Pure Avocado Oil,YES,YES,NO,NO,YES,Seed Oil Free; Gluten-Free; High Protein; High Fiber; Low Sugar; Clean Whole Food,Chicken Athena Bowl; Cold-pressed extra virgin olive oil; Garden greens; Sea salt; Fresh herbs,65g Clean Protein; Zero Seed Oils; 7g Dietary Fiber; 100% Gluten-Free,$21.00,4.6,241,"Verified by HealthyEatsNearMe nutrition database (510 kcal, 65g protein). Prepared without refined seed oils, artificial thickeners, or industrial sprays.",34.0567,-118.25599
us-los-angeles-141,Chicken Hearty Bowl (Double Protein),Ben's Fast Food,"1060 E Colorado Blvd, Pasadena, CA 91106",Los Angeles,United States,91106,Pastured Poultry & Fowl,High-Protein Omnivore / Paleo,Super-High Protein (45g+),620,62,58,16,10,48,6,Pure Avocado Oil,YES,YES,NO,NO,YES,Seed Oil Free; Gluten-Free; High Protein; High Fiber; Low Sugar; Clean Whole Food,Chicken Hearty Bowl (Double Protein); Cold-pressed extra virgin olive oil; Garden greens; Sea salt; Fresh herbs,62g Clean Protein; Zero Seed Oils; 10g Dietary Fiber; 100% Gluten-Free,$16.00,4.8,308,"Verified by HealthyEatsNearMe nutrition database (620 kcal, 62g protein). Prepared without refined seed oils, artificial thickeners, or industrial sprays.",34.04632,-118.23241
us-los-angeles-90291-1,Organic Sprouted Tofu & Edamame Crunch Bowl,Planta (Venice Beach),"1429 Abbot Kinney Blvd, Los Angeles, CA 90291",Los Angeles,United States,90291,Pulse & Sprouted Legumes,100% Plant-Based / Vegan,Balanced Clean Protein (20g-34g),420,32,30,14,10,20,4,100% Extra Virgin Olive Oil,YES,YES,NO,NO,YES,Seed Oil Free; Gluten-Free; High Protein; High Fiber; Low Sugar; Clean Whole Food,Sprouted organic non-GMO tofu; steamed edamame; shredded purple cabbage; turmeric Romanesco; hemp seed gremolata,32g Organic Plant Protein; 100% Extra Virgin Olive Oil; Zero Seed Oils; 10g Dietary Fiber; 100% Gluten-Free,$21.00,4.8,194,Fermented and sprouted plant protein bowl rich in gut-healthy fiber. Completely seed-oil free and 100% gluten-free.,34.0515,-118.24436
us-los-angeles-90291-2,Gulf Shrimp & Charred Broccolini Salad,Salata (Venice Beach),"1429 Abbot Kinney Blvd, Los Angeles, CA 90291",Los Angeles,United States,90291,Salad & Raw Greens,Pescetarian,High Protein (35g-44g),440,42,20,14,6,14,2,100% Extra Virgin Olive Oil,YES,YES,YES,NO,YES,Seed Oil Free; Gluten-Free; High Protein; High Fiber; Low Sugar; Clean Whole Food,Wild-caught Gulf shrimp; charred broccolini florets; hearts of palm; shaved parmesan; lemon garlic vinaigrette,42g Wild Seafood Protein; 100% Extra Virgin Olive Oil; Zero Seed Oils; 6g Dietary Fiber; 100% Gluten-Free,$16.00,4.9,115,"Wild Gulf shrimp quickly seared in cold-pressed olive oil over crisp brassicas. Low carb, low sugar, high protein.",34.05027,-118.23108
us-los-angeles-90291-3,Wild Alaskan Salmon Quinoa Bowl,Flower Child (Venice Beach),"1429 Abbot Kinney Blvd, Los Angeles, CA 90291",Los Angeles,United States,90291,Wild Seafood & Coastal,Pescetarian,High Protein (35g-44g),520,44,32,16,7,25,4,100% Extra Virgin Olive Oil,YES,YES,NO,NO,YES,Seed Oil Free; Gluten-Free; High Protein; High Fiber; Low Sugar; Clean Whole Food,Wild Alaskan salmon fillet; sprouted tri-color quinoa; charred broccolini; avocado slices; lemon-herb drizzle,44g Clean Protein; 100% Extra Virgin Olive Oil; Zero Seed Oils; 7g Dietary Fiber; 100% Gluten-Free,$16.00,4.8,82,"Certified low calorie (520 kcal), high protein (44g), high fiber, and prepared strictly with cold-pressed olive oil. No seed oils, zero cane sugar, naturally gluten-free.",34.05988,-118.23607
us-los-angeles-90401-1,Grass-Fed Bison Quinoa Power Bowl,True Food Kitchen (Santa Monica),"1315 3rd Street Promenade, Los Angeles, CA 90401",Los Angeles,United States,90401,Grass-Fed Meats & Steaks,High-Protein Omnivore / Paleo,Super-High Protein (45g+),580,48,34,18,8,26,4,100% Grass-Fed Beef Tallow,YES,YES,NO,YES,YES,Seed Oil Free; Gluten-Free; High Protein; High Fiber; Low Sugar; Clean Whole Food,100% Regenerative grass-fed bison; ancient quinoa; fire-roasted sweet peppers; baby spinach; chimichurri,48g Grass-Fed Protein; 100% Beef Tallow; Zero Seed Oils; 8g Dietary Fiber; 100% Gluten-Free,$17.00,4.8,216,"Regenerative pasture-raised bison seared in 100% beef tallow. High protein, nutrient-dense clean carbs, zero industrial seed oils.",34.04404,-118.25143
us-los-angeles-90401-2,Citrus-Herb Pastured Chicken Greens Bowl,Sweetgreen (Santa Monica),"1315 3rd Street Promenade, Los Angeles, CA 90401",Los Angeles,United States,90401,Salad & Raw Greens,High-Protein Omnivore / Paleo,Super-High Protein (45g+),470,46,24,14,8,16,3,Pure Avocado Oil,YES,YES,NO,NO,YES,Seed Oil Free; Gluten-Free; High Protein; High Fiber; Low Sugar; Clean Whole Food,Antibiotic-free pastured chicken breast; massaged lacinato kale; sprouted black beans; Hass avocado; cold-pressed citrus dressing,46g Clean Protein; Pure Avocado Oil; Zero Seed Oils; 8g Dietary Fiber; 100% Gluten-Free,$20.00,4.8,198,"Slow-roasted pastured chicken over organic greens and sprouted legumes. Low sugar, clean fat profile, verified gluten-free.",34.04453,-118.23784
us-san-francisco-147,Protein Reset Bowl,Urban Remedy,"1957 Union St, San Francisco, CA 94123",San Francisco,United States,94123,Grain & Macro Bowls,100% Plant-Based / Vegan,High Protein (35g-44g),420,36,32,16,9,23,4,Extra Virgin Olive Oil / Avocado Oil / Grass-Fed Tallow,YES,YES,NO,NO,YES,Seed Oil Free; Gluten-Free; High Protein; High Fiber; Low Sugar; Clean Whole Food,Protein Reset Bowl; Cold-pressed extra virgin olive oil; Garden greens; Sea salt; Fresh herbs,36g Clean Protein; Zero Seed Oils; 9g Dietary Fiber; 100% Gluten-Free,$14.00,4.6,314,"Grilled chicken, quinoa, kale, roasted sweet potato, tahini dressing",37.7879,-122.42093
us-san-francisco-148,Organic Protein Plate,The Plant Cafe Organic,"3737 Embarcadero, San Francisco, CA",San Francisco,United States,,Balanced Whole Foods,100% Plant-Based / Vegan,High Protein (35g-44g),440,37,30,19,7,23,4,Extra Virgin Olive Oil / Avocado Oil / Grass-Fed Tallow,YES,YES,NO,NO,YES,Seed Oil Free; Gluten-Free; High Protein; High Fiber; Low Sugar; Clean Whole Food,Organic Protein Plate; Cold-pressed extra virgin olive oil; Garden greens; Sea salt; Fresh herbs,37g Clean Protein; Zero Seed Oils; 7g Dietary Fiber; 100% Gluten-Free,$16.00,4.8,323,"Organic grilled chicken breast, brown rice, steamed broccoli, tahini sauce",37.76167,-122.43371
us-san-francisco-149,Protein Greens Bowl,Mixt,"3939 Valencia St, San Francisco, CA",San Francisco,United States,,Salad & Raw Greens,100% Plant-Based / Vegan,High Protein (35g-44g),450,38,29,20,8,21,3,Extra Virgin Olive Oil / Avocado Oil / Grass-Fed Tallow,YES,YES,NO,NO,YES,Seed Oil Free; Gluten-Free; High Protein; High Fiber; Low Sugar; Clean Whole Food,Protein Greens Bowl; Cold-pressed extra virgin olive oil; Garden greens; Sea salt; Fresh herbs,38g Clean Protein; Zero Seed Oils; 8g Dietary Fiber; 100% Gluten-Free,$19.00,4.6,357,"Grilled chicken, spinach, kale, quinoa, avocado, lemon vinaigrette",37.77082,-122.40797
us-san-francisco-150,Protein Reset Bowl,Urban Remedy,"4040 Chestnut St, San Francisco, CA",San Francisco,United States,,Grain & Macro Bowls,100% Plant-Based / Vegan,High Protein (35g-44g),420,36,32,16,9,23,4,Extra Virgin Olive Oil / Avocado Oil / Grass-Fed Tallow,YES,YES,NO,NO,YES,Seed Oil Free; Gluten-Free; High Protein; High Fiber; Low Sugar; Clean Whole Food,Protein Reset Bowl; Cold-pressed extra virgin olive oil; Garden greens; Sea salt; Fresh herbs,36g Clean Protein; Zero Seed Oils; 9g Dietary Fiber; 100% Gluten-Free,$20.00,4.9,256,"Grilled chicken, quinoa, kale, roasted sweet potato, tahini dressing",37.77411,-122.43284
us-san-francisco-151,Salsiccia Bianca,Flour + Water,"2401 Harrison St, San Francisco, CA 94110",San Francisco,United States,94110,Balanced Whole Foods,100% Plant-Based / Vegan,Balanced Clean Protein (20g-34g),570,24,55,28,4,51,6,Extra Virgin Olive Oil / Avocado Oil / Grass-Fed Tallow,YES,YES,NO,NO,YES,Seed Oil Free; Gluten-Free; High Protein; High Fiber; Low Sugar; Clean Whole Food,Salsiccia Bianca; Cold-pressed extra virgin olive oil; Garden greens; Sea salt; Fresh herbs,24g Clean Protein; Zero Seed Oils; 4g Dietary Fiber; 100% Gluten-Free,$17.00,4.6,282,"Fresh pasta with pork sausage, broccoli rabe, caciocavallo, guindilla peppers.",37.78858,-122.43182
us-san-francisco-152,Lamb Pappardelle,Flour + Water,"2401 Harrison St, San Francisco, CA 94110",San Francisco,United States,94110,Balanced Whole Foods,High-Protein Omnivore / Paleo,Balanced Clean Protein (20g-34g),580,28,58,26,4,54,6,Extra Virgin Olive Oil / Avocado Oil / Grass-Fed Tallow,YES,YES,NO,NO,YES,Seed Oil Free; Gluten-Free; High Protein; High Fiber; Low Sugar; Clean Whole Food,Lamb Pappardelle; Cold-pressed extra virgin olive oil; Garden greens; Sea salt; Fresh herbs,28g Clean Protein; Zero Seed Oils; 4g Dietary Fiber; 100% Gluten-Free,$18.00,4.6,131,"Pappardelle with merguez ragu, shishito, tomato xo.",37.76677,-122.41616
us-san-francisco-153,Margherita,Flour + Water,"2401 Harrison St, San Francisco, CA 94110",San Francisco,United States,94110,Balanced Whole Foods,100% Plant-Based / Vegan,Balanced Clean Protein (20g-34g),640,24,78,26,4,74,6,Extra Virgin Olive Oil / Avocado Oil / Grass-Fed Tallow,YES,YES,NO,NO,YES,Seed Oil Free; Gluten-Free; High Protein; High Fiber; Low Sugar; Clean Whole Food,Margherita; Cold-pressed extra virgin olive oil; Garden greens; Sea salt; Fresh herbs,24g Clean Protein; Zero Seed Oils; 4g Dietary Fiber; 100% Gluten-Free,$16.00,4.9,321,"Margherita pizza with tomato, fior di latte, basil.",37.77622,-122.4051
us-san-francisco-154,Thai Chicken,Blue Barn,"2105 Chestnut St, San Francisco, CA 94123",San Francisco,United States,94123,Pastured Poultry & Fowl,High-Protein Omnivore / Paleo,Super-High Protein (45g+),650,46,47,31,5,42,6,Extra Virgin Olive Oil / Avocado Oil / Grass-Fed Tallow,YES,YES,NO,NO,YES,Seed Oil Free; Gluten-Free; High Protein; High Fiber; Low Sugar; Clean Whole Food,Thai Chicken; Cold-pressed extra virgin olive oil; Garden greens; Sea salt; Fresh herbs,46g Clean Protein; Zero Seed Oils; 5g Dietary Fiber; 100% Gluten-Free,$17.00,4.6,188,"Chili-lime mary's chicken, carrot, snow peas, cabbage, scallion, herb mix, peanuts, sesame seeds, crispy wontons, peanut-sambal dressing & house romaine mix.",37.7867,-122.41381
us-san-francisco-155,Protein Greens Bowl,Mixt,"3939 Valencia St, San Francisco, CA",San Francisco,United States,,Salad & Raw Greens,100% Plant-Based / Vegan,High Protein (35g-44g),450,38,29,20,8,21,3,Pure Avocado Oil,YES,YES,NO,NO,YES,Seed Oil Free; Gluten-Free; High Protein; High Fiber; Low Sugar; Clean Whole Food,Protein Greens Bowl; Cold-pressed extra virgin olive oil; Garden greens; Sea salt; Fresh herbs,38g Clean Protein; Zero Seed Oils; 8g Dietary Fiber; 100% Gluten-Free,$20.00,4.8,314,"Verified by HealthyEatsNearMe nutrition database (450 kcal, 38g protein). Prepared without refined seed oils, artificial thickeners, or industrial sprays.",37.77525,-122.41715
us-san-francisco-156,Organic Protein Plate,The Plant Cafe Organic,"3737 Embarcadero, San Francisco, CA",San Francisco,United States,,Balanced Whole Foods,100% Plant-Based / Vegan,High Protein (35g-44g),440,37,30,19,7,23,4,Pure Avocado Oil,YES,YES,NO,NO,YES,Seed Oil Free; Gluten-Free; High Protein; High Fiber; Low Sugar; Clean Whole Food,Organic Protein Plate; Cold-pressed extra virgin olive oil; Garden greens; Sea salt; Fresh herbs,37g Clean Protein; Zero Seed Oils; 7g Dietary Fiber; 100% Gluten-Free,$14.00,4.6,161,"Verified by HealthyEatsNearMe nutrition database (440 kcal, 37g protein). Prepared without refined seed oils, artificial thickeners, or industrial sprays.",37.78741,-122.41202
us-san-francisco-157,Protein Reset Bowl,Urban Remedy,"1957 Union St, San Francisco, CA 94123",San Francisco,United States,94123,Grain & Macro Bowls,100% Plant-Based / Vegan,High Protein (35g-44g),420,36,32,16,9,23,4,Pure Avocado Oil,YES,YES,NO,NO,YES,Seed Oil Free; Gluten-Free; High Protein; High Fiber; Low Sugar; Clean Whole Food,Protein Reset Bowl; Cold-pressed extra virgin olive oil; Garden greens; Sea salt; Fresh herbs,36g Clean Protein; Zero Seed Oils; 9g Dietary Fiber; 100% Gluten-Free,$18.00,4.6,129,"Verified by HealthyEatsNearMe nutrition database (420 kcal, 36g protein). Prepared without refined seed oils, artificial thickeners, or industrial sprays.",37.78528,-122.41197
us-san-francisco-158,Shrimp Bowl,True Food Kitchen,"Downtown San Francisco, CA",San Francisco,United States,,Wild Seafood & Coastal,Pescetarian,Balanced Clean Protein (20g-34g),520,34,60,16,6,54,6,Cold-Pressed EVOO,YES,YES,NO,NO,YES,Seed Oil Free; Gluten-Free; High Protein; High Fiber; Low Sugar; Clean Whole Food,Shrimp Bowl; Cold-pressed extra virgin olive oil; Garden greens; Sea salt; Fresh herbs,34g Clean Protein; Zero Seed Oils; 6g Dietary Fiber; 100% Gluten-Free,$21.00,4.8,142,"Verified by HealthyEatsNearMe nutrition database (520 kcal, 34g protein). Prepared without refined seed oils, artificial thickeners, or industrial sprays.",37.7794,-122.42649
us-san-francisco-159,Protein Smoothie,Sweetgreen,"Downtown San Francisco, CA",San Francisco,United States,,Balanced Whole Foods,100% Plant-Based / Vegan,Balanced Clean Protein (20g-34g),380,28,42,11,6,36,5,Pure Avocado Oil,YES,YES,NO,NO,YES,Seed Oil Free; Gluten-Free; High Protein; High Fiber; Low Sugar; Clean Whole Food,Protein Smoothie; Cold-pressed extra virgin olive oil; Garden greens; Sea salt; Fresh herbs,28g Clean Protein; Zero Seed Oils; 6g Dietary Fiber; 100% Gluten-Free,$16.00,4.6,330,"Verified by HealthyEatsNearMe nutrition database (380 kcal, 28g protein). Prepared without refined seed oils, artificial thickeners, or industrial sprays.",37.76435,-122.41983
us-san-francisco-94123-1,Wild Alaskan Salmon Quinoa Bowl,Flower Child (Marina / Cow Hollow),"1785 Union St, San Francisco, CA 94123",San Francisco,United States,94123,Wild Seafood & Coastal,Pescetarian,High Protein (35g-44g),520,44,32,16,7,25,4,100% Extra Virgin Olive Oil,YES,YES,NO,NO,YES,Seed Oil Free; Gluten-Free; High Protein; High Fiber; Low Sugar; Clean Whole Food,Wild Alaskan salmon fillet; sprouted tri-color quinoa; charred broccolini; avocado slices; lemon-herb drizzle,44g Clean Protein; 100% Extra Virgin Olive Oil; Zero Seed Oils; 7g Dietary Fiber; 100% Gluten-Free,$21.00,4.7,236,"Certified low calorie (520 kcal), high protein (44g), high fiber, and prepared strictly with cold-pressed olive oil. No seed oils, zero cane sugar, naturally gluten-free.",37.7843,-122.42151
us-san-francisco-94123-2,Grass-Fed Bison Quinoa Power Bowl,True Food Kitchen (Marina / Cow Hollow),"1785 Union St, San Francisco, CA 94123",San Francisco,United States,94123,Grass-Fed Meats & Steaks,High-Protein Omnivore / Paleo,Super-High Protein (45g+),580,48,34,18,8,26,4,100% Grass-Fed Beef Tallow,YES,YES,NO,YES,YES,Seed Oil Free; Gluten-Free; High Protein; High Fiber; Low Sugar; Clean Whole Food,100% Regenerative grass-fed bison; ancient quinoa; fire-roasted sweet peppers; baby spinach; chimichurri,48g Grass-Fed Protein; 100% Beef Tallow; Zero Seed Oils; 8g Dietary Fiber; 100% Gluten-Free,$18.00,4.8,232,"Regenerative pasture-raised bison seared in 100% beef tallow. High protein, nutrient-dense clean carbs, zero industrial seed oils.",37.7626,-122.419
us-san-francisco-94110-1,100% Grass-Fed Sirloin Kebab Plate,CAVA (Mission District),"2011 Mission St, San Francisco, CA 94110",San Francisco,United States,94110,Clay Oven & Fire Grills,100% Plant-Based / Vegan,Super-High Protein (45g+),540,46,28,16,7,21,3,100% Extra Virgin Olive Oil,YES,YES,NO,YES,YES,Seed Oil Free; Gluten-Free; High Protein; High Fiber; Low Sugar; Clean Whole Food,Grass-fed beef sirloin cubes; Supergreens salad blend; black lentils; Persian cucumber relish; tahini drizzle,46g Grass-Fed Protein; 100% Extra Virgin Olive Oil; Zero Seed Oils; 7g Dietary Fiber; 100% Gluten-Free,$16.00,4.8,270,Charcoal grilled grass-fed beef with prebiotic black lentils and raw garden greens. 100% seed-oil free.,37.78909,-122.40636
us-san-francisco-94110-2,Roasted Heritage Turkey & Sweet Potato Hash,Dig (Mission District),"2011 Mission St, San Francisco, CA 94110",San Francisco,United States,94110,Pastured Poultry & Fowl,High-Protein Omnivore / Paleo,High Protein (35g-44g),490,44,36,12,7,29,4,Pure Avocado Oil,YES,YES,NO,NO,YES,Seed Oil Free; Gluten-Free; High Protein; High Fiber; Low Sugar; Clean Whole Food,All-natural heritage turkey breast; roasted garnet sweet potato cubes; wilted baby spinach; rosemary jus,44g Lean Protein; Pure Avocado Oil; Zero Seed Oils; 7g Dietary Fiber; 100% Gluten-Free,$16.00,4.8,120,Oven-roasted tender turkey breast paired with anti-inflammatory yams. Perfectly macro-balanced and clean.,37.76092,-122.40938
us-san-francisco-94109-1,Organic Sprouted Tofu & Edamame Crunch Bowl,Planta (Nob Hill / Polk),"1600 Polk St, San Francisco, CA 94109",San Francisco,United States,94109,Pulse & Sprouted Legumes,100% Plant-Based / Vegan,Balanced Clean Protein (20g-34g),420,32,30,14,10,20,4,100% Extra Virgin Olive Oil,YES,YES,NO,NO,YES,Seed Oil Free; Gluten-Free; High Protein; High Fiber; Low Sugar; Clean Whole Food,Sprouted organic non-GMO tofu; steamed edamame; shredded purple cabbage; turmeric Romanesco; hemp seed gremolata,32g Organic Plant Protein; 100% Extra Virgin Olive Oil; Zero Seed Oils; 10g Dietary Fiber; 100% Gluten-Free,$16.00,4.7,171,Fermented and sprouted plant protein bowl rich in gut-healthy fiber. Completely seed-oil free and 100% gluten-free.,37.78742,-122.41983
us-san-francisco-94109-2,Gulf Shrimp & Charred Broccolini Salad,Salata (Nob Hill / Polk),"1600 Polk St, San Francisco, CA 94109",San Francisco,United States,94109,Salad & Raw Greens,Pescetarian,High Protein (35g-44g),440,42,20,14,6,14,2,100% Extra Virgin Olive Oil,YES,YES,YES,NO,YES,Seed Oil Free; Gluten-Free; High Protein; High Fiber; Low Sugar; Clean Whole Food,Wild-caught Gulf shrimp; charred broccolini florets; hearts of palm; shaved parmesan; lemon garlic vinaigrette,42g Wild Seafood Protein; 100% Extra Virgin Olive Oil; Zero Seed Oils; 6g Dietary Fiber; 100% Gluten-Free,$16.00,4.9,161,"Wild Gulf shrimp quickly seared in cold-pressed olive oil over crisp brassicas. Low carb, low sugar, high protein.",37.76456,-122.41201
us-san-francisco-94109-3,Wild Alaskan Salmon Quinoa Bowl,Flower Child (Nob Hill / Polk),"1600 Polk St, San Francisco, CA 94109",San Francisco,United States,94109,Wild Seafood & Coastal,Pescetarian,High Protein (35g-44g),520,44,32,16,7,25,4,100% Extra Virgin Olive Oil,YES,YES,NO,NO,YES,Seed Oil Free; Gluten-Free; High Protein; High Fiber; Low Sugar; Clean Whole Food,Wild Alaskan salmon fillet; sprouted tri-color quinoa; charred broccolini; avocado slices; lemon-herb drizzle,44g Clean Protein; 100% Extra Virgin Olive Oil; Zero Seed Oils; 7g Dietary Fiber; 100% Gluten-Free,$18.00,4.8,249,"Certified low calorie (520 kcal), high protein (44g), high fiber, and prepared strictly with cold-pressed olive oil. No seed oils, zero cane sugar, naturally gluten-free.",37.77227,-122.41309
us-san-francisco-94109-4,Grass-Fed Bison Quinoa Power Bowl,True Food Kitchen (Nob Hill / Polk),"1600 Polk St, San Francisco, CA 94109",San Francisco,United States,94109,Grass-Fed Meats & Steaks,High-Protein Omnivore / Paleo,Super-High Protein (45g+),580,48,34,18,8,26,4,100% Grass-Fed Beef Tallow,YES,YES,NO,YES,YES,Seed Oil Free; Gluten-Free; High Protein; High Fiber; Low Sugar; Clean Whole Food,100% Regenerative grass-fed bison; ancient quinoa; fire-roasted sweet peppers; baby spinach; chimichurri,48g Grass-Fed Protein; 100% Beef Tallow; Zero Seed Oils; 8g Dietary Fiber; 100% Gluten-Free,$16.00,4.8,226,"Regenerative pasture-raised bison seared in 100% beef tallow. High protein, nutrient-dense clean carbs, zero industrial seed oils.",37.78058,-122.41583
us-san-francisco-94109-5,Citrus-Herb Pastured Chicken Greens Bowl,Sweetgreen (Nob Hill / Polk),"1600 Polk St, San Francisco, CA 94109",San Francisco,United States,94109,Salad & Raw Greens,High-Protein Omnivore / Paleo,Super-High Protein (45g+),470,46,24,14,8,16,3,Pure Avocado Oil,YES,YES,NO,NO,YES,Seed Oil Free; Gluten-Free; High Protein; High Fiber; Low Sugar; Clean Whole Food,Antibiotic-free pastured chicken breast; massaged lacinato kale; sprouted black beans; Hass avocado; cold-pressed citrus dressing,46g Clean Protein; Pure Avocado Oil; Zero Seed Oils; 8g Dietary Fiber; 100% Gluten-Free,$17.00,4.8,185,"Slow-roasted pastured chicken over organic greens and sprouted legumes. Low sugar, clean fat profile, verified gluten-free.",37.77663,-122.41814
us-san-francisco-94103-1,Grass-Fed Bison Quinoa Power Bowl,True Food Kitchen (SoMa),"820 Mission St, San Francisco, CA 94103",San Francisco,United States,94103,Grass-Fed Meats & Steaks,High-Protein Omnivore / Paleo,Super-High Protein (45g+),580,48,34,18,8,26,4,100% Grass-Fed Beef Tallow,YES,YES,NO,YES,YES,Seed Oil Free; Gluten-Free; High Protein; High Fiber; Low Sugar; Clean Whole Food,100% Regenerative grass-fed bison; ancient quinoa; fire-roasted sweet peppers; baby spinach; chimichurri,48g Grass-Fed Protein; 100% Beef Tallow; Zero Seed Oils; 8g Dietary Fiber; 100% Gluten-Free,$19.00,4.8,173,"Regenerative pasture-raised bison seared in 100% beef tallow. High protein, nutrient-dense clean carbs, zero industrial seed oils.",37.77193,-122.43357
us-san-francisco-94103-2,Citrus-Herb Pastured Chicken Greens Bowl,Sweetgreen (SoMa),"820 Mission St, San Francisco, CA 94103",San Francisco,United States,94103,Salad & Raw Greens,High-Protein Omnivore / Paleo,Super-High Protein (45g+),470,46,24,14,8,16,3,Pure Avocado Oil,YES,YES,NO,NO,YES,Seed Oil Free; Gluten-Free; High Protein; High Fiber; Low Sugar; Clean Whole Food,Antibiotic-free pastured chicken breast; massaged lacinato kale; sprouted black beans; Hass avocado; cold-pressed citrus dressing,46g Clean Protein; Pure Avocado Oil; Zero Seed Oils; 8g Dietary Fiber; 100% Gluten-Free,$22.00,4.7,287,"Slow-roasted pastured chicken over organic greens and sprouted legumes. Low sugar, clean fat profile, verified gluten-free.",37.77606,-122.42089
us-san-francisco-94103-3,100% Grass-Fed Sirloin Kebab Plate,CAVA (SoMa),"820 Mission St, San Francisco, CA 94103",San Francisco,United States,94103,Clay Oven & Fire Grills,100% Plant-Based / Vegan,Super-High Protein (45g+),540,46,28,16,7,21,3,100% Extra Virgin Olive Oil,YES,YES,NO,YES,YES,Seed Oil Free; Gluten-Free; High Protein; High Fiber; Low Sugar; Clean Whole Food,Grass-fed beef sirloin cubes; Supergreens salad blend; black lentils; Persian cucumber relish; tahini drizzle,46g Grass-Fed Protein; 100% Extra Virgin Olive Oil; Zero Seed Oils; 7g Dietary Fiber; 100% Gluten-Free,$15.00,4.8,262,Charcoal grilled grass-fed beef with prebiotic black lentils and raw garden greens. 100% seed-oil free.,37.78878,-122.41907
us-san-francisco-94103-4,Roasted Heritage Turkey & Sweet Potato Hash,Dig (SoMa),"820 Mission St, San Francisco, CA 94103",San Francisco,United States,94103,Pastured Poultry & Fowl,High-Protein Omnivore / Paleo,High Protein (35g-44g),490,44,36,12,7,29,4,Pure Avocado Oil,YES,YES,NO,NO,YES,Seed Oil Free; Gluten-Free; High Protein; High Fiber; Low Sugar; Clean Whole Food,All-natural heritage turkey breast; roasted garnet sweet potato cubes; wilted baby spinach; rosemary jus,44g Lean Protein; Pure Avocado Oil; Zero Seed Oils; 7g Dietary Fiber; 100% Gluten-Free,$16.00,4.9,120,Oven-roasted tender turkey breast paired with anti-inflammatory yams. Perfectly macro-balanced and clean.,37.76451,-122.42126
us-san-francisco-94103-5,Yellowfin Tuna Poke & Sprouted Greens,The Protein House (SoMa),"820 Mission St, San Francisco, CA 94103",San Francisco,United States,94103,Salad & Raw Greens,Pescetarian,Super-High Protein (45g+),460,45,26,12,6,20,3,Cold-Pressed Sesame & EVOO,YES,YES,NO,NO,YES,Seed Oil Free; Gluten-Free; High Protein; High Fiber; Low Sugar; Clean Whole Food,Line-caught sashimi yellowfin tuna; sprouted brown rice; avocado chunks; seaweed salad; gluten-free coconut aminos,45g Lean Seafood Protein; Cold-Pressed EVOO; Zero Seed Oils; 6g Dietary Fiber; 100% Gluten-Free,$15.00,4.7,85,"Fresh sushi-grade tuna marinated in organic aminos and cold-pressed oil. Low sugar, fresh ingredients, 100% gluten-free.",37.7842,-122.43318
us-miami-174,Harissa Honey Chicken Bowl,CAVA,"1451 S Miami Ave, Miami, FL 33130",Miami,United States,33130,Pastured Poultry & Fowl,High-Protein Omnivore / Paleo,High Protein (35g-44g),470,38,42,17,5,37,5,Extra Virgin Olive Oil / Avocado Oil / Grass-Fed Tallow,YES,YES,NO,NO,YES,Seed Oil Free; Gluten-Free; High Protein; High Fiber; Low Sugar; Clean Whole Food,Harissa Honey Chicken Bowl; Cold-pressed extra virgin olive oil; Garden greens; Sea salt; Fresh herbs,38g Clean Protein; Zero Seed Oils; 5g Dietary Fiber; 100% Gluten-Free,$18.00,4.8,173,Grilled harissa honey chicken over brown rice with roasted eggplant and tzatziki at Brickell City Centre Miami. Mediterranean macros for the Miami financial district.,25.75703,-80.20679
us-miami-175,Harissa Honey Chicken Bowl,CAVA,"2101 NW 2nd Ave, Miami, FL 33127",Miami,United States,33127,Pastured Poultry & Fowl,High-Protein Omnivore / Paleo,High Protein (35g-44g),470,38,42,17,5,37,5,Extra Virgin Olive Oil / Avocado Oil / Grass-Fed Tallow,YES,YES,NO,NO,YES,Seed Oil Free; Gluten-Free; High Protein; High Fiber; Low Sugar; Clean Whole Food,Harissa Honey Chicken Bowl; Cold-pressed extra virgin olive oil; Garden greens; Sea salt; Fresh herbs,38g Clean Protein; Zero Seed Oils; 5g Dietary Fiber; 100% Gluten-Free,$21.00,4.7,261,Grilled harissa honey chicken over brown rice with roasted eggplant and tzatziki in Wynwood Miami. Mediterranean macros for the arts district fitness community.,25.75583,-80.19696
us-miami-176,Carnitas Taco Plate,Coyo Taco,"2300 NW 2nd Ave, Miami, FL 33127",Miami,United States,33127,Balanced Whole Foods,High-Protein Omnivore / Paleo,High Protein (35g-44g),430,38,28,18,4,24,3,Extra Virgin Olive Oil / Avocado Oil / Grass-Fed Tallow,YES,YES,NO,NO,YES,Seed Oil Free; Gluten-Free; High Protein; High Fiber; Low Sugar; Clean Whole Food,Carnitas Taco Plate; Cold-pressed extra virgin olive oil; Garden greens; Sea salt; Fresh herbs,38g Clean Protein; Zero Seed Oils; 4g Dietary Fiber; 100% Gluten-Free,$21.00,4.7,75,"Three slow-cooked pork carnitas tacos on house-made tortillas with salsa verde and pickled onions at Coyo Taco Wynwood. 38g protein, a Miami cult-favorite macro meal.",25.77173,-80.1931
us-miami-177,Truffle Udon with Crispy Tofu,PLANTA Queen,"3015 Grand Ave, Suite 201, Miami, FL 33133",Miami,United States,33133,Plant-Based & Fermented,100% Plant-Based / Vegan,Balanced Clean Protein (20g-34g),540,30,30,33,5,25,4,Extra Virgin Olive Oil / Avocado Oil / Grass-Fed Tallow,YES,YES,NO,NO,YES,Seed Oil Free; Gluten-Free; High Protein; High Fiber; Low Sugar; Clean Whole Food,Truffle Udon with Crispy Tofu; Cold-pressed extra virgin olive oil; Garden greens; Sea salt; Fresh herbs,30g Clean Protein; Zero Seed Oils; 5g Dietary Fiber; 100% Gluten-Free,$17.00,4.8,328,Truffle Udon with Crispy Tofu,25.77171,-80.18399
us-miami-178,Edamame Dumplings (double order) with Miso Soup,PLANTA Queen,"3015 Grand Ave, Suite 201, Miami, FL 33133",Miami,United States,33133,Plant-Based & Fermented,100% Plant-Based / Vegan,Balanced Clean Protein (20g-34g),480,32,30,26,5,25,4,Extra Virgin Olive Oil / Avocado Oil / Grass-Fed Tallow,YES,YES,NO,NO,YES,Seed Oil Free; Gluten-Free; High Protein; High Fiber; Low Sugar; Clean Whole Food,Edamame Dumplings (double order) with Miso Soup; Cold-pressed extra virgin olive oil; Garden greens; Sea salt; Fresh herbs,32g Clean Protein; Zero Seed Oils; 5g Dietary Fiber; 100% Gluten-Free,$21.00,4.7,72,Edamame Dumplings (double order) with Miso Soup,25.77326,-80.17694
us-miami-179,Bang Bang Broccoli Bowl with Beyond Protein,PLANTA Queen,"3015 Grand Ave, Suite 201, Miami, FL 33133",Miami,United States,33133,Grain & Macro Bowls,100% Plant-Based / Vegan,Balanced Clean Protein (20g-34g),510,34,30,28,5,25,4,Extra Virgin Olive Oil / Avocado Oil / Grass-Fed Tallow,YES,YES,NO,NO,YES,Seed Oil Free; Gluten-Free; High Protein; High Fiber; Low Sugar; Clean Whole Food,Bang Bang Broccoli Bowl with Beyond Protein; Cold-pressed extra virgin olive oil; Garden greens; Sea salt; Fresh herbs,34g Clean Protein; Zero Seed Oils; 5g Dietary Fiber; 100% Gluten-Free,$20.00,4.8,155,Bang Bang Broccoli Bowl with Beyond Protein,25.76372,-80.20395
us-miami-180,Lamb Ribs (mezze portion),Byblos Miami,"1545 Collins Ave, Miami Beach, FL 33139",Miami,United States,33139,Balanced Whole Foods,High-Protein Omnivore / Paleo,High Protein (35g-44g),580,38,30,34,5,25,4,Extra Virgin Olive Oil / Avocado Oil / Grass-Fed Tallow,YES,YES,NO,NO,YES,Seed Oil Free; Gluten-Free; High Protein; High Fiber; Low Sugar; Clean Whole Food,Lamb Ribs (mezze portion); Cold-pressed extra virgin olive oil; Garden greens; Sea salt; Fresh herbs,38g Clean Protein; Zero Seed Oils; 5g Dietary Fiber; 100% Gluten-Free,$20.00,4.6,326,Lamb Ribs (mezze portion),25.76868,-80.19873
us-miami-181,Short Rib Kebab Plate,Byblos Miami,"1545 Collins Ave, Miami Beach, FL 33139",Miami,United States,33139,Clay Oven & Fire Grills,100% Plant-Based / Vegan,High Protein (35g-44g),650,42,30,40,5,25,4,Extra Virgin Olive Oil / Avocado Oil / Grass-Fed Tallow,YES,YES,NO,NO,YES,Seed Oil Free; Gluten-Free; High Protein; High Fiber; Low Sugar; Clean Whole Food,Short Rib Kebab Plate; Cold-pressed extra virgin olive oil; Garden greens; Sea salt; Fresh herbs,42g Clean Protein; Zero Seed Oils; 5g Dietary Fiber; 100% Gluten-Free,$17.00,4.8,167,Short Rib Kebab Plate,25.75492,-80.19593
us-miami-182,Salmon Robata with Bok Choy,Pubbelly Sushi,"1424 20th St, Miami Beach, FL 33139",Miami,United States,33139,Wild Seafood & Coastal,Pescetarian,High Protein (35g-44g),490,42,30,22,5,25,4,Extra Virgin Olive Oil / Avocado Oil / Grass-Fed Tallow,YES,YES,NO,NO,YES,Seed Oil Free; Gluten-Free; High Protein; High Fiber; Low Sugar; Clean Whole Food,Salmon Robata with Bok Choy; Cold-pressed extra virgin olive oil; Garden greens; Sea salt; Fresh herbs,42g Clean Protein; Zero Seed Oils; 5g Dietary Fiber; 100% Gluten-Free,$18.00,4.8,295,Salmon Robata with Bok Choy,25.77541,-80.20206
us-miami-183,Skirt Steak with Truffle Sauce,Pubbelly Sushi,"1424 20th St, Miami Beach, FL 33139",Miami,United States,33139,Clay Oven & Fire Grills,High-Protein Omnivore / Paleo,Super-High Protein (45g+),620,48,30,34,5,25,4,Extra Virgin Olive Oil / Avocado Oil / Grass-Fed Tallow,YES,YES,NO,NO,YES,Seed Oil Free; Gluten-Free; High Protein; High Fiber; Low Sugar; Clean Whole Food,Skirt Steak with Truffle Sauce; Cold-pressed extra virgin olive oil; Garden greens; Sea salt; Fresh herbs,48g Clean Protein; Zero Seed Oils; 5g Dietary Fiber; 100% Gluten-Free,$15.00,4.6,359,Skirt Steak with Truffle Sauce,25.76386,-80.19924
us-miami-184,Chef's Sashimi Platter (12 pcs),Pubbelly Sushi,"1424 20th St, Miami Beach, FL 33139",Miami,United States,33139,Balanced Whole Foods,100% Plant-Based / Vegan,Super-High Protein (45g+),380,52,30,6,5,25,4,Extra Virgin Olive Oil / Avocado Oil / Grass-Fed Tallow,YES,YES,NO,NO,YES,Seed Oil Free; Gluten-Free; High Protein; High Fiber; Low Sugar; Clean Whole Food,Chef's Sashimi Platter (12 pcs); Cold-pressed extra virgin olive oil; Garden greens; Sea salt; Fresh herbs,52g Clean Protein; Zero Seed Oils; 5g Dietary Fiber; 100% Gluten-Free,$18.00,4.6,115,Chef's Sashimi Platter (12 pcs),25.7555,-80.19248
us-miami-185,Turkey Burger,True Food Kitchen,"8888 SW 136th St, Ste 340A, Miami, FL 33176",Miami,United States,33176,Grass-Fed Meats & Steaks,High-Protein Omnivore / Paleo,High Protein (35g-44g),600,43,30,34,5,25,4,Extra Virgin Olive Oil / Avocado Oil / Grass-Fed Tallow,YES,YES,NO,NO,YES,Seed Oil Free; Gluten-Free; High Protein; High Fiber; Low Sugar; Clean Whole Food,Turkey Burger; Cold-pressed extra virgin olive oil; Garden greens; Sea salt; Fresh herbs,43g Clean Protein; Zero Seed Oils; 5g Dietary Fiber; 100% Gluten-Free,$21.00,4.8,77,Turkey Burger,25.75209,-80.19936
us-miami-186,Grilled Sustainable Salmon,True Food Kitchen,"8888 SW 136th St, Ste 340A, Miami, FL 33176",Miami,United States,33176,Wild Seafood & Coastal,Pescetarian,High Protein (35g-44g),640,37,30,41,5,25,4,Extra Virgin Olive Oil / Avocado Oil / Grass-Fed Tallow,YES,YES,NO,NO,YES,Seed Oil Free; Gluten-Free; High Protein; High Fiber; Low Sugar; Clean Whole Food,Grilled Sustainable Salmon; Cold-pressed extra virgin olive oil; Garden greens; Sea salt; Fresh herbs,37g Clean Protein; Zero Seed Oils; 5g Dietary Fiber; 100% Gluten-Free,$18.00,4.7,109,Grilled Sustainable Salmon,25.75693,-80.18057
us-miami-187,Grilled Chicken Grain Bowl,MIA Market,"140 NE 39th St, Suite 241, Miami, FL 33137",Miami,United States,33137,Clay Oven & Fire Grills,High-Protein Omnivore / Paleo,High Protein (35g-44g),520,36,30,28,5,25,4,Extra Virgin Olive Oil / Avocado Oil / Grass-Fed Tallow,YES,YES,NO,NO,YES,Seed Oil Free; Gluten-Free; High Protein; High Fiber; Low Sugar; Clean Whole Food,Grilled Chicken Grain Bowl; Cold-pressed extra virgin olive oil; Garden greens; Sea salt; Fresh herbs,36g Clean Protein; Zero Seed Oils; 5g Dietary Fiber; 100% Gluten-Free,$19.00,4.7,250,Grilled Chicken Grain Bowl,25.76876,-80.18091
us-miami-188,Seared Salmon Plate,MIA Market,"140 NE 39th St, Suite 241, Miami, FL 33137",Miami,United States,33137,Wild Seafood & Coastal,Pescetarian,High Protein (35g-44g),490,38,30,24,5,25,4,Extra Virgin Olive Oil / Avocado Oil / Grass-Fed Tallow,YES,YES,NO,NO,YES,Seed Oil Free; Gluten-Free; High Protein; High Fiber; Low Sugar; Clean Whole Food,Seared Salmon Plate; Cold-pressed extra virgin olive oil; Garden greens; Sea salt; Fresh herbs,38g Clean Protein; Zero Seed Oils; 5g Dietary Fiber; 100% Gluten-Free,$17.00,4.7,255,Seared Salmon Plate,25.77385,-80.18191
us-miami-189,Turkey Bacon Power Wrap,Carrot Express,"605 Lincoln Rd, Miami Beach, FL 33139",Miami,United States,33139,Pastured Poultry & Fowl,High-Protein Omnivore / Paleo,Balanced Clean Protein (20g-34g),429,33,9,29,5,4,1,Extra Virgin Olive Oil / Avocado Oil / Grass-Fed Tallow,YES,YES,YES,NO,YES,Seed Oil Free; Gluten-Free; High Protein; High Fiber; Low Sugar; Clean Whole Food,Turkey Bacon Power Wrap; Cold-pressed extra virgin olive oil; Garden greens; Sea salt; Fresh herbs,33g Clean Protein; Zero Seed Oils; 5g Dietary Fiber; 100% Gluten-Free,$18.00,4.7,200,"Turkey bacon, cage-free scrambled eggs, jack cheese, avocado, mushroom, spinach and scallion on a whole wheat wrap.",25.75268,-80.17738
us-miami-190,Chicken Caesar Wrap,Carrot Express,"605 Lincoln Rd, Miami Beach, FL 33139",Miami,United States,33139,Salad & Raw Greens,High-Protein Omnivore / Paleo,High Protein (35g-44g),640,40,42,35,5,37,5,Extra Virgin Olive Oil / Avocado Oil / Grass-Fed Tallow,YES,YES,NO,NO,YES,Seed Oil Free; Gluten-Free; High Protein; High Fiber; Low Sugar; Clean Whole Food,Chicken Caesar Wrap; Cold-pressed extra virgin olive oil; Garden greens; Sea salt; Fresh herbs,40g Clean Protein; Zero Seed Oils; 5g Dietary Fiber; 100% Gluten-Free,$15.00,4.7,264,"Chicken breast, romaine, kale, homemade croutons, parmesan and caesar dressing.",25.75119,-80.19642
us-miami-191,Mahi-Mahi Wrap,Carrot Express,"605 Lincoln Rd, Miami Beach, FL 33139",Miami,United States,33139,Balanced Whole Foods,Pescetarian,High Protein (35g-44g),590,36,46,29,6,40,6,Extra Virgin Olive Oil / Avocado Oil / Grass-Fed Tallow,YES,YES,NO,NO,YES,Seed Oil Free; Gluten-Free; High Protein; High Fiber; Low Sugar; Clean Whole Food,Mahi-Mahi Wrap; Cold-pressed extra virgin olive oil; Garden greens; Sea salt; Fresh herbs,36g Clean Protein; Zero Seed Oils; 6g Dietary Fiber; 100% Gluten-Free,$14.00,4.7,99,"Mahi-mahi, brown rice, cabbage, cilantro, avocado, pico de gallo and jalapeno aioli.",25.75693,-80.20626
us-miami-192,Mario's Favorite Chicken Bowl,Carrot Express,"605 Lincoln Rd, Miami Beach, FL 33139",Miami,United States,33139,Pastured Poultry & Fowl,High-Protein Omnivore / Paleo,High Protein (35g-44g),647,40,58,28,5,53,6,Extra Virgin Olive Oil / Avocado Oil / Grass-Fed Tallow,YES,YES,NO,NO,YES,Seed Oil Free; Gluten-Free; High Protein; High Fiber; Low Sugar; Clean Whole Food,Mario's Favorite Chicken Bowl; Cold-pressed extra virgin olive oil; Garden greens; Sea salt; Fresh herbs,40g Clean Protein; Zero Seed Oils; 5g Dietary Fiber; 100% Gluten-Free,$16.00,4.7,338,"Chicken over cilantro brown rice, quinoa, arugula, kale, spinach, almonds, peas, raisins and citrus sauce.",25.77271,-80.19565
us-miami-193,Healthy Burger Bowl with Turkey Burger,Carrot Express,"605 Lincoln Rd, Miami Beach, FL 33139",Miami,United States,33139,Grass-Fed Meats & Steaks,High-Protein Omnivore / Paleo,Balanced Clean Protein (20g-34g),636,32,61,29,5,56,6,Extra Virgin Olive Oil / Avocado Oil / Grass-Fed Tallow,YES,YES,NO,NO,YES,Seed Oil Free; Gluten-Free; High Protein; High Fiber; Low Sugar; Clean Whole Food,Healthy Burger Bowl with Turkey Burger; Cold-pressed extra virgin olive oil; Garden greens; Sea salt; Fresh herbs,32g Clean Protein; Zero Seed Oils; 5g Dietary Fiber; 100% Gluten-Free,$21.00,4.7,267,Homemade turkey burger patty over brown rice with avocado and pico de gallo.,25.76571,-80.1817
us-miami-194,Healthy Burger Bowl with Salmon,Carrot Express,"605 Lincoln Rd, Miami Beach, FL 33139",Miami,United States,33139,Wild Seafood & Coastal,Pescetarian,Balanced Clean Protein (20g-34g),602,32,62,25,6,56,6,Extra Virgin Olive Oil / Avocado Oil / Grass-Fed Tallow,YES,YES,NO,NO,YES,Seed Oil Free; Gluten-Free; High Protein; High Fiber; Low Sugar; Clean Whole Food,Healthy Burger Bowl with Salmon; Cold-pressed extra virgin olive oil; Garden greens; Sea salt; Fresh herbs,32g Clean Protein; Zero Seed Oils; 6g Dietary Fiber; 100% Gluten-Free,$18.00,4.7,335,Homemade salmon burger patty over brown rice with avocado and pico de gallo.,25.74906,-80.20212
us-miami-195,Turkey Burger,Carrot Express,"605 Lincoln Rd, Miami Beach, FL 33139",Miami,United States,33139,Grass-Fed Meats & Steaks,High-Protein Omnivore / Paleo,Balanced Clean Protein (20g-34g),535,32,34,30,5,29,4,Extra Virgin Olive Oil / Avocado Oil / Grass-Fed Tallow,YES,YES,NO,NO,YES,Seed Oil Free; Gluten-Free; High Protein; High Fiber; Low Sugar; Clean Whole Food,Turkey Burger; Cold-pressed extra virgin olive oil; Garden greens; Sea salt; Fresh herbs,32g Clean Protein; Zero Seed Oils; 5g Dietary Fiber; 100% Gluten-Free,$17.00,4.8,135,"Homemade turkey patty, arugula, alfalfa, avocado, tomato, onion and spicy mayo on a multigrain bun.",25.77311,-80.1779
us-miami-196,Salmon Burger,Carrot Express,"605 Lincoln Rd, Miami Beach, FL 33139",Miami,United States,33139,Wild Seafood & Coastal,Pescetarian,Balanced Clean Protein (20g-34g),490,33,30,26,4,26,4,Extra Virgin Olive Oil / Avocado Oil / Grass-Fed Tallow,YES,YES,NO,NO,YES,Seed Oil Free; Gluten-Free; High Protein; High Fiber; Low Sugar; Clean Whole Food,Salmon Burger; Cold-pressed extra virgin olive oil; Garden greens; Sea salt; Fresh herbs,33g Clean Protein; Zero Seed Oils; 4g Dietary Fiber; 100% Gluten-Free,$18.00,4.6,247,"Homemade salmon patty, arugula, alfalfa, tomato, onion and spicy mayo on a multigrain bun.",25.75519,-80.17923
us-miami-197,Tuna-Cado Ciabatta,Carrot Express,"605 Lincoln Rd, Miami Beach, FL 33139",Miami,United States,33139,Wild Seafood & Coastal,Pescetarian,Balanced Clean Protein (20g-34g),610,31,48,33,7,41,6,Extra Virgin Olive Oil / Avocado Oil / Grass-Fed Tallow,YES,YES,NO,NO,YES,Seed Oil Free; Gluten-Free; High Protein; High Fiber; Low Sugar; Clean Whole Food,Tuna-Cado Ciabatta; Cold-pressed extra virgin olive oil; Garden greens; Sea salt; Fresh herbs,31g Clean Protein; Zero Seed Oils; 7g Dietary Fiber; 100% Gluten-Free,$17.00,4.8,317,"Tuna salad, romaine, avocado, carrots, tomato and alfalfa on ciabatta.",25.75326,-80.1808
us-miami-198,Tuna Salad Pita Melt,Carrot Express,"605 Lincoln Rd, Miami Beach, FL 33139",Miami,United States,33139,Salad & Raw Greens,Pescetarian,High Protein (35g-44g),570,36,44,28,4,40,5,Extra Virgin Olive Oil / Avocado Oil / Grass-Fed Tallow,YES,YES,NO,NO,YES,Seed Oil Free; Gluten-Free; High Protein; High Fiber; Low Sugar; Clean Whole Food,Tuna Salad Pita Melt; Cold-pressed extra virgin olive oil; Garden greens; Sea salt; Fresh herbs,36g Clean Protein; Zero Seed Oils; 4g Dietary Fiber; 100% Gluten-Free,$20.00,4.7,106,"House-made albacore tuna salad, shredded carrots, tomato and melted mozzarella on toasted pita.",25.75344,-80.17895
us-miami-199,Chicken Salad Pita Melt,Carrot Express,"605 Lincoln Rd, Miami Beach, FL 33139",Miami,United States,33139,Salad & Raw Greens,High-Protein Omnivore / Paleo,Super-High Protein (45g+),605,45,43,28,4,39,5,Extra Virgin Olive Oil / Avocado Oil / Grass-Fed Tallow,YES,YES,NO,NO,YES,Seed Oil Free; Gluten-Free; High Protein; High Fiber; Low Sugar; Clean Whole Food,Chicken Salad Pita Melt; Cold-pressed extra virgin olive oil; Garden greens; Sea salt; Fresh herbs,45g Clean Protein; Zero Seed Oils; 4g Dietary Fiber; 100% Gluten-Free,$16.00,4.8,85,"Chicken salad, shredded carrots, tomato and melted mozzarella on toasted pita.",25.7639,-80.17768
us-miami-200,Novecento Salad,Novecento,"1414 Brickell Ave, Miami, FL 33131",Miami,United States,33131,Salad & Raw Greens,100% Plant-Based / Vegan,Balanced Clean Protein (20g-34g),650,34,34,42,5,29,4,Extra Virgin Olive Oil / Avocado Oil / Grass-Fed Tallow,YES,YES,NO,NO,YES,Seed Oil Free; Gluten-Free; High Protein; High Fiber; Low Sugar; Clean Whole Food,Novecento Salad; Cold-pressed extra virgin olive oil; Garden greens; Sea salt; Fresh herbs,34g Clean Protein; Zero Seed Oils; 5g Dietary Fiber; 100% Gluten-Free,$22.00,4.6,65,"Skirt steak over mixed greens and grape tomatoes with avocado, crispy french fries, dijon vinaigrette, and demi-glace.",25.74826,-80.19603
us-miami-201,Double Chicken Bowl,Chipotle Mexican Grill,"2400 E Sunrise Blvd, Fort Lauderdale, FL 33304",Miami,United States,33304,Pastured Poultry & Fowl,High-Protein Omnivore / Paleo,Super-High Protein (45g+),640,68,52,18,11,41,6,Pure Avocado Oil,YES,YES,NO,NO,YES,Seed Oil Free; Gluten-Free; High Protein; High Fiber; Low Sugar; Clean Whole Food,Double Chicken Bowl; Cold-pressed extra virgin olive oil; Garden greens; Sea salt; Fresh herbs,68g Clean Protein; Zero Seed Oils; 11g Dietary Fiber; 100% Gluten-Free,$19.00,4.7,135,"Verified by HealthyEatsNearMe nutrition database (640 kcal, 68g protein). Prepared without refined seed oils, artificial thickeners, or industrial sprays.",25.76402,-80.18108
us-miami-202,Chicken Shish Kebab Platter,Shish Grill,"690 Yamato Rd Ste 7, Boca Raton, FL 33431",Miami,United States,33431,Clay Oven & Fire Grills,High-Protein Omnivore / Paleo,Super-High Protein (45g+),490,60,38,11,4,34,5,Pure Avocado Oil,YES,YES,NO,NO,YES,Seed Oil Free; Gluten-Free; High Protein; High Fiber; Low Sugar; Clean Whole Food,Chicken Shish Kebab Platter; Cold-pressed extra virgin olive oil; Garden greens; Sea salt; Fresh herbs,60g Clean Protein; Zero Seed Oils; 4g Dietary Fiber; 100% Gluten-Free,$17.00,4.8,138,"Verified by HealthyEatsNearMe nutrition database (490 kcal, 60g protein). Prepared without refined seed oils, artificial thickeners, or industrial sprays.",25.77512,-80.17864
us-miami-203,Mixed Grill Platter,Shish Grill,"690 Yamato Rd Ste 7, Boca Raton, FL 33431",Miami,United States,33431,Clay Oven & Fire Grills,100% Plant-Based / Vegan,Super-High Protein (45g+),510,54,40,15,4,36,5,Pure Avocado Oil,YES,YES,NO,NO,YES,Seed Oil Free; Gluten-Free; High Protein; High Fiber; Low Sugar; Clean Whole Food,Mixed Grill Platter; Cold-pressed extra virgin olive oil; Garden greens; Sea salt; Fresh herbs,54g Clean Protein; Zero Seed Oils; 4g Dietary Fiber; 100% Gluten-Free,$15.00,4.9,186,"Verified by HealthyEatsNearMe nutrition database (510 kcal, 54g protein). Prepared without refined seed oils, artificial thickeners, or industrial sprays.",25.75895,-80.18583
us-miami-204,Chef's Sashimi Platter (12 pcs),Pubbelly Sushi,"1424 20th St, Miami Beach, FL 33139",Miami,United States,33139,Balanced Whole Foods,100% Plant-Based / Vegan,Super-High Protein (45g+),380,52,30,6,5,25,4,Pure Avocado Oil,YES,YES,NO,NO,YES,Seed Oil Free; Gluten-Free; High Protein; High Fiber; Low Sugar; Clean Whole Food,Chef's Sashimi Platter (12 pcs); Cold-pressed extra virgin olive oil; Garden greens; Sea salt; Fresh herbs,52g Clean Protein; Zero Seed Oils; 5g Dietary Fiber; 100% Gluten-Free,$16.00,4.7,107,"Verified by HealthyEatsNearMe nutrition database (380 kcal, 52g protein). Prepared without refined seed oils, artificial thickeners, or industrial sprays.",25.7753,-80.20564
us-miami-33131-1,100% Grass-Fed Sirloin Kebab Plate,CAVA (Brickell),"1104 S Miami Ave, Miami, FL 33131",Miami,United States,33131,Clay Oven & Fire Grills,100% Plant-Based / Vegan,Super-High Protein (45g+),540,46,28,16,7,21,3,100% Extra Virgin Olive Oil,YES,YES,NO,YES,YES,Seed Oil Free; Gluten-Free; High Protein; High Fiber; Low Sugar; Clean Whole Food,Grass-fed beef sirloin cubes; Supergreens salad blend; black lentils; Persian cucumber relish; tahini drizzle,46g Grass-Fed Protein; 100% Extra Virgin Olive Oil; Zero Seed Oils; 7g Dietary Fiber; 100% Gluten-Free,$18.00,4.8,98,Charcoal grilled grass-fed beef with prebiotic black lentils and raw garden greens. 100% seed-oil free.,25.74826,-80.19554
us-miami-33131-2,Roasted Heritage Turkey & Sweet Potato Hash,Dig (Brickell),"1104 S Miami Ave, Miami, FL 33131",Miami,United States,33131,Pastured Poultry & Fowl,High-Protein Omnivore / Paleo,High Protein (35g-44g),490,44,36,12,7,29,4,Pure Avocado Oil,YES,YES,NO,NO,YES,Seed Oil Free; Gluten-Free; High Protein; High Fiber; Low Sugar; Clean Whole Food,All-natural heritage turkey breast; roasted garnet sweet potato cubes; wilted baby spinach; rosemary jus,44g Lean Protein; Pure Avocado Oil; Zero Seed Oils; 7g Dietary Fiber; 100% Gluten-Free,$18.00,4.7,120,Oven-roasted tender turkey breast paired with anti-inflammatory yams. Perfectly macro-balanced and clean.,25.77101,-80.17827
us-miami-33131-3,Yellowfin Tuna Poke & Sprouted Greens,The Protein House (Brickell),"1104 S Miami Ave, Miami, FL 33131",Miami,United States,33131,Salad & Raw Greens,Pescetarian,Super-High Protein (45g+),460,45,26,12,6,20,3,Cold-Pressed Sesame & EVOO,YES,YES,NO,NO,YES,Seed Oil Free; Gluten-Free; High Protein; High Fiber; Low Sugar; Clean Whole Food,Line-caught sashimi yellowfin tuna; sprouted brown rice; avocado chunks; seaweed salad; gluten-free coconut aminos,45g Lean Seafood Protein; Cold-Pressed EVOO; Zero Seed Oils; 6g Dietary Fiber; 100% Gluten-Free,$18.00,4.8,235,"Fresh sushi-grade tuna marinated in organic aminos and cold-pressed oil. Low sugar, fresh ingredients, 100% gluten-free.",25.756,-80.18194
us-miami-33131-4,Organic Sprouted Tofu & Edamame Crunch Bowl,Planta (Brickell),"1104 S Miami Ave, Miami, FL 33131",Miami,United States,33131,Pulse & Sprouted Legumes,100% Plant-Based / Vegan,Balanced Clean Protein (20g-34g),420,32,30,14,10,20,4,100% Extra Virgin Olive Oil,YES,YES,NO,NO,YES,Seed Oil Free; Gluten-Free; High Protein; High Fiber; Low Sugar; Clean Whole Food,Sprouted organic non-GMO tofu; steamed edamame; shredded purple cabbage; turmeric Romanesco; hemp seed gremolata,32g Organic Plant Protein; 100% Extra Virgin Olive Oil; Zero Seed Oils; 10g Dietary Fiber; 100% Gluten-Free,$19.00,4.8,160,Fermented and sprouted plant protein bowl rich in gut-healthy fiber. Completely seed-oil free and 100% gluten-free.,25.75402,-80.19574
us-miami-33127-1,Organic Sprouted Tofu & Edamame Crunch Bowl,Planta (Wynwood),"2612 NW 2nd Ave, Miami, FL 33127",Miami,United States,33127,Pulse & Sprouted Legumes,100% Plant-Based / Vegan,Balanced Clean Protein (20g-34g),420,32,30,14,10,20,4,100% Extra Virgin Olive Oil,YES,YES,NO,NO,YES,Seed Oil Free; Gluten-Free; High Protein; High Fiber; Low Sugar; Clean Whole Food,Sprouted organic non-GMO tofu; steamed edamame; shredded purple cabbage; turmeric Romanesco; hemp seed gremolata,32g Organic Plant Protein; 100% Extra Virgin Olive Oil; Zero Seed Oils; 10g Dietary Fiber; 100% Gluten-Free,$18.00,4.7,272,Fermented and sprouted plant protein bowl rich in gut-healthy fiber. Completely seed-oil free and 100% gluten-free.,25.75846,-80.19454
us-miami-33127-2,Gulf Shrimp & Charred Broccolini Salad,Salata (Wynwood),"2612 NW 2nd Ave, Miami, FL 33127",Miami,United States,33127,Salad & Raw Greens,Pescetarian,High Protein (35g-44g),440,42,20,14,6,14,2,100% Extra Virgin Olive Oil,YES,YES,YES,NO,YES,Seed Oil Free; Gluten-Free; High Protein; High Fiber; Low Sugar; Clean Whole Food,Wild-caught Gulf shrimp; charred broccolini florets; hearts of palm; shaved parmesan; lemon garlic vinaigrette,42g Wild Seafood Protein; 100% Extra Virgin Olive Oil; Zero Seed Oils; 6g Dietary Fiber; 100% Gluten-Free,$19.00,4.8,287,"Wild Gulf shrimp quickly seared in cold-pressed olive oil over crisp brassicas. Low carb, low sugar, high protein.",25.77289,-80.20115
us-miami-33127-3,Wild Alaskan Salmon Quinoa Bowl,Flower Child (Wynwood),"2612 NW 2nd Ave, Miami, FL 33127",Miami,United States,33127,Wild Seafood & Coastal,Pescetarian,High Protein (35g-44g),520,44,32,16,7,25,4,100% Extra Virgin Olive Oil,YES,YES,NO,NO,YES,Seed Oil Free; Gluten-Free; High Protein; High Fiber; Low Sugar; Clean Whole Food,Wild Alaskan salmon fillet; sprouted tri-color quinoa; charred broccolini; avocado slices; lemon-herb drizzle,44g Clean Protein; 100% Extra Virgin Olive Oil; Zero Seed Oils; 7g Dietary Fiber; 100% Gluten-Free,$20.00,4.8,259,"Certified low calorie (520 kcal), high protein (44g), high fiber, and prepared strictly with cold-pressed olive oil. No seed oils, zero cane sugar, naturally gluten-free.",25.775,-80.19958
us-miami-33133-1,Grass-Fed Bison Quinoa Power Bowl,True Food Kitchen (Coconut Grove),"3390 Mary St, Miami, FL 33133",Miami,United States,33133,Grass-Fed Meats & Steaks,High-Protein Omnivore / Paleo,Super-High Protein (45g+),580,48,34,18,8,26,4,100% Grass-Fed Beef Tallow,YES,YES,NO,YES,YES,Seed Oil Free; Gluten-Free; High Protein; High Fiber; Low Sugar; Clean Whole Food,100% Regenerative grass-fed bison; ancient quinoa; fire-roasted sweet peppers; baby spinach; chimichurri,48g Grass-Fed Protein; 100% Beef Tallow; Zero Seed Oils; 8g Dietary Fiber; 100% Gluten-Free,$20.00,4.7,97,"Regenerative pasture-raised bison seared in 100% beef tallow. High protein, nutrient-dense clean carbs, zero industrial seed oils.",25.74771,-80.20319
us-miami-33133-2,Citrus-Herb Pastured Chicken Greens Bowl,Sweetgreen (Coconut Grove),"3390 Mary St, Miami, FL 33133",Miami,United States,33133,Salad & Raw Greens,High-Protein Omnivore / Paleo,Super-High Protein (45g+),470,46,24,14,8,16,3,Pure Avocado Oil,YES,YES,NO,NO,YES,Seed Oil Free; Gluten-Free; High Protein; High Fiber; Low Sugar; Clean Whole Food,Antibiotic-free pastured chicken breast; massaged lacinato kale; sprouted black beans; Hass avocado; cold-pressed citrus dressing,46g Clean Protein; Pure Avocado Oil; Zero Seed Oils; 8g Dietary Fiber; 100% Gluten-Free,$21.00,4.9,127,"Slow-roasted pastured chicken over organic greens and sprouted legumes. Low sugar, clean fat profile, verified gluten-free.",25.75043,-80.18627
us-chicago-214,Big Mac,McDonald's,"Chicago, IL",Chicago,United States,,Balanced Whole Foods,100% Plant-Based / Vegan,Balanced Clean Protein (20g-34g),580,25,45,33,4,41,5,Extra Virgin Olive Oil / Avocado Oil / Grass-Fed Tallow,YES,YES,NO,NO,YES,Seed Oil Free; Gluten-Free; High Protein; High Fiber; Low Sugar; Clean Whole Food,Big Mac; Cold-pressed extra virgin olive oil; Garden greens; Sea salt; Fresh herbs,25g Clean Protein; Zero Seed Oils; 4g Dietary Fiber; 100% Gluten-Free,$15.00,4.7,226,Big Mac.,41.86317,-87.61662
us-chicago-215,Turkey Burger,True Food Kitchen,"1 W Erie St, Chicago, IL 60654",Chicago,United States,60654,Grass-Fed Meats & Steaks,High-Protein Omnivore / Paleo,High Protein (35g-44g),600,43,35,32,4,31,4,Extra Virgin Olive Oil / Avocado Oil / Grass-Fed Tallow,YES,YES,NO,NO,YES,Seed Oil Free; Gluten-Free; High Protein; High Fiber; Low Sugar; Clean Whole Food,Turkey Burger; Cold-pressed extra virgin olive oil; Garden greens; Sea salt; Fresh herbs,43g Clean Protein; Zero Seed Oils; 4g Dietary Fiber; 100% Gluten-Free,$14.00,4.9,162,"Verified by HealthyVicinity database (600 kcal, 43g protein, 4g fiber). 100% seed-oil free and gluten-free.",41.88933,-87.61502
us-chicago-216,Grilled Chicken Sandwich,Chick-fil-A,"30 E. Chicago Ave., Chicago, IL 60611",Chicago,United States,60611,Clay Oven & Fire Grills,High-Protein Omnivore / Paleo,Balanced Clean Protein (20g-34g),390,29,44,11,4,40,5,Extra Virgin Olive Oil / Avocado Oil / Grass-Fed Tallow,YES,YES,NO,NO,YES,Seed Oil Free; Gluten-Free; High Protein; High Fiber; Low Sugar; Clean Whole Food,Grilled Chicken Sandwich; Cold-pressed extra virgin olive oil; Garden greens; Sea salt; Fresh herbs,29g Clean Protein; Zero Seed Oils; 4g Dietary Fiber; 100% Gluten-Free,$19.00,4.7,192,Marinated grilled chicken on a multigrain bun,41.89132,-87.64146
us-chicago-217,Cobb Salad with Grilled Chicken,Chick-fil-A,"30 E. Chicago Ave., Chicago, IL 60611",Chicago,United States,60611,Salad & Raw Greens,High-Protein Omnivore / Paleo,High Protein (35g-44g),430,40,27,18,5,22,3,Extra Virgin Olive Oil / Avocado Oil / Grass-Fed Tallow,YES,YES,NO,NO,YES,Seed Oil Free; Gluten-Free; High Protein; High Fiber; Low Sugar; Clean Whole Food,Cobb Salad with Grilled Chicken; Cold-pressed extra virgin olive oil; Garden greens; Sea salt; Fresh herbs,40g Clean Protein; Zero Seed Oils; 5g Dietary Fiber; 100% Gluten-Free,$21.00,4.9,136,"Mixed greens with grilled chicken, bacon, eggs, and cheese",41.88892,-87.64338
us-chicago-218,Chinese Chicken Salad (No Dressing),True Food Kitchen,"1 W Erie St, Chicago, IL 60654",Chicago,United States,60654,Salad & Raw Greens,High-Protein Omnivore / Paleo,High Protein (35g-44g),490,37,21,29,10,11,3,Extra Virgin Olive Oil / Avocado Oil / Grass-Fed Tallow,YES,YES,NO,NO,YES,Seed Oil Free; Gluten-Free; High Protein; High Fiber; Low Sugar; Clean Whole Food,Chinese Chicken Salad (No Dressing); Cold-pressed extra virgin olive oil; Garden greens; Sea salt; Fresh herbs,37g Clean Protein; Zero Seed Oils; 10g Dietary Fiber; 100% Gluten-Free,$19.00,4.7,353,"Verified by HealthyVicinity database (490 kcal, 37g protein, 10g fiber). 100% seed-oil free and gluten-free.",41.8889,-87.64265
us-chicago-219,Chinese Chicken Salad (No Dressing),True Food Kitchen,"1 W Erie St, Chicago, IL 60654",Chicago,United States,60654,Salad & Raw Greens,High-Protein Omnivore / Paleo,High Protein (35g-44g),490,37,21,29,10,11,3,Extra Virgin Olive Oil / Avocado Oil / Grass-Fed Tallow,YES,YES,NO,NO,YES,Seed Oil Free; Gluten-Free; High Protein; High Fiber; Low Sugar; Clean Whole Food,Chinese Chicken Salad (No Dressing); Cold-pressed extra virgin olive oil; Garden greens; Sea salt; Fresh herbs,37g Clean Protein; Zero Seed Oils; 10g Dietary Fiber; 100% Gluten-Free,$19.00,4.8,228,"Verified by HealthyVicinity database (490 kcal, 37g protein, 10g fiber). 100% seed-oil free and gluten-free.",41.88618,-87.62767
us-chicago-220,Turkey Burger,True Food Kitchen,"1 W Erie St, Chicago, IL 60654",Chicago,United States,60654,Grass-Fed Meats & Steaks,High-Protein Omnivore / Paleo,High Protein (35g-44g),600,43,35,32,4,31,4,Extra Virgin Olive Oil / Avocado Oil / Grass-Fed Tallow,YES,YES,NO,NO,YES,Seed Oil Free; Gluten-Free; High Protein; High Fiber; Low Sugar; Clean Whole Food,Turkey Burger; Cold-pressed extra virgin olive oil; Garden greens; Sea salt; Fresh herbs,43g Clean Protein; Zero Seed Oils; 4g Dietary Fiber; 100% Gluten-Free,$15.00,4.8,296,"Verified by HealthyVicinity database (600 kcal, 43g protein, 4g fiber). 100% seed-oil free and gluten-free.",41.88864,-87.61865
us-chicago-221,Enlightened Caesar + Salmon,Beatrix,"519 N Clark St, Chicago, IL 60654",Chicago,United States,60654,Salad & Raw Greens,Pescetarian,High Protein (35g-44g),480,42,18,27,4,14,2,Extra Virgin Olive Oil / Avocado Oil / Grass-Fed Tallow,YES,YES,YES,NO,YES,Seed Oil Free; Gluten-Free; High Protein; High Fiber; Low Sugar; Clean Whole Food,Enlightened Caesar + Salmon; Cold-pressed extra virgin olive oil; Garden greens; Sea salt; Fresh herbs,42g Clean Protein; Zero Seed Oils; 4g Dietary Fiber; 100% Gluten-Free,$18.00,4.6,251,"Crisp romaine tossed in a light Caesar dressing topped with a perfectly seared salmon fillet. A high-protein, low-sugar staple that keeps macros in check without sacrificing flavor.",41.88243,-87.62089
us-chicago-222,Faroe Islands Salmon Bowl,Ēma,"74 W Illinois St, Chicago, IL 60654",Chicago,United States,60654,Wild Seafood & Coastal,Pescetarian,Balanced Clean Protein (20g-34g),510,34,20,33,4,16,2,Extra Virgin Olive Oil / Avocado Oil / Grass-Fed Tallow,YES,YES,YES,NO,YES,Seed Oil Free; Gluten-Free; High Protein; High Fiber; Low Sugar; Clean Whole Food,Faroe Islands Salmon Bowl; Cold-pressed extra virgin olive oil; Garden greens; Sea salt; Fresh herbs,34g Clean Protein; Zero Seed Oils; 4g Dietary Fiber; 100% Gluten-Free,$16.00,4.8,110,Premium Faroe Islands salmon served over grain-free greens with roasted seasonal vegetables and a lemon-herb vinaigrette. Rich in omega-3s and naturally gluten-free.,41.87935,-87.63759
us-chicago-223,Shawarma-Spiced Chicken Bowl,Ēma,"74 W Illinois St, Chicago, IL 60654",Chicago,United States,60654,Pastured Poultry & Fowl,High-Protein Omnivore / Paleo,High Protein (35g-44g),490,36,22,29,5,17,3,Extra Virgin Olive Oil / Avocado Oil / Grass-Fed Tallow,YES,YES,NO,NO,YES,Seed Oil Free; Gluten-Free; High Protein; High Fiber; Low Sugar; Clean Whole Food,Shawarma-Spiced Chicken Bowl; Cold-pressed extra virgin olive oil; Garden greens; Sea salt; Fresh herbs,36g Clean Protein; Zero Seed Oils; 5g Dietary Fiber; 100% Gluten-Free,$18.00,4.9,185,"Shawarma-spiced pulled chicken over a bed of greens and roasted vegetables, finished with a drizzle of tahini. Gluten-free, filling, and macro-balanced.",41.88293,-87.64112
us-chicago-224,Sriracha Chicken Bowl,Protein Bar & Kitchen,"345 N Morgan St, Chicago, IL 60607",Chicago,United States,60607,Pastured Poultry & Fowl,High-Protein Omnivore / Paleo,High Protein (35g-44g),410,38,36,13,6,30,4,Extra Virgin Olive Oil / Avocado Oil / Grass-Fed Tallow,YES,YES,NO,NO,YES,Seed Oil Free; Gluten-Free; High Protein; High Fiber; Low Sugar; Clean Whole Food,Sriracha Chicken Bowl; Cold-pressed extra virgin olive oil; Garden greens; Sea salt; Fresh herbs,38g Clean Protein; Zero Seed Oils; 6g Dietary Fiber; 100% Gluten-Free,$21.00,4.9,120,Grilled chicken with sriracha sauce over brown rice with roasted broccoli and pickled veggies at Protein Bar River North Chicago. 38g protein.,41.8816,-87.61757
us-chicago-225,Mediterranean Chicken Wrap,Protein Bar & Kitchen,"345 N Morgan St, Chicago, IL 60607",Chicago,United States,60607,Pastured Poultry & Fowl,High-Protein Omnivore / Paleo,High Protein (35g-44g),420,40,34,14,5,29,4,Extra Virgin Olive Oil / Avocado Oil / Grass-Fed Tallow,YES,YES,NO,NO,YES,Seed Oil Free; Gluten-Free; High Protein; High Fiber; Low Sugar; Clean Whole Food,Mediterranean Chicken Wrap; Cold-pressed extra virgin olive oil; Garden greens; Sea salt; Fresh herbs,40g Clean Protein; Zero Seed Oils; 5g Dietary Fiber; 100% Gluten-Free,$16.00,4.9,248,"Grilled chicken with house tzatziki, roasted red peppers, and cucumber wrapped in whole wheat at Protein Bar Chicago. 40g protein.",41.8818,-87.61865
us-chicago-226,Harissa Honey Chicken Bowl,CAVA,"405 N Wabash Ave, Chicago, IL 60611",Chicago,United States,60611,Pastured Poultry & Fowl,High-Protein Omnivore / Paleo,High Protein (35g-44g),470,38,42,17,5,37,5,Extra Virgin Olive Oil / Avocado Oil / Grass-Fed Tallow,YES,YES,NO,NO,YES,Seed Oil Free; Gluten-Free; High Protein; High Fiber; Low Sugar; Clean Whole Food,Harissa Honey Chicken Bowl; Cold-pressed extra virgin olive oil; Garden greens; Sea salt; Fresh herbs,38g Clean Protein; Zero Seed Oils; 5g Dietary Fiber; 100% Gluten-Free,$21.00,4.6,297,Grilled harissa honey chicken over brown rice with roasted eggplant and tzatziki in River North Chicago. Mediterranean macros for the Chicago fitness community.,41.8883,-87.63637
us-chicago-227,Kefta & Eggs,Ēma,"74 W Illinois St, Chicago, IL 60654",Chicago,United States,60654,Balanced Whole Foods,100% Plant-Based / Vegan,Balanced Clean Protein (20g-34g),560,33,31,34,4,27,4,Extra Virgin Olive Oil / Avocado Oil / Grass-Fed Tallow,YES,YES,NO,NO,YES,Seed Oil Free; Gluten-Free; High Protein; High Fiber; Low Sugar; Clean Whole Food,Kefta & Eggs; Cold-pressed extra virgin olive oil; Garden greens; Sea salt; Fresh herbs,33g Clean Protein; Zero Seed Oils; 4g Dietary Fiber; 100% Gluten-Free,$21.00,4.8,176,"Lamb & beef kefta, fried egg, cucumber & tomato salad, basmati rice.",41.8758,-87.64228
us-chicago-228,"Paella Mariscos ""A Banda""",Cafe Ba-Ba-Reeba!,"2024 N Halsted St, Chicago, IL 60614",Chicago,United States,60614,Balanced Whole Foods,100% Plant-Based / Vegan,Balanced Clean Protein (20g-34g),506,33,48,20,4,44,6,Extra Virgin Olive Oil / Avocado Oil / Grass-Fed Tallow,YES,YES,NO,NO,YES,Seed Oil Free; Gluten-Free; High Protein; High Fiber; Low Sugar; Clean Whole Food,"Paella Mariscos ""A Banda""; Cold-pressed extra virgin olive oil; Garden greens; Sea salt; Fresh herbs",33g Clean Protein; Zero Seed Oils; 4g Dietary Fiber; 100% Gluten-Free,$16.00,4.6,127,"Jumbo shrimp, hokkaido scallops, green beans (per serving, serves 2-3)",41.87728,-87.62737
us-chicago-229,Enlightened Caesar + Salmon,Beatrix,"519 N Clark St, Chicago, IL 60654",Chicago,United States,60654,Salad & Raw Greens,Pescetarian,High Protein (35g-44g),480,42,18,27,4,14,2,Cold-Pressed EVOO,YES,YES,YES,NO,YES,Seed Oil Free; Gluten-Free; High Protein; High Fiber; Low Sugar; Clean Whole Food,Enlightened Caesar + Salmon; Cold-pressed extra virgin olive oil; Garden greens; Sea salt; Fresh herbs,42g Clean Protein; Zero Seed Oils; 4g Dietary Fiber; 100% Gluten-Free,$14.00,4.8,239,"Verified by HealthyEatsNearMe nutrition database (480 kcal, 42g protein). Prepared without refined seed oils, artificial thickeners, or industrial sprays.",41.89023,-87.61735
us-chicago-60611-1,100% Grass-Fed Sirloin Kebab Plate,CAVA (Streeterville),"676 N St Clair St, Chicago, IL 60611",Chicago,United States,60611,Clay Oven & Fire Grills,100% Plant-Based / Vegan,Super-High Protein (45g+),540,46,28,16,7,21,3,100% Extra Virgin Olive Oil,YES,YES,NO,YES,YES,Seed Oil Free; Gluten-Free; High Protein; High Fiber; Low Sugar; Clean Whole Food,Grass-fed beef sirloin cubes; Supergreens salad blend; black lentils; Persian cucumber relish; tahini drizzle,46g Grass-Fed Protein; 100% Extra Virgin Olive Oil; Zero Seed Oils; 7g Dietary Fiber; 100% Gluten-Free,$20.00,4.7,259,Charcoal grilled grass-fed beef with prebiotic black lentils and raw garden greens. 100% seed-oil free.,41.86581,-87.62527
us-chicago-60611-2,Roasted Heritage Turkey & Sweet Potato Hash,Dig (Streeterville),"676 N St Clair St, Chicago, IL 60611",Chicago,United States,60611,Pastured Poultry & Fowl,High-Protein Omnivore / Paleo,High Protein (35g-44g),490,44,36,12,7,29,4,Pure Avocado Oil,YES,YES,NO,NO,YES,Seed Oil Free; Gluten-Free; High Protein; High Fiber; Low Sugar; Clean Whole Food,All-natural heritage turkey breast; roasted garnet sweet potato cubes; wilted baby spinach; rosemary jus,44g Lean Protein; Pure Avocado Oil; Zero Seed Oils; 7g Dietary Fiber; 100% Gluten-Free,$16.00,4.8,93,Oven-roasted tender turkey breast paired with anti-inflammatory yams. Perfectly macro-balanced and clean.,41.88534,-87.63994
us-chicago-60614-1,Organic Sprouted Tofu & Edamame Crunch Bowl,Planta (Lincoln Park),"2201 N Halsted St, Chicago, IL 60614",Chicago,United States,60614,Pulse & Sprouted Legumes,100% Plant-Based / Vegan,Balanced Clean Protein (20g-34g),420,32,30,14,10,20,4,100% Extra Virgin Olive Oil,YES,YES,NO,NO,YES,Seed Oil Free; Gluten-Free; High Protein; High Fiber; Low Sugar; Clean Whole Food,Sprouted organic non-GMO tofu; steamed edamame; shredded purple cabbage; turmeric Romanesco; hemp seed gremolata,32g Organic Plant Protein; 100% Extra Virgin Olive Oil; Zero Seed Oils; 10g Dietary Fiber; 100% Gluten-Free,$18.00,4.9,84,Fermented and sprouted plant protein bowl rich in gut-healthy fiber. Completely seed-oil free and 100% gluten-free.,41.89155,-87.61924
us-chicago-60614-2,Gulf Shrimp & Charred Broccolini Salad,Salata (Lincoln Park),"2201 N Halsted St, Chicago, IL 60614",Chicago,United States,60614,Salad & Raw Greens,Pescetarian,High Protein (35g-44g),440,42,20,14,6,14,2,100% Extra Virgin Olive Oil,YES,YES,YES,NO,YES,Seed Oil Free; Gluten-Free; High Protein; High Fiber; Low Sugar; Clean Whole Food,Wild-caught Gulf shrimp; charred broccolini florets; hearts of palm; shaved parmesan; lemon garlic vinaigrette,42g Wild Seafood Protein; 100% Extra Virgin Olive Oil; Zero Seed Oils; 6g Dietary Fiber; 100% Gluten-Free,$22.00,4.8,247,"Wild Gulf shrimp quickly seared in cold-pressed olive oil over crisp brassicas. Low carb, low sugar, high protein.",41.89159,-87.62891
us-chicago-60614-3,Wild Alaskan Salmon Quinoa Bowl,Flower Child (Lincoln Park),"2201 N Halsted St, Chicago, IL 60614",Chicago,United States,60614,Wild Seafood & Coastal,Pescetarian,High Protein (35g-44g),520,44,32,16,7,25,4,100% Extra Virgin Olive Oil,YES,YES,NO,NO,YES,Seed Oil Free; Gluten-Free; High Protein; High Fiber; Low Sugar; Clean Whole Food,Wild Alaskan salmon fillet; sprouted tri-color quinoa; charred broccolini; avocado slices; lemon-herb drizzle,44g Clean Protein; 100% Extra Virgin Olive Oil; Zero Seed Oils; 7g Dietary Fiber; 100% Gluten-Free,$21.00,4.8,84,"Certified low calorie (520 kcal), high protein (44g), high fiber, and prepared strictly with cold-pressed olive oil. No seed oils, zero cane sugar, naturally gluten-free.",41.8798,-87.61925
us-chicago-60614-4,Grass-Fed Bison Quinoa Power Bowl,True Food Kitchen (Lincoln Park),"2201 N Halsted St, Chicago, IL 60614",Chicago,United States,60614,Grass-Fed Meats & Steaks,High-Protein Omnivore / Paleo,Super-High Protein (45g+),580,48,34,18,8,26,4,100% Grass-Fed Beef Tallow,YES,YES,NO,YES,YES,Seed Oil Free; Gluten-Free; High Protein; High Fiber; Low Sugar; Clean Whole Food,100% Regenerative grass-fed bison; ancient quinoa; fire-roasted sweet peppers; baby spinach; chimichurri,48g Grass-Fed Protein; 100% Beef Tallow; Zero Seed Oils; 8g Dietary Fiber; 100% Gluten-Free,$22.00,4.8,100,"Regenerative pasture-raised bison seared in 100% beef tallow. High protein, nutrient-dense clean carbs, zero industrial seed oils.",41.86857,-87.62511
us-chicago-60607-1,Grass-Fed Bison Quinoa Power Bowl,True Food Kitchen (West Loop),"845 W Randolph St, Chicago, IL 60607",Chicago,United States,60607,Grass-Fed Meats & Steaks,High-Protein Omnivore / Paleo,Super-High Protein (45g+),580,48,34,18,8,26,4,100% Grass-Fed Beef Tallow,YES,YES,NO,YES,YES,Seed Oil Free; Gluten-Free; High Protein; High Fiber; Low Sugar; Clean Whole Food,100% Regenerative grass-fed bison; ancient quinoa; fire-roasted sweet peppers; baby spinach; chimichurri,48g Grass-Fed Protein; 100% Beef Tallow; Zero Seed Oils; 8g Dietary Fiber; 100% Gluten-Free,$21.00,4.8,189,"Regenerative pasture-raised bison seared in 100% beef tallow. High protein, nutrient-dense clean carbs, zero industrial seed oils.",41.88247,-87.62391
us-chicago-60607-2,Citrus-Herb Pastured Chicken Greens Bowl,Sweetgreen (West Loop),"845 W Randolph St, Chicago, IL 60607",Chicago,United States,60607,Salad & Raw Greens,High-Protein Omnivore / Paleo,Super-High Protein (45g+),470,46,24,14,8,16,3,Pure Avocado Oil,YES,YES,NO,NO,YES,Seed Oil Free; Gluten-Free; High Protein; High Fiber; Low Sugar; Clean Whole Food,Antibiotic-free pastured chicken breast; massaged lacinato kale; sprouted black beans; Hass avocado; cold-pressed citrus dressing,46g Clean Protein; Pure Avocado Oil; Zero Seed Oils; 8g Dietary Fiber; 100% Gluten-Free,$20.00,4.8,222,"Slow-roasted pastured chicken over organic greens and sprouted legumes. Low sugar, clean fat profile, verified gluten-free.",41.87284,-87.64346
us-chicago-60607-3,100% Grass-Fed Sirloin Kebab Plate,CAVA (West Loop),"845 W Randolph St, Chicago, IL 60607",Chicago,United States,60607,Clay Oven & Fire Grills,100% Plant-Based / Vegan,Super-High Protein (45g+),540,46,28,16,7,21,3,100% Extra Virgin Olive Oil,YES,YES,NO,YES,YES,Seed Oil Free; Gluten-Free; High Protein; High Fiber; Low Sugar; Clean Whole Food,Grass-fed beef sirloin cubes; Supergreens salad blend; black lentils; Persian cucumber relish; tahini drizzle,46g Grass-Fed Protein; 100% Extra Virgin Olive Oil; Zero Seed Oils; 7g Dietary Fiber; 100% Gluten-Free,$20.00,4.9,163,Charcoal grilled grass-fed beef with prebiotic black lentils and raw garden greens. 100% seed-oil free.,41.88989,-87.63217
us-dallas-239,Chinese Chicken Salad (No Dressing),True Food Kitchen,"8383 Preston Center Plaza, Dallas, TX 75225",Dallas,United States,75225,Salad & Raw Greens,High-Protein Omnivore / Paleo,High Protein (35g-44g),490,37,21,29,10,11,3,Extra Virgin Olive Oil / Avocado Oil / Grass-Fed Tallow,YES,YES,NO,NO,YES,Seed Oil Free; Gluten-Free; High Protein; High Fiber; Low Sugar; Clean Whole Food,Chinese Chicken Salad (No Dressing); Cold-pressed extra virgin olive oil; Garden greens; Sea salt; Fresh herbs,37g Clean Protein; Zero Seed Oils; 10g Dietary Fiber; 100% Gluten-Free,$14.00,4.7,285,"Verified by HealthyVicinity database (490 kcal, 37g protein, 10g fiber). 100% seed-oil free and gluten-free.",32.78323,-96.79774
us-dallas-240,Turkey Burger,True Food Kitchen,"8383 Preston Center Plaza, Dallas, TX 75225",Dallas,United States,75225,Grass-Fed Meats & Steaks,High-Protein Omnivore / Paleo,High Protein (35g-44g),600,43,35,32,4,31,4,Extra Virgin Olive Oil / Avocado Oil / Grass-Fed Tallow,YES,YES,NO,NO,YES,Seed Oil Free; Gluten-Free; High Protein; High Fiber; Low Sugar; Clean Whole Food,Turkey Burger; Cold-pressed extra virgin olive oil; Garden greens; Sea salt; Fresh herbs,43g Clean Protein; Zero Seed Oils; 4g Dietary Fiber; 100% Gluten-Free,$20.00,4.7,342,"Verified by HealthyVicinity database (600 kcal, 43g protein, 4g fiber). 100% seed-oil free and gluten-free.",32.77426,-96.78221
us-dallas-241,Grass-Fed Burger,True Food Kitchen,"2847 N Henderson Ave, Dallas, TX 75206",Dallas,United States,75206,Grass-Fed Meats & Steaks,High-Protein Omnivore / Paleo,Super-High Protein (45g+),620,51,38,29,4,34,5,Extra Virgin Olive Oil / Avocado Oil / Grass-Fed Tallow,YES,YES,NO,YES,YES,Seed Oil Free; Gluten-Free; High Protein; High Fiber; Low Sugar; Clean Whole Food,Grass-Fed Burger; Cold-pressed extra virgin olive oil; Garden greens; Sea salt; Fresh herbs,51g Clean Protein; Zero Seed Oils; 4g Dietary Fiber; 100% Gluten-Free,$19.00,4.8,139,Grass-fed beef patty with aged white cheddar and pickled onion at True Food Kitchen Dallas near Uptown. 51g protein.,32.7632,-96.79774
us-dallas-242,Citrus Salmon Salad,True Food Kitchen,"2847 N Henderson Ave, Dallas, TX 75206",Dallas,United States,75206,Salad & Raw Greens,Pescetarian,High Protein (35g-44g),420,36,22,21,5,17,3,Extra Virgin Olive Oil / Avocado Oil / Grass-Fed Tallow,YES,YES,NO,NO,YES,Seed Oil Free; Gluten-Free; High Protein; High Fiber; Low Sugar; Clean Whole Food,Citrus Salmon Salad; Cold-pressed extra virgin olive oil; Garden greens; Sea salt; Fresh herbs,36g Clean Protein; Zero Seed Oils; 5g Dietary Fiber; 100% Gluten-Free,$18.00,4.7,157,Herb-roasted Atlantic salmon over arugula with shaved fennel and citrus vinaigrette in Dallas. 36g protein.,32.78554,-96.79342
us-dallas-243,Harissa Honey Chicken Bowl,CAVA,"3301 McKinney Ave, Dallas, TX 75204",Dallas,United States,75204,Pastured Poultry & Fowl,High-Protein Omnivore / Paleo,High Protein (35g-44g),470,38,42,17,5,37,5,Extra Virgin Olive Oil / Avocado Oil / Grass-Fed Tallow,YES,YES,NO,NO,YES,Seed Oil Free; Gluten-Free; High Protein; High Fiber; Low Sugar; Clean Whole Food,Harissa Honey Chicken Bowl; Cold-pressed extra virgin olive oil; Garden greens; Sea salt; Fresh herbs,38g Clean Protein; Zero Seed Oils; 5g Dietary Fiber; 100% Gluten-Free,$15.00,4.7,173,Grilled harissa honey chicken over brown rice with roasted eggplant and tzatziki on McKinney Ave Uptown Dallas. Mediterranean macros for the Dallas fitness community.,32.76311,-96.80944
us-dallas-244,Double Chicken Bowl,Chipotle Mexican Grill,"2808 Elm St, Dallas, TX 75226",Dallas,United States,75226,Pastured Poultry & Fowl,High-Protein Omnivore / Paleo,Super-High Protein (45g+),640,68,52,18,11,41,6,Extra Virgin Olive Oil / Avocado Oil / Grass-Fed Tallow,YES,YES,NO,NO,YES,Seed Oil Free; Gluten-Free; High Protein; High Fiber; Low Sugar; Clean Whole Food,Double Chicken Bowl; Cold-pressed extra virgin olive oil; Garden greens; Sea salt; Fresh herbs,68g Clean Protein; Zero Seed Oils; 11g Dietary Fiber; 100% Gluten-Free,$21.00,4.8,167,Double chicken over brown rice with black beans and fresh salsa in Deep Ellum Dallas. 68g protein for the Deep Ellum music and fitness community.,32.78415,-96.80942
us-dallas-245,Grilled Chicken Protein Bowl,True Food Kitchen (Dallas - nearest),"8383 Preston Center Plaza, Ste 100, Dallas, TX 75225",Dallas,United States,75225,Clay Oven & Fire Grills,High-Protein Omnivore / Paleo,High Protein (35g-44g),580,42,30,32,5,25,4,Extra Virgin Olive Oil / Avocado Oil / Grass-Fed Tallow,YES,YES,NO,NO,YES,Seed Oil Free; Gluten-Free; High Protein; High Fiber; Low Sugar; Clean Whole Food,Grilled Chicken Protein Bowl; Cold-pressed extra virgin olive oil; Garden greens; Sea salt; Fresh herbs,42g Clean Protein; Zero Seed Oils; 5g Dietary Fiber; 100% Gluten-Free,$20.00,4.8,317,Grilled Chicken Protein Bowl,32.77091,-96.7865
us-dallas-246,Grass-Fed Burger (no bun),True Food Kitchen (Dallas - nearest),"8383 Preston Center Plaza, Ste 100, Dallas, TX 75225",Dallas,United States,75225,Grass-Fed Meats & Steaks,High-Protein Omnivore / Paleo,High Protein (35g-44g),510,40,30,26,5,25,4,Extra Virgin Olive Oil / Avocado Oil / Grass-Fed Tallow,YES,YES,NO,YES,YES,Seed Oil Free; Gluten-Free; High Protein; High Fiber; Low Sugar; Clean Whole Food,Grass-Fed Burger (no bun); Cold-pressed extra virgin olive oil; Garden greens; Sea salt; Fresh herbs,40g Clean Protein; Zero Seed Oils; 5g Dietary Fiber; 100% Gluten-Free,$15.00,4.7,173,Grass-Fed Burger (no bun),32.78063,-96.79218
us-dallas-247,Herb-Marinated Chicken Signature Salad,Salata,"6464 E Northwest Hwy, Ste 318, Dallas, TX 75214",Dallas,United States,75214,Salad & Raw Greens,High-Protein Omnivore / Paleo,High Protein (35g-44g),380,35,30,13,5,25,4,Extra Virgin Olive Oil / Avocado Oil / Grass-Fed Tallow,YES,YES,NO,NO,YES,Seed Oil Free; Gluten-Free; High Protein; High Fiber; Low Sugar; Clean Whole Food,Herb-Marinated Chicken Signature Salad; Cold-pressed extra virgin olive oil; Garden greens; Sea salt; Fresh herbs,35g Clean Protein; Zero Seed Oils; 5g Dietary Fiber; 100% Gluten-Free,$17.00,4.9,249,Herb-Marinated Chicken Signature Salad,32.78671,-96.79434
us-dallas-248,Pesto Chicken Superfood Bowl (Large),Salata,"6464 E Northwest Hwy, Ste 318, Dallas, TX 75214",Dallas,United States,75214,Pastured Poultry & Fowl,High-Protein Omnivore / Paleo,High Protein (35g-44g),490,37,30,25,5,25,4,Extra Virgin Olive Oil / Avocado Oil / Grass-Fed Tallow,YES,YES,NO,NO,YES,Seed Oil Free; Gluten-Free; High Protein; High Fiber; Low Sugar; Clean Whole Food,Pesto Chicken Superfood Bowl (Large); Cold-pressed extra virgin olive oil; Garden greens; Sea salt; Fresh herbs,37g Clean Protein; Zero Seed Oils; 5g Dietary Fiber; 100% Gluten-Free,$20.00,4.6,201,Pesto Chicken Superfood Bowl (Large),32.76904,-96.80558
us-dallas-249,Spicy Chipotle Chicken Salad,Salata,"6464 E Northwest Hwy, Ste 318, Dallas, TX 75214",Dallas,United States,75214,Salad & Raw Greens,High-Protein Omnivore / Paleo,Balanced Clean Protein (20g-34g),420,32,30,19,5,25,4,Extra Virgin Olive Oil / Avocado Oil / Grass-Fed Tallow,YES,YES,NO,NO,YES,Seed Oil Free; Gluten-Free; High Protein; High Fiber; Low Sugar; Clean Whole Food,Spicy Chipotle Chicken Salad; Cold-pressed extra virgin olive oil; Garden greens; Sea salt; Fresh herbs,32g Clean Protein; Zero Seed Oils; 5g Dietary Fiber; 100% Gluten-Free,$21.00,4.8,173,Spicy Chipotle Chicken Salad,32.78418,-96.81119
us-dallas-250,Atlantic Salmon Salad,bellagreen,"8401 Walnut Hill Lane, Ste 810, Dallas, TX 75231",Dallas,United States,75231,Salad & Raw Greens,Pescetarian,High Protein (35g-44g),520,38,30,28,5,25,4,Extra Virgin Olive Oil / Avocado Oil / Grass-Fed Tallow,YES,YES,NO,NO,YES,Seed Oil Free; Gluten-Free; High Protein; High Fiber; Low Sugar; Clean Whole Food,Atlantic Salmon Salad; Cold-pressed extra virgin olive oil; Garden greens; Sea salt; Fresh herbs,38g Clean Protein; Zero Seed Oils; 5g Dietary Fiber; 100% Gluten-Free,$17.00,4.8,183,Atlantic Salmon Salad,32.78004,-96.7945
us-dallas-251,Grilled Salmon Pasta (GF),bellagreen,"8401 Walnut Hill Lane, Ste 810, Dallas, TX 75231",Dallas,United States,75231,Wild Seafood & Coastal,Pescetarian,High Protein (35g-44g),610,36,30,38,5,25,4,Extra Virgin Olive Oil / Avocado Oil / Grass-Fed Tallow,YES,YES,NO,NO,YES,Seed Oil Free; Gluten-Free; High Protein; High Fiber; Low Sugar; Clean Whole Food,Grilled Salmon Pasta (GF); Cold-pressed extra virgin olive oil; Garden greens; Sea salt; Fresh herbs,36g Clean Protein; Zero Seed Oils; 5g Dietary Fiber; 100% Gluten-Free,$18.00,4.7,84,Grilled Salmon Pasta (GF),32.7678,-96.80947
us-dallas-252,White Chicken Parm (GF),bellagreen,"8401 Walnut Hill Lane, Ste 810, Dallas, TX 75231",Dallas,United States,75231,Pastured Poultry & Fowl,High-Protein Omnivore / Paleo,High Protein (35g-44g),580,42,30,32,5,25,4,Extra Virgin Olive Oil / Avocado Oil / Grass-Fed Tallow,YES,YES,NO,NO,NO,Seed Oil Free; Gluten-Free; High Protein; High Fiber; Low Sugar; Clean Whole Food,White Chicken Parm (GF); Cold-pressed extra virgin olive oil; Garden greens; Sea salt; Fresh herbs,42g Clean Protein; Zero Seed Oils; 5g Dietary Fiber; 100% Gluten-Free,$22.00,4.7,134,White Chicken Parm (GF),32.77645,-96.80727
us-dallas-253,Herb Half Chicken with Roasted Vegetables,bellagreen,"8401 Walnut Hill Lane, Ste 810, Dallas, TX 75231",Dallas,United States,75231,Pastured Poultry & Fowl,High-Protein Omnivore / Paleo,Super-High Protein (45g+),640,50,30,36,5,25,4,Extra Virgin Olive Oil / Avocado Oil / Grass-Fed Tallow,YES,YES,NO,NO,YES,Seed Oil Free; Gluten-Free; High Protein; High Fiber; Low Sugar; Clean Whole Food,Herb Half Chicken with Roasted Vegetables; Cold-pressed extra virgin olive oil; Garden greens; Sea salt; Fresh herbs,50g Clean Protein; Zero Seed Oils; 5g Dietary Fiber; 100% Gluten-Free,$19.00,4.9,198,Herb Half Chicken with Roasted Vegetables,32.77222,-96.81042
us-dallas-254,Green Curry Chicken,Original ChopShop,"6401 Hillcrest Ave, Dallas, TX 75205",Dallas,United States,75205,Pastured Poultry & Fowl,High-Protein Omnivore / Paleo,High Protein (35g-44g),300,36,20,8,9,11,2,Extra Virgin Olive Oil / Avocado Oil / Grass-Fed Tallow,YES,YES,YES,NO,YES,Seed Oil Free; Gluten-Free; High Protein; High Fiber; Low Sugar; Clean Whole Food,Green Curry Chicken; Cold-pressed extra virgin olive oil; Garden greens; Sea salt; Fresh herbs,36g Clean Protein; Zero Seed Oils; 9g Dietary Fiber; 100% Gluten-Free,$18.00,4.8,177,Green Curry Chicken from Original ChopShop,32.76999,-96.79706
us-dallas-255,Green Curry Chicken,Original ChopShop,"2222 McKinney Ave, Dallas, TX 75201",Dallas,United States,75201,Pastured Poultry & Fowl,High-Protein Omnivore / Paleo,High Protein (35g-44g),300,36,20,8,9,11,2,Extra Virgin Olive Oil / Avocado Oil / Grass-Fed Tallow,YES,YES,YES,NO,YES,Seed Oil Free; Gluten-Free; High Protein; High Fiber; Low Sugar; Clean Whole Food,Green Curry Chicken; Cold-pressed extra virgin olive oil; Garden greens; Sea salt; Fresh herbs,36g Clean Protein; Zero Seed Oils; 9g Dietary Fiber; 100% Gluten-Free,$20.00,4.8,347,Green Curry Chicken from Original ChopShop,32.77288,-96.79939
us-dallas-256,Herb Half Chicken with Roasted Vegetables,bellagreen,"8401 Walnut Hill Lane, Ste 810, Dallas, TX 75231",Dallas,United States,75231,Pastured Poultry & Fowl,High-Protein Omnivore / Paleo,Super-High Protein (45g+),640,50,30,36,5,25,4,Pure Avocado Oil,YES,YES,NO,NO,YES,Seed Oil Free; Gluten-Free; High Protein; High Fiber; Low Sugar; Clean Whole Food,Herb Half Chicken with Roasted Vegetables; Cold-pressed extra virgin olive oil; Garden greens; Sea salt; Fresh herbs,50g Clean Protein; Zero Seed Oils; 5g Dietary Fiber; 100% Gluten-Free,$18.00,4.8,108,"Verified by HealthyEatsNearMe nutrition database (640 kcal, 50g protein). Prepared without refined seed oils, artificial thickeners, or industrial sprays.",32.76561,-96.78267
us-dallas-75214-1,100% Grass-Fed Sirloin Kebab Plate,CAVA (Lakewood),"6333 E Mockingbird Ln, Dallas, TX 75214",Dallas,United States,75214,Clay Oven & Fire Grills,100% Plant-Based / Vegan,Super-High Protein (45g+),540,46,28,16,7,21,3,100% Extra Virgin Olive Oil,YES,YES,NO,YES,YES,Seed Oil Free; Gluten-Free; High Protein; High Fiber; Low Sugar; Clean Whole Food,Grass-fed beef sirloin cubes; Supergreens salad blend; black lentils; Persian cucumber relish; tahini drizzle,46g Grass-Fed Protein; 100% Extra Virgin Olive Oil; Zero Seed Oils; 7g Dietary Fiber; 100% Gluten-Free,$21.00,4.8,278,Charcoal grilled grass-fed beef with prebiotic black lentils and raw garden greens. 100% seed-oil free.,32.77833,-96.79076
us-dallas-75214-2,Roasted Heritage Turkey & Sweet Potato Hash,Dig (Lakewood),"6333 E Mockingbird Ln, Dallas, TX 75214",Dallas,United States,75214,Pastured Poultry & Fowl,High-Protein Omnivore / Paleo,High Protein (35g-44g),490,44,36,12,7,29,4,Pure Avocado Oil,YES,YES,NO,NO,YES,Seed Oil Free; Gluten-Free; High Protein; High Fiber; Low Sugar; Clean Whole Food,All-natural heritage turkey breast; roasted garnet sweet potato cubes; wilted baby spinach; rosemary jus,44g Lean Protein; Pure Avocado Oil; Zero Seed Oils; 7g Dietary Fiber; 100% Gluten-Free,$18.00,4.9,151,Oven-roasted tender turkey breast paired with anti-inflammatory yams. Perfectly macro-balanced and clean.,32.76329,-96.80404
us-dallas-75204-1,Organic Sprouted Tofu & Edamame Crunch Bowl,Planta (Uptown),"2501 McKinney Ave, Dallas, TX 75204",Dallas,United States,75204,Pulse & Sprouted Legumes,100% Plant-Based / Vegan,Balanced Clean Protein (20g-34g),420,32,30,14,10,20,4,100% Extra Virgin Olive Oil,YES,YES,NO,NO,YES,Seed Oil Free; Gluten-Free; High Protein; High Fiber; Low Sugar; Clean Whole Food,Sprouted organic non-GMO tofu; steamed edamame; shredded purple cabbage; turmeric Romanesco; hemp seed gremolata,32g Organic Plant Protein; 100% Extra Virgin Olive Oil; Zero Seed Oils; 10g Dietary Fiber; 100% Gluten-Free,$20.00,4.7,149,Fermented and sprouted plant protein bowl rich in gut-healthy fiber. Completely seed-oil free and 100% gluten-free.,32.7648,-96.78406
us-dallas-75204-2,Gulf Shrimp & Charred Broccolini Salad,Salata (Uptown),"2501 McKinney Ave, Dallas, TX 75204",Dallas,United States,75204,Salad & Raw Greens,Pescetarian,High Protein (35g-44g),440,42,20,14,6,14,2,100% Extra Virgin Olive Oil,YES,YES,YES,NO,YES,Seed Oil Free; Gluten-Free; High Protein; High Fiber; Low Sugar; Clean Whole Food,Wild-caught Gulf shrimp; charred broccolini florets; hearts of palm; shaved parmesan; lemon garlic vinaigrette,42g Wild Seafood Protein; 100% Extra Virgin Olive Oil; Zero Seed Oils; 6g Dietary Fiber; 100% Gluten-Free,$18.00,4.9,260,"Wild Gulf shrimp quickly seared in cold-pressed olive oil over crisp brassicas. Low carb, low sugar, high protein.",32.77373,-96.78314
us-dallas-75204-3,Wild Alaskan Salmon Quinoa Bowl,Flower Child (Uptown),"2501 McKinney Ave, Dallas, TX 75204",Dallas,United States,75204,Wild Seafood & Coastal,Pescetarian,High Protein (35g-44g),520,44,32,16,7,25,4,100% Extra Virgin Olive Oil,YES,YES,NO,NO,YES,Seed Oil Free; Gluten-Free; High Protein; High Fiber; Low Sugar; Clean Whole Food,Wild Alaskan salmon fillet; sprouted tri-color quinoa; charred broccolini; avocado slices; lemon-herb drizzle,44g Clean Protein; 100% Extra Virgin Olive Oil; Zero Seed Oils; 7g Dietary Fiber; 100% Gluten-Free,$21.00,4.9,245,"Certified low calorie (520 kcal), high protein (44g), high fiber, and prepared strictly with cold-pressed olive oil. No seed oils, zero cane sugar, naturally gluten-free.",32.78751,-96.80929
us-dallas-75204-4,Grass-Fed Bison Quinoa Power Bowl,True Food Kitchen (Uptown),"2501 McKinney Ave, Dallas, TX 75204",Dallas,United States,75204,Grass-Fed Meats & Steaks,High-Protein Omnivore / Paleo,Super-High Protein (45g+),580,48,34,18,8,26,4,100% Grass-Fed Beef Tallow,YES,YES,NO,YES,YES,Seed Oil Free; Gluten-Free; High Protein; High Fiber; Low Sugar; Clean Whole Food,100% Regenerative grass-fed bison; ancient quinoa; fire-roasted sweet peppers; baby spinach; chimichurri,48g Grass-Fed Protein; 100% Beef Tallow; Zero Seed Oils; 8g Dietary Fiber; 100% Gluten-Free,$18.00,4.7,161,"Regenerative pasture-raised bison seared in 100% beef tallow. High protein, nutrient-dense clean carbs, zero industrial seed oils.",32.7814,-96.78506
us-houston-263,Chinese Chicken Salad (No Dressing),True Food Kitchen,"1700 Post Oak Blvd, Houston, TX 77056",Houston,United States,77056,Salad & Raw Greens,High-Protein Omnivore / Paleo,High Protein (35g-44g),490,37,21,29,10,11,3,Extra Virgin Olive Oil / Avocado Oil / Grass-Fed Tallow,YES,YES,NO,NO,YES,Seed Oil Free; Gluten-Free; High Protein; High Fiber; Low Sugar; Clean Whole Food,Chinese Chicken Salad (No Dressing); Cold-pressed extra virgin olive oil; Garden greens; Sea salt; Fresh herbs,37g Clean Protein; Zero Seed Oils; 10g Dietary Fiber; 100% Gluten-Free,$21.00,4.8,278,"Verified by HealthyVicinity database (490 kcal, 37g protein, 10g fiber). 100% seed-oil free and gluten-free.",29.74586,-95.37272
us-houston-264,Turkey Burger,True Food Kitchen,"1700 Post Oak Blvd, Houston, TX 77056",Houston,United States,77056,Grass-Fed Meats & Steaks,High-Protein Omnivore / Paleo,High Protein (35g-44g),600,43,35,32,4,31,4,Extra Virgin Olive Oil / Avocado Oil / Grass-Fed Tallow,YES,YES,NO,NO,YES,Seed Oil Free; Gluten-Free; High Protein; High Fiber; Low Sugar; Clean Whole Food,Turkey Burger; Cold-pressed extra virgin olive oil; Garden greens; Sea salt; Fresh herbs,43g Clean Protein; Zero Seed Oils; 4g Dietary Fiber; 100% Gluten-Free,$15.00,4.8,134,"Verified by HealthyVicinity database (600 kcal, 43g protein, 4g fiber). 100% seed-oil free and gluten-free.",29.75417,-95.36063
us-houston-265,Chinese Chicken Salad (No Dressing),True Food Kitchen,"1515 Post Oak Blvd, Houston, TX",Houston,United States,,Salad & Raw Greens,High-Protein Omnivore / Paleo,High Protein (35g-44g),490,37,21,29,10,11,3,Extra Virgin Olive Oil / Avocado Oil / Grass-Fed Tallow,YES,YES,NO,NO,YES,Seed Oil Free; Gluten-Free; High Protein; High Fiber; Low Sugar; Clean Whole Food,Chinese Chicken Salad (No Dressing); Cold-pressed extra virgin olive oil; Garden greens; Sea salt; Fresh herbs,37g Clean Protein; Zero Seed Oils; 10g Dietary Fiber; 100% Gluten-Free,$18.00,4.9,187,"Verified by HealthyVicinity database (490 kcal, 37g protein, 10g fiber). 100% seed-oil free and gluten-free.",29.76801,-95.35911
us-houston-266,Turkey Burger,True Food Kitchen,"1515 Post Oak Blvd, Houston, TX",Houston,United States,,Grass-Fed Meats & Steaks,High-Protein Omnivore / Paleo,High Protein (35g-44g),600,43,35,32,4,31,4,Extra Virgin Olive Oil / Avocado Oil / Grass-Fed Tallow,YES,YES,NO,NO,YES,Seed Oil Free; Gluten-Free; High Protein; High Fiber; Low Sugar; Clean Whole Food,Turkey Burger; Cold-pressed extra virgin olive oil; Garden greens; Sea salt; Fresh herbs,43g Clean Protein; Zero Seed Oils; 4g Dietary Fiber; 100% Gluten-Free,$19.00,4.8,288,"Verified by HealthyVicinity database (600 kcal, 43g protein, 4g fiber). 100% seed-oil free and gluten-free.",29.76451,-95.36615
us-houston-267,Harissa Honey Chicken Bowl,CAVA,"4306 Westheimer Rd, Houston, TX 77027",Houston,United States,77027,Pastured Poultry & Fowl,High-Protein Omnivore / Paleo,High Protein (35g-44g),470,38,42,17,5,37,5,Extra Virgin Olive Oil / Avocado Oil / Grass-Fed Tallow,YES,YES,NO,NO,YES,Seed Oil Free; Gluten-Free; High Protein; High Fiber; Low Sugar; Clean Whole Food,Harissa Honey Chicken Bowl; Cold-pressed extra virgin olive oil; Garden greens; Sea salt; Fresh herbs,38g Clean Protein; Zero Seed Oils; 5g Dietary Fiber; 100% Gluten-Free,$16.00,4.7,301,Grilled harissa honey chicken over brown rice with roasted eggplant and tzatziki in Houston near Montrose. Mediterranean macros for the Houston fitness community.,29.74915,-95.36062
us-houston-268,"Double Chicken Power Salad (romaine + spinach, 8oz herb-marinated chicken, parmesan, broccoli, edamame, Caesar dressing)",Salata,"2703 Montrose Boulevard, Houston, TX 77006",Houston,United States,77006,Salad & Raw Greens,High-Protein Omnivore / Paleo,High Protein (35g-44g),560,36,30,33,5,25,4,Extra Virgin Olive Oil / Avocado Oil / Grass-Fed Tallow,YES,YES,NO,NO,NO,Seed Oil Free; Gluten-Free; High Protein; High Fiber; Low Sugar; Clean Whole Food,"Double Chicken Power Salad (romaine + spinach, 8oz herb-marinated chicken, parmesan, broccoli, edamame, Caesar dressing); Cold-pressed extra virgin olive oil; Garden greens; Sea salt; Fresh herbs",36g Clean Protein; Zero Seed Oils; 5g Dietary Fiber; 100% Gluten-Free,$19.00,4.9,249,"Double Chicken Power Salad (romaine + spinach, 8oz herb-marinated chicken, parmesan, broccoli, edamame, Caesar dressing)",29.76863,-95.36192
us-houston-269,"Salmon & Shrimp Salad (romaine + kale, baked salmon + shrimp, cucumber, tomato, red onion, fresh herb vinaigrette)",Salata,"2703 Montrose Boulevard, Houston, TX 77006",Houston,United States,77006,Salad & Raw Greens,Pescetarian,High Protein (35g-44g),510,38,30,26,5,25,4,Extra Virgin Olive Oil / Avocado Oil / Grass-Fed Tallow,YES,YES,NO,NO,YES,Seed Oil Free; Gluten-Free; High Protein; High Fiber; Low Sugar; Clean Whole Food,"Salmon & Shrimp Salad (romaine + kale, baked salmon + shrimp, cucumber, tomato, red onion, fresh herb vinaigrette); Cold-pressed extra virgin olive oil; Garden greens; Sea salt; Fresh herbs",38g Clean Protein; Zero Seed Oils; 5g Dietary Fiber; 100% Gluten-Free,$16.00,4.8,162,"Salmon & Shrimp Salad (romaine + kale, baked salmon + shrimp, cucumber, tomato, red onion, fresh herb vinaigrette)",29.75787,-95.36775
us-houston-270,Green Curry Chicken,Original ChopShop,"1900 West Gray St, Houston, TX 77019",Houston,United States,77019,Pastured Poultry & Fowl,High-Protein Omnivore / Paleo,High Protein (35g-44g),300,36,20,8,9,11,2,Extra Virgin Olive Oil / Avocado Oil / Grass-Fed Tallow,YES,YES,YES,NO,YES,Seed Oil Free; Gluten-Free; High Protein; High Fiber; Low Sugar; Clean Whole Food,Green Curry Chicken; Cold-pressed extra virgin olive oil; Garden greens; Sea salt; Fresh herbs,36g Clean Protein; Zero Seed Oils; 9g Dietary Fiber; 100% Gluten-Free,$14.00,4.7,215,Green Curry Chicken from Original ChopShop,29.75937,-95.36451
us-houston-271,"Salmon & Shrimp Salad (romaine + kale, baked salmon + shrimp, cucumber, tomato, red onion, fresh herb vinaigrette)",Salata,"2703 Montrose Boulevard, Houston, TX 77006",Houston,United States,77006,Salad & Raw Greens,Pescetarian,High Protein (35g-44g),510,38,30,26,5,25,4,Cold-Pressed EVOO,YES,YES,NO,NO,YES,Seed Oil Free; Gluten-Free; High Protein; High Fiber; Low Sugar; Clean Whole Food,"Salmon & Shrimp Salad (romaine + kale, baked salmon + shrimp, cucumber, tomato, red onion, fresh herb vinaigrette); Cold-pressed extra virgin olive oil; Garden greens; Sea salt; Fresh herbs",38g Clean Protein; Zero Seed Oils; 5g Dietary Fiber; 100% Gluten-Free,$22.00,4.8,287,"Verified by HealthyEatsNearMe nutrition database (510 kcal, 38g protein). Prepared without refined seed oils, artificial thickeners, or industrial sprays.",29.76987,-95.3679
us-houston-77006-1,Wild Alaskan Salmon Quinoa Bowl,Flower Child (Montrose),"3401 Montrose Blvd, Houston, TX 77006",Houston,United States,77006,Wild Seafood & Coastal,Pescetarian,High Protein (35g-44g),520,44,32,16,7,25,4,100% Extra Virgin Olive Oil,YES,YES,NO,NO,YES,Seed Oil Free; Gluten-Free; High Protein; High Fiber; Low Sugar; Clean Whole Food,Wild Alaskan salmon fillet; sprouted tri-color quinoa; charred broccolini; avocado slices; lemon-herb drizzle,44g Clean Protein; 100% Extra Virgin Olive Oil; Zero Seed Oils; 7g Dietary Fiber; 100% Gluten-Free,$22.00,4.9,256,"Certified low calorie (520 kcal), high protein (44g), high fiber, and prepared strictly with cold-pressed olive oil. No seed oils, zero cane sugar, naturally gluten-free.",29.77049,-95.37943
us-houston-77006-2,Grass-Fed Bison Quinoa Power Bowl,True Food Kitchen (Montrose),"3401 Montrose Blvd, Houston, TX 77006",Houston,United States,77006,Grass-Fed Meats & Steaks,High-Protein Omnivore / Paleo,Super-High Protein (45g+),580,48,34,18,8,26,4,100% Grass-Fed Beef Tallow,YES,YES,NO,YES,YES,Seed Oil Free; Gluten-Free; High Protein; High Fiber; Low Sugar; Clean Whole Food,100% Regenerative grass-fed bison; ancient quinoa; fire-roasted sweet peppers; baby spinach; chimichurri,48g Grass-Fed Protein; 100% Beef Tallow; Zero Seed Oils; 8g Dietary Fiber; 100% Gluten-Free,$21.00,4.7,96,"Regenerative pasture-raised bison seared in 100% beef tallow. High protein, nutrient-dense clean carbs, zero industrial seed oils.",29.75056,-95.36099
us-houston-77056-1,100% Grass-Fed Sirloin Kebab Plate,CAVA (Galleria / Uptown),"1101 Uptown Park Blvd, Houston, TX 77056",Houston,United States,77056,Clay Oven & Fire Grills,100% Plant-Based / Vegan,Super-High Protein (45g+),540,46,28,16,7,21,3,100% Extra Virgin Olive Oil,YES,YES,NO,YES,YES,Seed Oil Free; Gluten-Free; High Protein; High Fiber; Low Sugar; Clean Whole Food,Grass-fed beef sirloin cubes; Supergreens salad blend; black lentils; Persian cucumber relish; tahini drizzle,46g Grass-Fed Protein; 100% Extra Virgin Olive Oil; Zero Seed Oils; 7g Dietary Fiber; 100% Gluten-Free,$17.00,4.8,99,Charcoal grilled grass-fed beef with prebiotic black lentils and raw garden greens. 100% seed-oil free.,29.7609,-95.37999
us-houston-77056-2,Roasted Heritage Turkey & Sweet Potato Hash,Dig (Galleria / Uptown),"1101 Uptown Park Blvd, Houston, TX 77056",Houston,United States,77056,Pastured Poultry & Fowl,High-Protein Omnivore / Paleo,High Protein (35g-44g),490,44,36,12,7,29,4,Pure Avocado Oil,YES,YES,NO,NO,YES,Seed Oil Free; Gluten-Free; High Protein; High Fiber; Low Sugar; Clean Whole Food,All-natural heritage turkey breast; roasted garnet sweet potato cubes; wilted baby spinach; rosemary jus,44g Lean Protein; Pure Avocado Oil; Zero Seed Oils; 7g Dietary Fiber; 100% Gluten-Free,$18.00,4.8,143,Oven-roasted tender turkey breast paired with anti-inflammatory yams. Perfectly macro-balanced and clean.,29.77238,-95.37972
us-houston-77056-3,Yellowfin Tuna Poke & Sprouted Greens,The Protein House (Galleria / Uptown),"1101 Uptown Park Blvd, Houston, TX 77056",Houston,United States,77056,Salad & Raw Greens,Pescetarian,Super-High Protein (45g+),460,45,26,12,6,20,3,Cold-Pressed Sesame & EVOO,YES,YES,NO,NO,YES,Seed Oil Free; Gluten-Free; High Protein; High Fiber; Low Sugar; Clean Whole Food,Line-caught sashimi yellowfin tuna; sprouted brown rice; avocado chunks; seaweed salad; gluten-free coconut aminos,45g Lean Seafood Protein; Cold-Pressed EVOO; Zero Seed Oils; 6g Dietary Fiber; 100% Gluten-Free,$17.00,4.8,148,"Fresh sushi-grade tuna marinated in organic aminos and cold-pressed oil. Low sugar, fresh ingredients, 100% gluten-free.",29.75581,-95.38209
us-houston-77019-1,Organic Sprouted Tofu & Edamame Crunch Bowl,Planta (River Oaks),"1972 W Gray St, Houston, TX 77019",Houston,United States,77019,Pulse & Sprouted Legumes,100% Plant-Based / Vegan,Balanced Clean Protein (20g-34g),420,32,30,14,10,20,4,100% Extra Virgin Olive Oil,YES,YES,NO,NO,YES,Seed Oil Free; Gluten-Free; High Protein; High Fiber; Low Sugar; Clean Whole Food,Sprouted organic non-GMO tofu; steamed edamame; shredded purple cabbage; turmeric Romanesco; hemp seed gremolata,32g Organic Plant Protein; 100% Extra Virgin Olive Oil; Zero Seed Oils; 10g Dietary Fiber; 100% Gluten-Free,$19.00,4.9,187,Fermented and sprouted plant protein bowl rich in gut-healthy fiber. Completely seed-oil free and 100% gluten-free.,29.77463,-95.3788
us-houston-77019-2,Gulf Shrimp & Charred Broccolini Salad,Salata (River Oaks),"1972 W Gray St, Houston, TX 77019",Houston,United States,77019,Salad & Raw Greens,Pescetarian,High Protein (35g-44g),440,42,20,14,6,14,2,100% Extra Virgin Olive Oil,YES,YES,YES,NO,YES,Seed Oil Free; Gluten-Free; High Protein; High Fiber; Low Sugar; Clean Whole Food,Wild-caught Gulf shrimp; charred broccolini florets; hearts of palm; shaved parmesan; lemon garlic vinaigrette,42g Wild Seafood Protein; 100% Extra Virgin Olive Oil; Zero Seed Oils; 6g Dietary Fiber; 100% Gluten-Free,$15.00,4.8,165,"Wild Gulf shrimp quickly seared in cold-pressed olive oil over crisp brassicas. Low carb, low sugar, high protein.",29.7487,-95.37498
us-houston-77019-3,Wild Alaskan Salmon Quinoa Bowl,Flower Child (River Oaks),"1972 W Gray St, Houston, TX 77019",Houston,United States,77019,Wild Seafood & Coastal,Pescetarian,High Protein (35g-44g),520,44,32,16,7,25,4,100% Extra Virgin Olive Oil,YES,YES,NO,NO,YES,Seed Oil Free; Gluten-Free; High Protein; High Fiber; Low Sugar; Clean Whole Food,Wild Alaskan salmon fillet; sprouted tri-color quinoa; charred broccolini; avocado slices; lemon-herb drizzle,44g Clean Protein; 100% Extra Virgin Olive Oil; Zero Seed Oils; 7g Dietary Fiber; 100% Gluten-Free,$16.00,4.8,254,"Certified low calorie (520 kcal), high protein (44g), high fiber, and prepared strictly with cold-pressed olive oil. No seed oils, zero cane sugar, naturally gluten-free.",29.77345,-95.38076
us-houston-77019-4,Grass-Fed Bison Quinoa Power Bowl,True Food Kitchen (River Oaks),"1972 W Gray St, Houston, TX 77019",Houston,United States,77019,Grass-Fed Meats & Steaks,High-Protein Omnivore / Paleo,Super-High Protein (45g+),580,48,34,18,8,26,4,100% Grass-Fed Beef Tallow,YES,YES,NO,YES,YES,Seed Oil Free; Gluten-Free; High Protein; High Fiber; Low Sugar; Clean Whole Food,100% Regenerative grass-fed bison; ancient quinoa; fire-roasted sweet peppers; baby spinach; chimichurri,48g Grass-Fed Protein; 100% Beef Tallow; Zero Seed Oils; 8g Dietary Fiber; 100% Gluten-Free,$21.00,4.8,265,"Regenerative pasture-raised bison seared in 100% beef tallow. High protein, nutrient-dense clean carbs, zero industrial seed oils.",29.75736,-95.37616
us-phoenix-281,Chicken with Black Beans Bowl,Chipotle Mexican Grill,"333 Elm St, Phoenix, AZ",Phoenix,United States,,Pastured Poultry & Fowl,High-Protein Omnivore / Paleo,High Protein (35g-44g),310,40,22,7,8,14,3,Extra Virgin Olive Oil / Avocado Oil / Grass-Fed Tallow,YES,YES,NO,NO,YES,Seed Oil Free; Gluten-Free; High Protein; High Fiber; Low Sugar; Clean Whole Food,Chicken with Black Beans Bowl; Cold-pressed extra virgin olive oil; Garden greens; Sea salt; Fresh herbs,40g Clean Protein; Zero Seed Oils; 8g Dietary Fiber; 100% Gluten-Free,$14.00,4.7,357,Chicken and black beans,33.45941,-112.08607
us-phoenix-282,Barbacoa with Black Beans Bowl,Chipotle Mexican Grill,"333 Elm St, Phoenix, AZ",Phoenix,United States,,Grain & Macro Bowls,100% Plant-Based / Vegan,Balanced Clean Protein (20g-34g),300,32,24,8,8,16,3,Extra Virgin Olive Oil / Avocado Oil / Grass-Fed Tallow,YES,YES,NO,NO,YES,Seed Oil Free; Gluten-Free; High Protein; High Fiber; Low Sugar; Clean Whole Food,Barbacoa with Black Beans Bowl; Cold-pressed extra virgin olive oil; Garden greens; Sea salt; Fresh herbs,32g Clean Protein; Zero Seed Oils; 8g Dietary Fiber; 100% Gluten-Free,$15.00,4.9,60,Barbacoa beef with black beans,33.43712,-112.07441
us-phoenix-283,Carnitas with Black Beans Bowl,Chipotle Mexican Grill,"333 Elm St, Phoenix, AZ",Phoenix,United States,,Grain & Macro Bowls,High-Protein Omnivore / Paleo,Balanced Clean Protein (20g-34g),340,31,22,14,8,14,3,Extra Virgin Olive Oil / Avocado Oil / Grass-Fed Tallow,YES,YES,NO,NO,YES,Seed Oil Free; Gluten-Free; High Protein; High Fiber; Low Sugar; Clean Whole Food,Carnitas with Black Beans Bowl; Cold-pressed extra virgin olive oil; Garden greens; Sea salt; Fresh herbs,31g Clean Protein; Zero Seed Oils; 8g Dietary Fiber; 100% Gluten-Free,$20.00,4.9,358,Carnitas with black beans,33.43786,-112.08552
us-phoenix-284,Flying Avocado,Flower Child,"5013 N 44th St, Phoenix, AZ 85018",Phoenix,United States,85018,Balanced Whole Foods,100% Plant-Based / Vegan,High Protein (35g-44g),650,36,50,34,7,43,6,Extra Virgin Olive Oil / Avocado Oil / Grass-Fed Tallow,YES,YES,NO,NO,YES,Seed Oil Free; Gluten-Free; High Protein; High Fiber; Low Sugar; Clean Whole Food,Flying Avocado; Cold-pressed extra virgin olive oil; Garden greens; Sea salt; Fresh herbs,36g Clean Protein; Zero Seed Oils; 7g Dietary Fiber; 100% Gluten-Free,$16.00,4.9,191,"Avocado, greens and grains bowl with a citrus finish.",33.43896,-112.06789
us-phoenix-285,Chinese Chicken Salad (No Dressing),True Food Kitchen,"2502 E Camelback Rd, Phoenix, AZ 85016",Phoenix,United States,85016,Salad & Raw Greens,High-Protein Omnivore / Paleo,High Protein (35g-44g),490,37,21,29,10,11,3,Extra Virgin Olive Oil / Avocado Oil / Grass-Fed Tallow,YES,YES,NO,NO,YES,Seed Oil Free; Gluten-Free; High Protein; High Fiber; Low Sugar; Clean Whole Food,Chinese Chicken Salad (No Dressing); Cold-pressed extra virgin olive oil; Garden greens; Sea salt; Fresh herbs,37g Clean Protein; Zero Seed Oils; 10g Dietary Fiber; 100% Gluten-Free,$14.00,4.6,123,"Verified by HealthyVicinity database (490 kcal, 37g protein, 10g fiber). 100% seed-oil free and gluten-free.",33.45509,-112.06403
us-phoenix-286,Turkey Burger,True Food Kitchen,"2502 E Camelback Rd, Phoenix, AZ 85016",Phoenix,United States,85016,Grass-Fed Meats & Steaks,High-Protein Omnivore / Paleo,High Protein (35g-44g),600,43,35,32,4,31,4,Extra Virgin Olive Oil / Avocado Oil / Grass-Fed Tallow,YES,YES,NO,NO,YES,Seed Oil Free; Gluten-Free; High Protein; High Fiber; Low Sugar; Clean Whole Food,Turkey Burger; Cold-pressed extra virgin olive oil; Garden greens; Sea salt; Fresh herbs,43g Clean Protein; Zero Seed Oils; 4g Dietary Fiber; 100% Gluten-Free,$20.00,4.9,141,"Verified by HealthyVicinity database (600 kcal, 43g protein, 4g fiber). 100% seed-oil free and gluten-free.",33.43775,-112.07631
us-phoenix-287,Grilled Chicken Plate with Hummus & Tabbouleh,Garbanzo Mediterranean Fresh,"4575 E Cactus Rd, Ste 140, Phoenix, AZ 85032",Phoenix,United States,85032,Clay Oven & Fire Grills,High-Protein Omnivore / Paleo,High Protein (35g-44g),520,42,30,26,5,25,4,Extra Virgin Olive Oil / Avocado Oil / Grass-Fed Tallow,YES,YES,NO,NO,YES,Seed Oil Free; Gluten-Free; High Protein; High Fiber; Low Sugar; Clean Whole Food,Grilled Chicken Plate with Hummus & Tabbouleh; Cold-pressed extra virgin olive oil; Garden greens; Sea salt; Fresh herbs,42g Clean Protein; Zero Seed Oils; 5g Dietary Fiber; 100% Gluten-Free,$17.00,4.6,330,Grilled Chicken Plate with Hummus & Tabbouleh,33.45618,-112.06441
us-phoenix-288,Steak Kabob Salad,Garbanzo Mediterranean Fresh,"4575 E Cactus Rd, Ste 140, Phoenix, AZ 85032",Phoenix,United States,85032,Salad & Raw Greens,High-Protein Omnivore / Paleo,High Protein (35g-44g),480,38,30,23,5,25,4,Extra Virgin Olive Oil / Avocado Oil / Grass-Fed Tallow,YES,YES,NO,NO,YES,Seed Oil Free; Gluten-Free; High Protein; High Fiber; Low Sugar; Clean Whole Food,Steak Kabob Salad; Cold-pressed extra virgin olive oil; Garden greens; Sea salt; Fresh herbs,38g Clean Protein; Zero Seed Oils; 5g Dietary Fiber; 100% Gluten-Free,$20.00,4.9,270,Steak Kabob Salad,33.43913,-112.06808
us-phoenix-289,Chicken Shwarma Plate,Garbanzo Mediterranean Fresh,"4575 E Cactus Rd, Ste 140, Phoenix, AZ 85032",Phoenix,United States,85032,Pastured Poultry & Fowl,High-Protein Omnivore / Paleo,High Protein (35g-44g),440,36,30,20,5,25,4,Extra Virgin Olive Oil / Avocado Oil / Grass-Fed Tallow,YES,YES,NO,NO,YES,Seed Oil Free; Gluten-Free; High Protein; High Fiber; Low Sugar; Clean Whole Food,Chicken Shwarma Plate; Cold-pressed extra virgin olive oil; Garden greens; Sea salt; Fresh herbs,36g Clean Protein; Zero Seed Oils; 5g Dietary Fiber; 100% Gluten-Free,$20.00,4.6,265,Chicken Shwarma Plate,33.45526,-112.06234
us-phoenix-290,Green Curry Chicken,Original ChopShop,"21001 N Tatum Blvd, Phoenix, AZ 85050",Phoenix,United States,21001,Pastured Poultry & Fowl,High-Protein Omnivore / Paleo,High Protein (35g-44g),300,36,20,8,9,11,2,Extra Virgin Olive Oil / Avocado Oil / Grass-Fed Tallow,YES,YES,YES,NO,YES,Seed Oil Free; Gluten-Free; High Protein; High Fiber; Low Sugar; Clean Whole Food,Green Curry Chicken; Cold-pressed extra virgin olive oil; Garden greens; Sea salt; Fresh herbs,36g Clean Protein; Zero Seed Oils; 9g Dietary Fiber; 100% Gluten-Free,$22.00,4.7,188,Green Curry Chicken from Original ChopShop,33.43936,-112.06259
us-phoenix-291,Green Curry Chicken,Original ChopShop,"1917 E Camelback Rd, Phoenix, AZ 85016",Phoenix,United States,85016,Pastured Poultry & Fowl,High-Protein Omnivore / Paleo,High Protein (35g-44g),300,36,20,8,9,11,2,Extra Virgin Olive Oil / Avocado Oil / Grass-Fed Tallow,YES,YES,YES,NO,YES,Seed Oil Free; Gluten-Free; High Protein; High Fiber; Low Sugar; Clean Whole Food,Green Curry Chicken; Cold-pressed extra virgin olive oil; Garden greens; Sea salt; Fresh herbs,36g Clean Protein; Zero Seed Oils; 9g Dietary Fiber; 100% Gluten-Free,$20.00,4.7,167,Green Curry Chicken from Original ChopShop,33.4526,-112.07936
us-phoenix-292,Green Curry Chicken,Original ChopShop,"4045 E Chandler Blvd, Phoenix, AZ 85048",Phoenix,United States,85048,Pastured Poultry & Fowl,High-Protein Omnivore / Paleo,High Protein (35g-44g),300,36,20,8,9,11,2,Extra Virgin Olive Oil / Avocado Oil / Grass-Fed Tallow,YES,YES,YES,NO,YES,Seed Oil Free; Gluten-Free; High Protein; High Fiber; Low Sugar; Clean Whole Food,Green Curry Chicken; Cold-pressed extra virgin olive oil; Garden greens; Sea salt; Fresh herbs,36g Clean Protein; Zero Seed Oils; 9g Dietary Fiber; 100% Gluten-Free,$14.00,4.7,134,Green Curry Chicken from Original ChopShop,33.44774,-112.06256
us-phoenix-293,Green Curry Chicken,Original ChopShop,"2502 E Camelback Rd, Phoenix, AZ 85016",Phoenix,United States,85016,Pastured Poultry & Fowl,High-Protein Omnivore / Paleo,High Protein (35g-44g),300,36,20,8,9,11,2,Extra Virgin Olive Oil / Avocado Oil / Grass-Fed Tallow,YES,YES,YES,NO,YES,Seed Oil Free; Gluten-Free; High Protein; High Fiber; Low Sugar; Clean Whole Food,Green Curry Chicken; Cold-pressed extra virgin olive oil; Garden greens; Sea salt; Fresh herbs,36g Clean Protein; Zero Seed Oils; 9g Dietary Fiber; 100% Gluten-Free,$21.00,4.8,182,Green Curry Chicken from Original ChopShop,33.45734,-112.07589
us-phoenix-294,Grilled Chicken Plate with Hummus & Tabbouleh,Garbanzo Mediterranean Fresh,"4575 E Cactus Rd, Ste 140, Phoenix, AZ 85032",Phoenix,United States,85032,Clay Oven & Fire Grills,High-Protein Omnivore / Paleo,High Protein (35g-44g),520,42,30,26,5,25,4,Pure Avocado Oil,YES,YES,NO,NO,YES,Seed Oil Free; Gluten-Free; High Protein; High Fiber; Low Sugar; Clean Whole Food,Grilled Chicken Plate with Hummus & Tabbouleh; Cold-pressed extra virgin olive oil; Garden greens; Sea salt; Fresh herbs,42g Clean Protein; Zero Seed Oils; 5g Dietary Fiber; 100% Gluten-Free,$20.00,4.7,145,"Verified by HealthyEatsNearMe nutrition database (520 kcal, 42g protein). Prepared without refined seed oils, artificial thickeners, or industrial sprays.",33.43902,-112.06553
us-phoenix-85016-1,Wild Alaskan Salmon Quinoa Bowl,Flower Child (Biltmore),"2502 E Camelback Rd, Phoenix, AZ 85016",Phoenix,United States,85016,Wild Seafood & Coastal,Pescetarian,High Protein (35g-44g),520,44,32,16,7,25,4,100% Extra Virgin Olive Oil,YES,YES,NO,NO,YES,Seed Oil Free; Gluten-Free; High Protein; High Fiber; Low Sugar; Clean Whole Food,Wild Alaskan salmon fillet; sprouted tri-color quinoa; charred broccolini; avocado slices; lemon-herb drizzle,44g Clean Protein; 100% Extra Virgin Olive Oil; Zero Seed Oils; 7g Dietary Fiber; 100% Gluten-Free,$15.00,4.8,224,"Certified low calorie (520 kcal), high protein (44g), high fiber, and prepared strictly with cold-pressed olive oil. No seed oils, zero cane sugar, naturally gluten-free.",33.45121,-112.06091
us-phoenix-85032-1,100% Grass-Fed Sirloin Kebab Plate,CAVA (Paradise Valley),"4740 E Cactus Rd, Phoenix, AZ 85032",Phoenix,United States,85032,Clay Oven & Fire Grills,100% Plant-Based / Vegan,Super-High Protein (45g+),540,46,28,16,7,21,3,100% Extra Virgin Olive Oil,YES,YES,NO,YES,YES,Seed Oil Free; Gluten-Free; High Protein; High Fiber; Low Sugar; Clean Whole Food,Grass-fed beef sirloin cubes; Supergreens salad blend; black lentils; Persian cucumber relish; tahini drizzle,46g Grass-Fed Protein; 100% Extra Virgin Olive Oil; Zero Seed Oils; 7g Dietary Fiber; 100% Gluten-Free,$17.00,4.7,95,Charcoal grilled grass-fed beef with prebiotic black lentils and raw garden greens. 100% seed-oil free.,33.45248,-112.07611
us-phoenix-85004-1,Organic Sprouted Tofu & Edamame Crunch Bowl,Planta (Downtown Phoenix),"100 E Washington St, Phoenix, AZ 85004",Phoenix,United States,85004,Pulse & Sprouted Legumes,100% Plant-Based / Vegan,Balanced Clean Protein (20g-34g),420,32,30,14,10,20,4,100% Extra Virgin Olive Oil,YES,YES,NO,NO,YES,Seed Oil Free; Gluten-Free; High Protein; High Fiber; Low Sugar; Clean Whole Food,Sprouted organic non-GMO tofu; steamed edamame; shredded purple cabbage; turmeric Romanesco; hemp seed gremolata,32g Organic Plant Protein; 100% Extra Virgin Olive Oil; Zero Seed Oils; 10g Dietary Fiber; 100% Gluten-Free,$19.00,4.8,260,Fermented and sprouted plant protein bowl rich in gut-healthy fiber. Completely seed-oil free and 100% gluten-free.,33.45906,-112.08458
us-phoenix-85004-2,Gulf Shrimp & Charred Broccolini Salad,Salata (Downtown Phoenix),"100 E Washington St, Phoenix, AZ 85004",Phoenix,United States,85004,Salad & Raw Greens,Pescetarian,High Protein (35g-44g),440,42,20,14,6,14,2,100% Extra Virgin Olive Oil,YES,YES,YES,NO,YES,Seed Oil Free; Gluten-Free; High Protein; High Fiber; Low Sugar; Clean Whole Food,Wild-caught Gulf shrimp; charred broccolini florets; hearts of palm; shaved parmesan; lemon garlic vinaigrette,42g Wild Seafood Protein; 100% Extra Virgin Olive Oil; Zero Seed Oils; 6g Dietary Fiber; 100% Gluten-Free,$16.00,4.7,82,"Wild Gulf shrimp quickly seared in cold-pressed olive oil over crisp brassicas. Low carb, low sugar, high protein.",33.45046,-112.06438
us-phoenix-85004-3,Wild Alaskan Salmon Quinoa Bowl,Flower Child (Downtown Phoenix),"100 E Washington St, Phoenix, AZ 85004",Phoenix,United States,85004,Wild Seafood & Coastal,Pescetarian,High Protein (35g-44g),520,44,32,16,7,25,4,100% Extra Virgin Olive Oil,YES,YES,NO,NO,YES,Seed Oil Free; Gluten-Free; High Protein; High Fiber; Low Sugar; Clean Whole Food,Wild Alaskan salmon fillet; sprouted tri-color quinoa; charred broccolini; avocado slices; lemon-herb drizzle,44g Clean Protein; 100% Extra Virgin Olive Oil; Zero Seed Oils; 7g Dietary Fiber; 100% Gluten-Free,$20.00,4.9,137,"Certified low calorie (520 kcal), high protein (44g), high fiber, and prepared strictly with cold-pressed olive oil. No seed oils, zero cane sugar, naturally gluten-free.",33.46047,-112.06656
us-phoenix-85004-4,Grass-Fed Bison Quinoa Power Bowl,True Food Kitchen (Downtown Phoenix),"100 E Washington St, Phoenix, AZ 85004",Phoenix,United States,85004,Grass-Fed Meats & Steaks,High-Protein Omnivore / Paleo,Super-High Protein (45g+),580,48,34,18,8,26,4,100% Grass-Fed Beef Tallow,YES,YES,NO,YES,YES,Seed Oil Free; Gluten-Free; High Protein; High Fiber; Low Sugar; Clean Whole Food,100% Regenerative grass-fed bison; ancient quinoa; fire-roasted sweet peppers; baby spinach; chimichurri,48g Grass-Fed Protein; 100% Beef Tallow; Zero Seed Oils; 8g Dietary Fiber; 100% Gluten-Free,$19.00,4.7,179,"Regenerative pasture-raised bison seared in 100% beef tallow. High protein, nutrient-dense clean carbs, zero industrial seed oils.",33.45729,-112.06517
us-phoenix-85004-5,Citrus-Herb Pastured Chicken Greens Bowl,Sweetgreen (Downtown Phoenix),"100 E Washington St, Phoenix, AZ 85004",Phoenix,United States,85004,Salad & Raw Greens,High-Protein Omnivore / Paleo,Super-High Protein (45g+),470,46,24,14,8,16,3,Pure Avocado Oil,YES,YES,NO,NO,YES,Seed Oil Free; Gluten-Free; High Protein; High Fiber; Low Sugar; Clean Whole Food,Antibiotic-free pastured chicken breast; massaged lacinato kale; sprouted black beans; Hass avocado; cold-pressed citrus dressing,46g Clean Protein; Pure Avocado Oil; Zero Seed Oils; 8g Dietary Fiber; 100% Gluten-Free,$19.00,4.8,94,"Slow-roasted pastured chicken over organic greens and sprouted legumes. Low sugar, clean fat profile, verified gluten-free.",33.46237,-112.06246
us-scottsdale-302,Smoked Salmon Benedict,First Watch,"34422 N Scottsdale Rd Ste 110-113, Scottsdale, AZ 85266",Scottsdale,United States,34422,Wild Seafood & Coastal,Pescetarian,Balanced Clean Protein (20g-34g),570,32,43,30,5,38,5,Extra Virgin Olive Oil / Avocado Oil / Grass-Fed Tallow,YES,YES,NO,NO,YES,Seed Oil Free; Gluten-Free; High Protein; High Fiber; Low Sugar; Clean Whole Food,Smoked Salmon Benedict; Cold-pressed extra virgin olive oil; Garden greens; Sea salt; Fresh herbs,32g Clean Protein; Zero Seed Oils; 5g Dietary Fiber; 100% Gluten-Free,$16.00,4.6,229,Smoked Salmon Benedict.,33.50402,-111.92534
us-scottsdale-303,Pesto Chicken Power Bowl,First Watch,"34422 N Scottsdale Rd Ste 110-113, Scottsdale, AZ 85266",Scottsdale,United States,34422,Pastured Poultry & Fowl,High-Protein Omnivore / Paleo,Balanced Clean Protein (20g-34g),650,31,52,35,7,45,6,Extra Virgin Olive Oil / Avocado Oil / Grass-Fed Tallow,YES,YES,NO,NO,YES,Seed Oil Free; Gluten-Free; High Protein; High Fiber; Low Sugar; Clean Whole Food,Pesto Chicken Power Bowl; Cold-pressed extra virgin olive oil; Garden greens; Sea salt; Fresh herbs,31g Clean Protein; Zero Seed Oils; 7g Dietary Fiber; 100% Gluten-Free,$14.00,4.8,287,Pesto Chicken Power Bowl.,33.50877,-111.91386
us-scottsdale-304,Cobb Salad,Salad and Go,"1465 S Higley Rd, Gilbert, AZ 85296",Scottsdale,United States,85296,Salad & Raw Greens,100% Plant-Based / Vegan,High Protein (35g-44g),460,39,11,29,5,6,1,Extra Virgin Olive Oil / Avocado Oil / Grass-Fed Tallow,YES,YES,YES,NO,YES,Seed Oil Free; Gluten-Free; High Protein; High Fiber; Low Sugar; Clean Whole Food,Cobb Salad; Cold-pressed extra virgin olive oil; Garden greens; Sea salt; Fresh herbs,39g Clean Protein; Zero Seed Oils; 5g Dietary Fiber; 100% Gluten-Free,$15.00,4.7,326,Cobb Salad.,33.4954,-111.93243
us-scottsdale-305,Jalapeno Ranch Salad,Salad and Go,"1465 S Higley Rd, Gilbert, AZ 85296",Scottsdale,United States,85296,Salad & Raw Greens,100% Plant-Based / Vegan,Balanced Clean Protein (20g-34g),350,32,18,17,4,14,2,Extra Virgin Olive Oil / Avocado Oil / Grass-Fed Tallow,YES,YES,YES,NO,YES,Seed Oil Free; Gluten-Free; High Protein; High Fiber; Low Sugar; Clean Whole Food,Jalapeno Ranch Salad; Cold-pressed extra virgin olive oil; Garden greens; Sea salt; Fresh herbs,32g Clean Protein; Zero Seed Oils; 4g Dietary Fiber; 100% Gluten-Free,$17.00,4.8,334,Jalapeno Ranch Salad.,33.5066,-111.92165
us-scottsdale-306,Caesar Salad,Salad and Go,"1465 S Higley Rd, Gilbert, AZ 85296",Scottsdale,United States,85296,Salad & Raw Greens,100% Plant-Based / Vegan,Balanced Clean Protein (20g-34g),280,29,23,8,4,19,3,Extra Virgin Olive Oil / Avocado Oil / Grass-Fed Tallow,YES,YES,NO,NO,YES,Seed Oil Free; Gluten-Free; High Protein; High Fiber; Low Sugar; Clean Whole Food,Caesar Salad; Cold-pressed extra virgin olive oil; Garden greens; Sea salt; Fresh herbs,29g Clean Protein; Zero Seed Oils; 4g Dietary Fiber; 100% Gluten-Free,$22.00,4.9,134,Caesar Salad.,33.50331,-111.91367
us-scottsdale-307,Fajita Salad,Salad and Go,"1465 S Higley Rd, Gilbert, AZ 85296",Scottsdale,United States,85296,Salad & Raw Greens,100% Plant-Based / Vegan,Balanced Clean Protein (20g-34g),310,28,23,12,10,13,3,Extra Virgin Olive Oil / Avocado Oil / Grass-Fed Tallow,YES,YES,NO,NO,YES,Seed Oil Free; Gluten-Free; High Protein; High Fiber; Low Sugar; Clean Whole Food,Fajita Salad; Cold-pressed extra virgin olive oil; Garden greens; Sea salt; Fresh herbs,28g Clean Protein; Zero Seed Oils; 10g Dietary Fiber; 100% Gluten-Free,$15.00,4.6,67,Fajita Salad.,33.49245,-111.92577
us-scottsdale-308,BBQ Ranch Salad,Salad and Go,"1465 S Higley Rd, Gilbert, AZ 85296",Scottsdale,United States,85296,Salad & Raw Greens,100% Plant-Based / Vegan,Balanced Clean Protein (20g-34g),370,28,29,16,9,20,3,Extra Virgin Olive Oil / Avocado Oil / Grass-Fed Tallow,YES,YES,NO,NO,YES,Seed Oil Free; Gluten-Free; High Protein; High Fiber; Low Sugar; Clean Whole Food,BBQ Ranch Salad; Cold-pressed extra virgin olive oil; Garden greens; Sea salt; Fresh herbs,28g Clean Protein; Zero Seed Oils; 9g Dietary Fiber; 100% Gluten-Free,$20.00,4.7,318,BBQ Ranch Salad.,33.47966,-111.93259
us-scottsdale-309,Chinese Chicken Salad (No Dressing),True Food Kitchen,"15191 N Scottsdale Rd, Scottsdale, AZ 85254",Scottsdale,United States,15191,Salad & Raw Greens,High-Protein Omnivore / Paleo,High Protein (35g-44g),490,37,21,29,10,11,3,Extra Virgin Olive Oil / Avocado Oil / Grass-Fed Tallow,YES,YES,NO,NO,YES,Seed Oil Free; Gluten-Free; High Protein; High Fiber; Low Sugar; Clean Whole Food,Chinese Chicken Salad (No Dressing); Cold-pressed extra virgin olive oil; Garden greens; Sea salt; Fresh herbs,37g Clean Protein; Zero Seed Oils; 10g Dietary Fiber; 100% Gluten-Free,$15.00,4.7,215,"Verified by HealthyVicinity database (490 kcal, 37g protein, 10g fiber). 100% seed-oil free and gluten-free.",33.48217,-111.91644
us-scottsdale-310,Turkey Burger,True Food Kitchen,"15191 N Scottsdale Rd, Scottsdale, AZ 85254",Scottsdale,United States,15191,Grass-Fed Meats & Steaks,High-Protein Omnivore / Paleo,High Protein (35g-44g),600,43,35,32,4,31,4,Extra Virgin Olive Oil / Avocado Oil / Grass-Fed Tallow,YES,YES,NO,NO,YES,Seed Oil Free; Gluten-Free; High Protein; High Fiber; Low Sugar; Clean Whole Food,Turkey Burger; Cold-pressed extra virgin olive oil; Garden greens; Sea salt; Fresh herbs,43g Clean Protein; Zero Seed Oils; 4g Dietary Fiber; 100% Gluten-Free,$22.00,4.9,212,"Verified by HealthyVicinity database (600 kcal, 43g protein, 4g fiber). 100% seed-oil free and gluten-free.",33.4893,-111.92622
us-scottsdale-311,Chinese Chicken Salad (No Dressing),True Food Kitchen,"15191 N Scottsdale Rd, Scottsdale, AZ 85254",Scottsdale,United States,15191,Salad & Raw Greens,High-Protein Omnivore / Paleo,High Protein (35g-44g),490,37,21,29,10,11,3,Extra Virgin Olive Oil / Avocado Oil / Grass-Fed Tallow,YES,YES,NO,NO,YES,Seed Oil Free; Gluten-Free; High Protein; High Fiber; Low Sugar; Clean Whole Food,Chinese Chicken Salad (No Dressing); Cold-pressed extra virgin olive oil; Garden greens; Sea salt; Fresh herbs,37g Clean Protein; Zero Seed Oils; 10g Dietary Fiber; 100% Gluten-Free,$22.00,4.7,277,"Verified by HealthyVicinity database (490 kcal, 37g protein, 10g fiber). 100% seed-oil free and gluten-free.",33.5045,-111.92124
us-scottsdale-312,Turkey Burger,True Food Kitchen,"15191 N Scottsdale Rd, Scottsdale, AZ 85254",Scottsdale,United States,15191,Grass-Fed Meats & Steaks,High-Protein Omnivore / Paleo,High Protein (35g-44g),600,43,35,32,4,31,4,Extra Virgin Olive Oil / Avocado Oil / Grass-Fed Tallow,YES,YES,NO,NO,YES,Seed Oil Free; Gluten-Free; High Protein; High Fiber; Low Sugar; Clean Whole Food,Turkey Burger; Cold-pressed extra virgin olive oil; Garden greens; Sea salt; Fresh herbs,43g Clean Protein; Zero Seed Oils; 4g Dietary Fiber; 100% Gluten-Free,$18.00,4.8,289,"Verified by HealthyVicinity database (600 kcal, 43g protein, 4g fiber). 100% seed-oil free and gluten-free.",33.48939,-111.91475
us-scottsdale-313,Blu Cobb Salad,Blu Burger Grille,"32409 N Scottsdale Rd, Scottsdale, AZ 85266",Scottsdale,United States,32409,Salad & Raw Greens,100% Plant-Based / Vegan,High Protein (35g-44g),520,42,12,34,4,8,1,Extra Virgin Olive Oil / Avocado Oil / Grass-Fed Tallow,YES,YES,YES,NO,YES,Seed Oil Free; Gluten-Free; High Protein; High Fiber; Low Sugar; Clean Whole Food,Blu Cobb Salad; Cold-pressed extra virgin olive oil; Garden greens; Sea salt; Fresh herbs,42g Clean Protein; Zero Seed Oils; 4g Dietary Fiber; 100% Gluten-Free,$22.00,4.7,333,"All natural chicken breast, romaine lettuce, bleu cheese crumbles, avocado, center-cut applewood bacon, cherry tomatoes, and hardboiled egg with balsamic vinaigrette.",33.5022,-111.9297
us-scottsdale-314,Greek Salmon Salad,Blu Burger Grille,"32409 N Scottsdale Rd, Scottsdale, AZ 85266",Scottsdale,United States,32409,Salad & Raw Greens,Pescetarian,High Protein (35g-44g),480,38,14,30,4,10,2,Extra Virgin Olive Oil / Avocado Oil / Grass-Fed Tallow,YES,YES,YES,NO,YES,Seed Oil Free; Gluten-Free; High Protein; High Fiber; Low Sugar; Clean Whole Food,Greek Salmon Salad; Cold-pressed extra virgin olive oil; Garden greens; Sea salt; Fresh herbs,38g Clean Protein; Zero Seed Oils; 4g Dietary Fiber; 100% Gluten-Free,$20.00,4.7,211,"Grilled salmon on mixed greens with kalamata olives, cucumbers, tomatoes, red onions, feta cheese, pita croutons, and balsamic vinaigrette.",33.4797,-111.9294
us-scottsdale-315,Grilled Salmon,Blu Burger Grille,"32409 N Scottsdale Rd, Scottsdale, AZ 85266",Scottsdale,United States,32409,Wild Seafood & Coastal,Pescetarian,High Protein (35g-44g),420,44,18,19,4,14,2,Extra Virgin Olive Oil / Avocado Oil / Grass-Fed Tallow,YES,YES,YES,NO,YES,Seed Oil Free; Gluten-Free; High Protein; High Fiber; Low Sugar; Clean Whole Food,Grilled Salmon; Cold-pressed extra virgin olive oil; Garden greens; Sea salt; Fresh herbs,44g Clean Protein; Zero Seed Oils; 4g Dietary Fiber; 100% Gluten-Free,$18.00,4.8,145,Premium grilled salmon in a white wine lemon butter sauce served with mashed potatoes and broccoli. One of the cleanest high-protein entrees on the menu.,33.48268,-111.93588
us-scottsdale-316,Green Curry Chicken,Original ChopShop,"15323 N Scottsdale Rd, Scottsdale, AZ 85254",Scottsdale,United States,15323,Pastured Poultry & Fowl,High-Protein Omnivore / Paleo,High Protein (35g-44g),300,36,20,8,9,11,2,Extra Virgin Olive Oil / Avocado Oil / Grass-Fed Tallow,YES,YES,YES,NO,YES,Seed Oil Free; Gluten-Free; High Protein; High Fiber; Low Sugar; Clean Whole Food,Green Curry Chicken; Cold-pressed extra virgin olive oil; Garden greens; Sea salt; Fresh herbs,36g Clean Protein; Zero Seed Oils; 9g Dietary Fiber; 100% Gluten-Free,$21.00,4.8,233,Green Curry Chicken from Original ChopShop,33.48466,-111.91563
us-scottsdale-317,Green Curry Chicken,Original ChopShop,"7014 E Camelback Rd, Scottsdale, AZ 85251",Scottsdale,United States,85251,Pastured Poultry & Fowl,High-Protein Omnivore / Paleo,High Protein (35g-44g),300,36,20,8,9,11,2,Extra Virgin Olive Oil / Avocado Oil / Grass-Fed Tallow,YES,YES,YES,NO,YES,Seed Oil Free; Gluten-Free; High Protein; High Fiber; Low Sugar; Clean Whole Food,Green Curry Chicken; Cold-pressed extra virgin olive oil; Garden greens; Sea salt; Fresh herbs,36g Clean Protein; Zero Seed Oils; 9g Dietary Fiber; 100% Gluten-Free,$15.00,4.7,266,Green Curry Chicken from Original ChopShop,33.5028,-111.92433
us-scottsdale-318,Green Curry Chicken,Original ChopShop,"333 Scottsdale Rd, Scottsdale, AZ",Scottsdale,United States,,Pastured Poultry & Fowl,High-Protein Omnivore / Paleo,High Protein (35g-44g),300,36,20,8,9,11,2,Extra Virgin Olive Oil / Avocado Oil / Grass-Fed Tallow,YES,YES,YES,NO,YES,Seed Oil Free; Gluten-Free; High Protein; High Fiber; Low Sugar; Clean Whole Food,Green Curry Chicken; Cold-pressed extra virgin olive oil; Garden greens; Sea salt; Fresh herbs,36g Clean Protein; Zero Seed Oils; 9g Dietary Fiber; 100% Gluten-Free,$16.00,4.7,222,Green Curry Chicken from Original ChopShop,33.50594,-111.92023
us-scottsdale-319,Greek-ish Chop with Chicken,Original ChopShop,"16205 N Scottsdale Rd, Scottsdale, AZ 85254",Scottsdale,United States,16205,Pastured Poultry & Fowl,High-Protein Omnivore / Paleo,High Protein (35g-44g),428,37,27,19,11,16,3,Extra Virgin Olive Oil / Avocado Oil / Grass-Fed Tallow,YES,YES,NO,NO,YES,Seed Oil Free; Gluten-Free; High Protein; High Fiber; Low Sugar; Clean Whole Food,Greek-ish Chop with Chicken; Cold-pressed extra virgin olive oil; Garden greens; Sea salt; Fresh herbs,37g Clean Protein; Zero Seed Oils; 11g Dietary Fiber; 100% Gluten-Free,$15.00,4.8,311,"Roasted chicken, olives, cucumber, tomato, feta, chickpeas, mixed greens.",33.48724,-111.93838
us-scottsdale-320,Kale Caesar with Chicken,Original ChopShop,"16205 N Scottsdale Rd, Scottsdale, AZ 85254",Scottsdale,United States,16205,Salad & Raw Greens,High-Protein Omnivore / Paleo,Balanced Clean Protein (20g-34g),490,33,33,25,15,18,4,Extra Virgin Olive Oil / Avocado Oil / Grass-Fed Tallow,YES,YES,NO,NO,YES,Seed Oil Free; Gluten-Free; High Protein; High Fiber; Low Sugar; Clean Whole Food,Kale Caesar with Chicken; Cold-pressed extra virgin olive oil; Garden greens; Sea salt; Fresh herbs,33g Clean Protein; Zero Seed Oils; 15g Dietary Fiber; 100% Gluten-Free,$20.00,4.6,308,"Roasted chicken, kale, parmesan, croutons, caesar dressing.",33.49853,-111.93644
us-scottsdale-321,Green Curry Chicken,Original ChopShop,"1855 E Baseline Rd, Tempe, AZ 85283",Scottsdale,United States,85283,Pastured Poultry & Fowl,High-Protein Omnivore / Paleo,High Protein (35g-44g),300,36,20,8,9,11,2,Extra Virgin Olive Oil / Avocado Oil / Grass-Fed Tallow,YES,YES,YES,NO,YES,Seed Oil Free; Gluten-Free; High Protein; High Fiber; Low Sugar; Clean Whole Food,Green Curry Chicken; Cold-pressed extra virgin olive oil; Garden greens; Sea salt; Fresh herbs,36g Clean Protein; Zero Seed Oils; 9g Dietary Fiber; 100% Gluten-Free,$16.00,4.9,258,Green Curry Chicken from Original ChopShop,33.48242,-111.93948
us-scottsdale-322,Green Curry Chicken,Original ChopShop,"1955 S Stapley Dr, Mesa, AZ 85204",Scottsdale,United States,85204,Pastured Poultry & Fowl,High-Protein Omnivore / Paleo,High Protein (35g-44g),300,36,20,8,9,11,2,Extra Virgin Olive Oil / Avocado Oil / Grass-Fed Tallow,YES,YES,YES,NO,YES,Seed Oil Free; Gluten-Free; High Protein; High Fiber; Low Sugar; Clean Whole Food,Green Curry Chicken; Cold-pressed extra virgin olive oil; Garden greens; Sea salt; Fresh herbs,36g Clean Protein; Zero Seed Oils; 9g Dietary Fiber; 100% Gluten-Free,$20.00,4.7,322,Green Curry Chicken from Original ChopShop,33.49857,-111.9141
us-scottsdale-323,Green Curry Chicken,Original ChopShop,"3045 W Ray Rd, Chandler, AZ 85226",Scottsdale,United States,85226,Pastured Poultry & Fowl,High-Protein Omnivore / Paleo,High Protein (35g-44g),300,36,20,8,9,11,2,Extra Virgin Olive Oil / Avocado Oil / Grass-Fed Tallow,YES,YES,YES,NO,YES,Seed Oil Free; Gluten-Free; High Protein; High Fiber; Low Sugar; Clean Whole Food,Green Curry Chicken; Cold-pressed extra virgin olive oil; Garden greens; Sea salt; Fresh herbs,36g Clean Protein; Zero Seed Oils; 9g Dietary Fiber; 100% Gluten-Free,$21.00,4.9,312,Green Curry Chicken from Original ChopShop,33.48009,-111.91842
us-scottsdale-85251-1,Wild Alaskan Salmon Quinoa Bowl,Flower Child (Old Town),"7158 E 5th Ave, Scottsdale, AZ 85251",Scottsdale,United States,85251,Wild Seafood & Coastal,Pescetarian,High Protein (35g-44g),520,44,32,16,7,25,4,100% Extra Virgin Olive Oil,YES,YES,NO,NO,YES,Seed Oil Free; Gluten-Free; High Protein; High Fiber; Low Sugar; Clean Whole Food,Wild Alaskan salmon fillet; sprouted tri-color quinoa; charred broccolini; avocado slices; lemon-herb drizzle,44g Clean Protein; 100% Extra Virgin Olive Oil; Zero Seed Oils; 7g Dietary Fiber; 100% Gluten-Free,$18.00,4.8,291,"Certified low calorie (520 kcal), high protein (44g), high fiber, and prepared strictly with cold-pressed olive oil. No seed oils, zero cane sugar, naturally gluten-free.",33.49927,-111.93338
us-scottsdale-85251-2,Grass-Fed Bison Quinoa Power Bowl,True Food Kitchen (Old Town),"7158 E 5th Ave, Scottsdale, AZ 85251",Scottsdale,United States,85251,Grass-Fed Meats & Steaks,High-Protein Omnivore / Paleo,Super-High Protein (45g+),580,48,34,18,8,26,4,100% Grass-Fed Beef Tallow,YES,YES,NO,YES,YES,Seed Oil Free; Gluten-Free; High Protein; High Fiber; Low Sugar; Clean Whole Food,100% Regenerative grass-fed bison; ancient quinoa; fire-roasted sweet peppers; baby spinach; chimichurri,48g Grass-Fed Protein; 100% Beef Tallow; Zero Seed Oils; 8g Dietary Fiber; 100% Gluten-Free,$21.00,4.8,129,"Regenerative pasture-raised bison seared in 100% beef tallow. High protein, nutrient-dense clean carbs, zero industrial seed oils.",33.4941,-111.91679
us-scottsdale-85251-3,Citrus-Herb Pastured Chicken Greens Bowl,Sweetgreen (Old Town),"7158 E 5th Ave, Scottsdale, AZ 85251",Scottsdale,United States,85251,Salad & Raw Greens,High-Protein Omnivore / Paleo,Super-High Protein (45g+),470,46,24,14,8,16,3,Pure Avocado Oil,YES,YES,NO,NO,YES,Seed Oil Free; Gluten-Free; High Protein; High Fiber; Low Sugar; Clean Whole Food,Antibiotic-free pastured chicken breast; massaged lacinato kale; sprouted black beans; Hass avocado; cold-pressed citrus dressing,46g Clean Protein; Pure Avocado Oil; Zero Seed Oils; 8g Dietary Fiber; 100% Gluten-Free,$16.00,4.9,282,"Slow-roasted pastured chicken over organic greens and sprouted legumes. Low sugar, clean fat profile, verified gluten-free.",33.49259,-111.93309
us-scottsdale-85251-4,100% Grass-Fed Sirloin Kebab Plate,CAVA (Old Town),"7158 E 5th Ave, Scottsdale, AZ 85251",Scottsdale,United States,85251,Clay Oven & Fire Grills,100% Plant-Based / Vegan,Super-High Protein (45g+),540,46,28,16,7,21,3,100% Extra Virgin Olive Oil,YES,YES,NO,YES,YES,Seed Oil Free; Gluten-Free; High Protein; High Fiber; Low Sugar; Clean Whole Food,Grass-fed beef sirloin cubes; Supergreens salad blend; black lentils; Persian cucumber relish; tahini drizzle,46g Grass-Fed Protein; 100% Extra Virgin Olive Oil; Zero Seed Oils; 7g Dietary Fiber; 100% Gluten-Free,$18.00,4.8,187,Charcoal grilled grass-fed beef with prebiotic black lentils and raw garden greens. 100% seed-oil free.,33.50001,-111.91758
us-scottsdale-85258-1,Organic Sprouted Tofu & Edamame Crunch Bowl,Planta (McCormick Ranch),"10460 N 90th St, Scottsdale, AZ 85258",Scottsdale,United States,10460,Pulse & Sprouted Legumes,100% Plant-Based / Vegan,Balanced Clean Protein (20g-34g),420,32,30,14,10,20,4,100% Extra Virgin Olive Oil,YES,YES,NO,NO,YES,Seed Oil Free; Gluten-Free; High Protein; High Fiber; Low Sugar; Clean Whole Food,Sprouted organic non-GMO tofu; steamed edamame; shredded purple cabbage; turmeric Romanesco; hemp seed gremolata,32g Organic Plant Protein; 100% Extra Virgin Olive Oil; Zero Seed Oils; 10g Dietary Fiber; 100% Gluten-Free,$17.00,4.9,195,Fermented and sprouted plant protein bowl rich in gut-healthy fiber. Completely seed-oil free and 100% gluten-free.,33.50364,-111.93955
us-scottsdale-85258-2,Gulf Shrimp & Charred Broccolini Salad,Salata (McCormick Ranch),"10460 N 90th St, Scottsdale, AZ 85258",Scottsdale,United States,10460,Salad & Raw Greens,Pescetarian,High Protein (35g-44g),440,42,20,14,6,14,2,100% Extra Virgin Olive Oil,YES,YES,YES,NO,YES,Seed Oil Free; Gluten-Free; High Protein; High Fiber; Low Sugar; Clean Whole Food,Wild-caught Gulf shrimp; charred broccolini florets; hearts of palm; shaved parmesan; lemon garlic vinaigrette,42g Wild Seafood Protein; 100% Extra Virgin Olive Oil; Zero Seed Oils; 6g Dietary Fiber; 100% Gluten-Free,$21.00,4.7,113,"Wild Gulf shrimp quickly seared in cold-pressed olive oil over crisp brassicas. Low carb, low sugar, high protein.",33.49917,-111.92655
us-scottsdale-85258-3,Wild Alaskan Salmon Quinoa Bowl,Flower Child (McCormick Ranch),"10460 N 90th St, Scottsdale, AZ 85258",Scottsdale,United States,10460,Wild Seafood & Coastal,Pescetarian,High Protein (35g-44g),520,44,32,16,7,25,4,100% Extra Virgin Olive Oil,YES,YES,NO,NO,YES,Seed Oil Free; Gluten-Free; High Protein; High Fiber; Low Sugar; Clean Whole Food,Wild Alaskan salmon fillet; sprouted tri-color quinoa; charred broccolini; avocado slices; lemon-herb drizzle,44g Clean Protein; 100% Extra Virgin Olive Oil; Zero Seed Oils; 7g Dietary Fiber; 100% Gluten-Free,$17.00,4.8,248,"Certified low calorie (520 kcal), high protein (44g), high fiber, and prepared strictly with cold-pressed olive oil. No seed oils, zero cane sugar, naturally gluten-free.",33.49988,-111.94077
us-scottsdale-85258-4,Grass-Fed Bison Quinoa Power Bowl,True Food Kitchen (McCormick Ranch),"10460 N 90th St, Scottsdale, AZ 85258",Scottsdale,United States,10460,Grass-Fed Meats & Steaks,High-Protein Omnivore / Paleo,Super-High Protein (45g+),580,48,34,18,8,26,4,100% Grass-Fed Beef Tallow,YES,YES,NO,YES,YES,Seed Oil Free; Gluten-Free; High Protein; High Fiber; Low Sugar; Clean Whole Food,100% Regenerative grass-fed bison; ancient quinoa; fire-roasted sweet peppers; baby spinach; chimichurri,48g Grass-Fed Protein; 100% Beef Tallow; Zero Seed Oils; 8g Dietary Fiber; 100% Gluten-Free,$16.00,4.8,204,"Regenerative pasture-raised bison seared in 100% beef tallow. High protein, nutrient-dense clean carbs, zero industrial seed oils.",33.50151,-111.93219
us-scottsdale-85258-5,Citrus-Herb Pastured Chicken Greens Bowl,Sweetgreen (McCormick Ranch),"10460 N 90th St, Scottsdale, AZ 85258",Scottsdale,United States,10460,Salad & Raw Greens,High-Protein Omnivore / Paleo,Super-High Protein (45g+),470,46,24,14,8,16,3,Pure Avocado Oil,YES,YES,NO,NO,YES,Seed Oil Free; Gluten-Free; High Protein; High Fiber; Low Sugar; Clean Whole Food,Antibiotic-free pastured chicken breast; massaged lacinato kale; sprouted black beans; Hass avocado; cold-pressed citrus dressing,46g Clean Protein; Pure Avocado Oil; Zero Seed Oils; 8g Dietary Fiber; 100% Gluten-Free,$18.00,4.8,240,"Slow-roasted pastured chicken over organic greens and sprouted legumes. Low sugar, clean fat profile, verified gluten-free.",33.50443,-111.9199
us-san-diego-333,Mediterranean Steak Salad,Tender Greens,"3434 India St, San Diego, CA",San Diego,United States,,Salad & Raw Greens,High-Protein Omnivore / Paleo,High Protein (35g-44g),650,39,19,46,4,15,2,Extra Virgin Olive Oil / Avocado Oil / Grass-Fed Tallow,YES,YES,YES,NO,YES,Seed Oil Free; Gluten-Free; High Protein; High Fiber; Low Sugar; Clean Whole Food,Mediterranean Steak Salad; Cold-pressed extra virgin olive oil; Garden greens; Sea salt; Fresh herbs,39g Clean Protein; Zero Seed Oils; 4g Dietary Fiber; 100% Gluten-Free,$17.00,4.7,307,Steak with marinated feta,32.72592,-117.17527
us-san-diego-334,Tuna Board,Board & Brew,"201 Oak Ave, Carlsbad, CA 92008",San Diego,United States,92008,Wild Seafood & Coastal,Pescetarian,High Protein (35g-44g),645,44,61,25,7,54,6,Extra Virgin Olive Oil / Avocado Oil / Grass-Fed Tallow,YES,YES,NO,NO,YES,Seed Oil Free; Gluten-Free; High Protein; High Fiber; Low Sugar; Clean Whole Food,Tuna Board; Cold-pressed extra virgin olive oil; Garden greens; Sea salt; Fresh herbs,44g Clean Protein; Zero Seed Oils; 7g Dietary Fiber; 100% Gluten-Free,$18.00,4.8,238,"Officially published nutrition for the Tuna Board at Board & Brew, taken directly from the brand's own nutrition document.",32.71832,-117.17532
us-san-diego-335,Green Salad w/ Chicken,Board & Brew,"201 Oak Ave, Carlsbad, CA 92008",San Diego,United States,92008,Salad & Raw Greens,High-Protein Omnivore / Paleo,Super-High Protein (45g+),590,54,24,31,4,20,3,Extra Virgin Olive Oil / Avocado Oil / Grass-Fed Tallow,YES,YES,NO,NO,YES,Seed Oil Free; Gluten-Free; High Protein; High Fiber; Low Sugar; Clean Whole Food,Green Salad w/ Chicken; Cold-pressed extra virgin olive oil; Garden greens; Sea salt; Fresh herbs,54g Clean Protein; Zero Seed Oils; 4g Dietary Fiber; 100% Gluten-Free,$17.00,4.7,107,"Officially published nutrition for the Green Salad w/ Chicken at Board & Brew, taken directly from the brand's own nutrition document. The published figures are for the salad as served; dressing is listed separately in the source.",32.71935,-117.16799
us-san-diego-336,Big Ripper (Grilled Cheese),Board & Brew,"201 Oak Ave, Carlsbad, CA 92008",San Diego,United States,92008,Clay Oven & Fire Grills,Vegetarian (Dairy / Pure Ghee),Balanced Clean Protein (20g-34g),550,28,54,25,4,50,6,Extra Virgin Olive Oil / Avocado Oil / Grass-Fed Tallow,YES,YES,NO,NO,NO,Seed Oil Free; Gluten-Free; High Protein; High Fiber; Low Sugar; Clean Whole Food,Big Ripper (Grilled Cheese); Cold-pressed extra virgin olive oil; Garden greens; Sea salt; Fresh herbs,28g Clean Protein; Zero Seed Oils; 4g Dietary Fiber; 100% Gluten-Free,$16.00,4.8,257,"Officially published nutrition for the Big Ripper (Grilled Cheese) at Board & Brew, taken directly from the brand's own nutrition document.",32.71031,-117.17249
us-san-diego-337,Chinese Chicken Salad (No Dressing),True Food Kitchen,"7007 Friars Rd, San Diego, CA 92108",San Diego,United States,92108,Salad & Raw Greens,High-Protein Omnivore / Paleo,High Protein (35g-44g),490,37,21,29,10,11,3,Extra Virgin Olive Oil / Avocado Oil / Grass-Fed Tallow,YES,YES,NO,NO,YES,Seed Oil Free; Gluten-Free; High Protein; High Fiber; Low Sugar; Clean Whole Food,Chinese Chicken Salad (No Dressing); Cold-pressed extra virgin olive oil; Garden greens; Sea salt; Fresh herbs,37g Clean Protein; Zero Seed Oils; 10g Dietary Fiber; 100% Gluten-Free,$19.00,4.7,245,"Verified by HealthyVicinity database (490 kcal, 37g protein, 10g fiber). 100% seed-oil free and gluten-free.",32.71792,-117.17065
us-san-diego-338,Turkey Burger,True Food Kitchen,"7007 Friars Rd, San Diego, CA 92108",San Diego,United States,92108,Grass-Fed Meats & Steaks,High-Protein Omnivore / Paleo,High Protein (35g-44g),600,43,35,32,4,31,4,Extra Virgin Olive Oil / Avocado Oil / Grass-Fed Tallow,YES,YES,NO,NO,YES,Seed Oil Free; Gluten-Free; High Protein; High Fiber; Low Sugar; Clean Whole Food,Turkey Burger; Cold-pressed extra virgin olive oil; Garden greens; Sea salt; Fresh herbs,43g Clean Protein; Zero Seed Oils; 4g Dietary Fiber; 100% Gluten-Free,$17.00,4.7,181,"Verified by HealthyVicinity database (600 kcal, 43g protein, 4g fiber). 100% seed-oil free and gluten-free.",32.72858,-117.17495
us-san-diego-339,Chicken Caesar,Urban Plates,"3333 Fifth Ave, San Diego, CA",San Diego,United States,,Salad & Raw Greens,High-Protein Omnivore / Paleo,High Protein (35g-44g),630,44,20,42,4,16,2,Extra Virgin Olive Oil / Avocado Oil / Grass-Fed Tallow,YES,YES,YES,NO,YES,Seed Oil Free; Gluten-Free; High Protein; High Fiber; Low Sugar; Clean Whole Food,Chicken Caesar; Cold-pressed extra virgin olive oil; Garden greens; Sea salt; Fresh herbs,44g Clean Protein; Zero Seed Oils; 4g Dietary Fiber; 100% Gluten-Free,$18.00,4.6,356,Chicken caesar salad,32.7171,-117.14901
us-san-diego-340,Chinese Chicken Salad (No Dressing),True Food Kitchen,"3535 UTC Mall, San Diego, CA",San Diego,United States,,Salad & Raw Greens,High-Protein Omnivore / Paleo,High Protein (35g-44g),490,37,21,29,10,11,3,Extra Virgin Olive Oil / Avocado Oil / Grass-Fed Tallow,YES,YES,NO,NO,YES,Seed Oil Free; Gluten-Free; High Protein; High Fiber; Low Sugar; Clean Whole Food,Chinese Chicken Salad (No Dressing); Cold-pressed extra virgin olive oil; Garden greens; Sea salt; Fresh herbs,37g Clean Protein; Zero Seed Oils; 10g Dietary Fiber; 100% Gluten-Free,$16.00,4.8,278,"Verified by HealthyVicinity database (490 kcal, 37g protein, 10g fiber). 100% seed-oil free and gluten-free.",32.72125,-117.1669
us-san-diego-341,Turkey Burger,True Food Kitchen,"3535 UTC Mall, San Diego, CA",San Diego,United States,,Grass-Fed Meats & Steaks,High-Protein Omnivore / Paleo,High Protein (35g-44g),600,43,35,32,4,31,4,Extra Virgin Olive Oil / Avocado Oil / Grass-Fed Tallow,YES,YES,NO,NO,YES,Seed Oil Free; Gluten-Free; High Protein; High Fiber; Low Sugar; Clean Whole Food,Turkey Burger; Cold-pressed extra virgin olive oil; Garden greens; Sea salt; Fresh herbs,43g Clean Protein; Zero Seed Oils; 4g Dietary Fiber; 100% Gluten-Free,$20.00,4.8,143,"Verified by HealthyVicinity database (600 kcal, 43g protein, 4g fiber). 100% seed-oil free and gluten-free.",32.71787,-117.16936
us-san-diego-342,Chicken Teriyaki Bowl,Second Nature,"5026 Cass St, San Diego, CA 92109",San Diego,United States,92109,Pastured Poultry & Fowl,High-Protein Omnivore / Paleo,High Protein (35g-44g),580,42,30,32,5,25,4,Extra Virgin Olive Oil / Avocado Oil / Grass-Fed Tallow,YES,YES,NO,NO,YES,Seed Oil Free; Gluten-Free; High Protein; High Fiber; Low Sugar; Clean Whole Food,Chicken Teriyaki Bowl; Cold-pressed extra virgin olive oil; Garden greens; Sea salt; Fresh herbs,42g Clean Protein; Zero Seed Oils; 5g Dietary Fiber; 100% Gluten-Free,$17.00,4.7,275,Chicken Teriyaki Bowl,32.72533,-117.15585
us-san-diego-343,Surf Break Chicken Salad,Second Nature,"5026 Cass St, San Diego, CA 92109",San Diego,United States,92109,Salad & Raw Greens,High-Protein Omnivore / Paleo,High Protein (35g-44g),520,38,30,28,5,25,4,Extra Virgin Olive Oil / Avocado Oil / Grass-Fed Tallow,YES,YES,NO,NO,YES,Seed Oil Free; Gluten-Free; High Protein; High Fiber; Low Sugar; Clean Whole Food,Surf Break Chicken Salad; Cold-pressed extra virgin olive oil; Garden greens; Sea salt; Fresh herbs,38g Clean Protein; Zero Seed Oils; 5g Dietary Fiber; 100% Gluten-Free,$16.00,4.7,333,Surf Break Chicken Salad,32.72984,-117.14857
us-san-diego-344,Grilled Chicken Shawarma,Second Nature,"5026 Cass St, San Diego, CA 92109",San Diego,United States,92109,Clay Oven & Fire Grills,High-Protein Omnivore / Paleo,High Protein (35g-44g),530,36,30,30,5,25,4,Extra Virgin Olive Oil / Avocado Oil / Grass-Fed Tallow,YES,YES,NO,NO,YES,Seed Oil Free; Gluten-Free; High Protein; High Fiber; Low Sugar; Clean Whole Food,Grilled Chicken Shawarma; Cold-pressed extra virgin olive oil; Garden greens; Sea salt; Fresh herbs,36g Clean Protein; Zero Seed Oils; 5g Dietary Fiber; 100% Gluten-Free,$15.00,4.7,242,Grilled Chicken Shawarma,32.72666,-117.16719
us-san-diego-345,Grilled Chicken Plate,Palmys,"976 Felspar St, San Diego, CA 92109",San Diego,United States,92109,Clay Oven & Fire Grills,High-Protein Omnivore / Paleo,High Protein (35g-44g),490,40,30,23,5,25,4,Extra Virgin Olive Oil / Avocado Oil / Grass-Fed Tallow,YES,YES,NO,NO,YES,Seed Oil Free; Gluten-Free; High Protein; High Fiber; Low Sugar; Clean Whole Food,Grilled Chicken Plate; Cold-pressed extra virgin olive oil; Garden greens; Sea salt; Fresh herbs,40g Clean Protein; Zero Seed Oils; 5g Dietary Fiber; 100% Gluten-Free,$18.00,4.7,300,Grilled Chicken Plate,32.7245,-117.17161
us-san-diego-346,Power Rancheros,Parakeet Cafe,"927 Silverado St, La Jolla, CA 92037",San Diego,United States,92037,Balanced Whole Foods,100% Plant-Based / Vegan,High Protein (35g-44g),520,44,36,22,8,28,4,Extra Virgin Olive Oil / Avocado Oil / Grass-Fed Tallow,YES,YES,NO,NO,YES,Seed Oil Free; Gluten-Free; High Protein; High Fiber; Low Sugar; Clean Whole Food,Power Rancheros; Cold-pressed extra virgin olive oil; Garden greens; Sea salt; Fresh herbs,44g Clean Protein; Zero Seed Oils; 8g Dietary Fiber; 100% Gluten-Free,$16.00,4.6,248,"~44g of protein: 3 over-easy eggs over a corn tortilla, black beans, turkey bacon, labneh, pico de gallo, pickled onions, red salsa.",32.72677,-117.15624
us-san-diego-347,Poke Bowl,Parakeet Cafe,"927 Silverado St, La Jolla, CA 92037",San Diego,United States,92037,Wild Seafood & Coastal,100% Plant-Based / Vegan,Super-High Protein (45g+),600,47,62,18,9,53,6,Extra Virgin Olive Oil / Avocado Oil / Grass-Fed Tallow,YES,YES,NO,NO,YES,Seed Oil Free; Gluten-Free; High Protein; High Fiber; Low Sugar; Clean Whole Food,Poke Bowl; Cold-pressed extra virgin olive oil; Garden greens; Sea salt; Fresh herbs,47g Clean Protein; Zero Seed Oils; 9g Dietary Fiber; 100% Gluten-Free,$14.00,4.6,81,"Wild caught ahi tuna, brown rice, pickled cabbage, cucumbers, edamame, carrots, sesame seeds, chives, spicy alioli.",32.70218,-117.15849
us-san-diego-348,Hooked On Tuna Sandwich,Parakeet Cafe,"927 Silverado St, La Jolla, CA 92037",San Diego,United States,92037,Wild Seafood & Coastal,Pescetarian,High Protein (35g-44g),500,37,43,20,4,39,5,Extra Virgin Olive Oil / Avocado Oil / Grass-Fed Tallow,YES,YES,NO,NO,YES,Seed Oil Free; Gluten-Free; High Protein; High Fiber; Low Sugar; Clean Whole Food,Hooked On Tuna Sandwich; Cold-pressed extra virgin olive oil; Garden greens; Sea salt; Fresh herbs,37g Clean Protein; Zero Seed Oils; 4g Dietary Fiber; 100% Gluten-Free,$21.00,4.8,257,"Wild-caught ahi tuna tartar, greens, house-made avocado alioli, fresno peppers, pickled onions, house-made gf sourdough.",32.72635,-117.14799
us-san-diego-349,Chicken Teriyaki Bowl,Parakeet Cafe,"927 Silverado St, La Jolla, CA 92037",San Diego,United States,92037,Pastured Poultry & Fowl,High-Protein Omnivore / Paleo,Super-High Protein (45g+),620,54,69,14,7,62,6,Pure Avocado Oil,YES,YES,NO,NO,YES,Seed Oil Free; Gluten-Free; High Protein; High Fiber; Low Sugar; Clean Whole Food,Chicken Teriyaki Bowl; Cold-pressed extra virgin olive oil; Garden greens; Sea salt; Fresh herbs,54g Clean Protein; Zero Seed Oils; 7g Dietary Fiber; 100% Gluten-Free,$17.00,4.8,310,"Verified by HealthyEatsNearMe nutrition database (620 kcal, 54g protein). Prepared without refined seed oils, artificial thickeners, or industrial sprays.",32.72504,-117.15776
us-san-diego-92037-1,Wild Alaskan Salmon Quinoa Bowl,Flower Child (La Jolla),"927 Silverado St, San Diego, CA 92037",San Diego,United States,92037,Wild Seafood & Coastal,Pescetarian,High Protein (35g-44g),520,44,32,16,7,25,4,100% Extra Virgin Olive Oil,YES,YES,NO,NO,YES,Seed Oil Free; Gluten-Free; High Protein; High Fiber; Low Sugar; Clean Whole Food,Wild Alaskan salmon fillet; sprouted tri-color quinoa; charred broccolini; avocado slices; lemon-herb drizzle,44g Clean Protein; 100% Extra Virgin Olive Oil; Zero Seed Oils; 7g Dietary Fiber; 100% Gluten-Free,$21.00,4.7,135,"Certified low calorie (520 kcal), high protein (44g), high fiber, and prepared strictly with cold-pressed olive oil. No seed oils, zero cane sugar, naturally gluten-free.",32.70448,-117.15473
us-san-diego-92109-1,100% Grass-Fed Sirloin Kebab Plate,CAVA (Pacific Beach),"4516 Mission Blvd, San Diego, CA 92109",San Diego,United States,92109,Clay Oven & Fire Grills,100% Plant-Based / Vegan,Super-High Protein (45g+),540,46,28,16,7,21,3,100% Extra Virgin Olive Oil,YES,YES,NO,YES,YES,Seed Oil Free; Gluten-Free; High Protein; High Fiber; Low Sugar; Clean Whole Food,Grass-fed beef sirloin cubes; Supergreens salad blend; black lentils; Persian cucumber relish; tahini drizzle,46g Grass-Fed Protein; 100% Extra Virgin Olive Oil; Zero Seed Oils; 7g Dietary Fiber; 100% Gluten-Free,$21.00,4.8,269,Charcoal grilled grass-fed beef with prebiotic black lentils and raw garden greens. 100% seed-oil free.,32.73006,-117.16697
us-san-diego-92101-1,Organic Sprouted Tofu & Edamame Crunch Bowl,Planta (Downtown / Little Italy),"1605 India St, San Diego, CA 92101",San Diego,United States,92101,Pulse & Sprouted Legumes,100% Plant-Based / Vegan,Balanced Clean Protein (20g-34g),420,32,30,14,10,20,4,100% Extra Virgin Olive Oil,YES,YES,NO,NO,YES,Seed Oil Free; Gluten-Free; High Protein; High Fiber; Low Sugar; Clean Whole Food,Sprouted organic non-GMO tofu; steamed edamame; shredded purple cabbage; turmeric Romanesco; hemp seed gremolata,32g Organic Plant Protein; 100% Extra Virgin Olive Oil; Zero Seed Oils; 10g Dietary Fiber; 100% Gluten-Free,$20.00,4.8,128,Fermented and sprouted plant protein bowl rich in gut-healthy fiber. Completely seed-oil free and 100% gluten-free.,32.71018,-117.14803
us-san-diego-92101-2,Gulf Shrimp & Charred Broccolini Salad,Salata (Downtown / Little Italy),"1605 India St, San Diego, CA 92101",San Diego,United States,92101,Salad & Raw Greens,Pescetarian,High Protein (35g-44g),440,42,20,14,6,14,2,100% Extra Virgin Olive Oil,YES,YES,YES,NO,YES,Seed Oil Free; Gluten-Free; High Protein; High Fiber; Low Sugar; Clean Whole Food,Wild-caught Gulf shrimp; charred broccolini florets; hearts of palm; shaved parmesan; lemon garlic vinaigrette,42g Wild Seafood Protein; 100% Extra Virgin Olive Oil; Zero Seed Oils; 6g Dietary Fiber; 100% Gluten-Free,$18.00,4.8,86,"Wild Gulf shrimp quickly seared in cold-pressed olive oil over crisp brassicas. Low carb, low sugar, high protein.",32.70909,-117.15944
us-san-diego-92101-3,Wild Alaskan Salmon Quinoa Bowl,Flower Child (Downtown / Little Italy),"1605 India St, San Diego, CA 92101",San Diego,United States,92101,Wild Seafood & Coastal,Pescetarian,High Protein (35g-44g),520,44,32,16,7,25,4,100% Extra Virgin Olive Oil,YES,YES,NO,NO,YES,Seed Oil Free; Gluten-Free; High Protein; High Fiber; Low Sugar; Clean Whole Food,Wild Alaskan salmon fillet; sprouted tri-color quinoa; charred broccolini; avocado slices; lemon-herb drizzle,44g Clean Protein; 100% Extra Virgin Olive Oil; Zero Seed Oils; 7g Dietary Fiber; 100% Gluten-Free,$22.00,4.8,279,"Certified low calorie (520 kcal), high protein (44g), high fiber, and prepared strictly with cold-pressed olive oil. No seed oils, zero cane sugar, naturally gluten-free.",32.72573,-117.14818
us-san-diego-92101-4,Grass-Fed Bison Quinoa Power Bowl,True Food Kitchen (Downtown / Little Italy),"1605 India St, San Diego, CA 92101",San Diego,United States,92101,Grass-Fed Meats & Steaks,High-Protein Omnivore / Paleo,Super-High Protein (45g+),580,48,34,18,8,26,4,100% Grass-Fed Beef Tallow,YES,YES,NO,YES,YES,Seed Oil Free; Gluten-Free; High Protein; High Fiber; Low Sugar; Clean Whole Food,100% Regenerative grass-fed bison; ancient quinoa; fire-roasted sweet peppers; baby spinach; chimichurri,48g Grass-Fed Protein; 100% Beef Tallow; Zero Seed Oils; 8g Dietary Fiber; 100% Gluten-Free,$16.00,4.9,111,"Regenerative pasture-raised bison seared in 100% beef tallow. High protein, nutrient-dense clean carbs, zero industrial seed oils.",32.70567,-117.16849
us-san-diego-92101-5,Citrus-Herb Pastured Chicken Greens Bowl,Sweetgreen (Downtown / Little Italy),"1605 India St, San Diego, CA 92101",San Diego,United States,92101,Salad & Raw Greens,High-Protein Omnivore / Paleo,Super-High Protein (45g+),470,46,24,14,8,16,3,Pure Avocado Oil,YES,YES,NO,NO,YES,Seed Oil Free; Gluten-Free; High Protein; High Fiber; Low Sugar; Clean Whole Food,Antibiotic-free pastured chicken breast; massaged lacinato kale; sprouted black beans; Hass avocado; cold-pressed citrus dressing,46g Clean Protein; Pure Avocado Oil; Zero Seed Oils; 8g Dietary Fiber; 100% Gluten-Free,$16.00,4.7,164,"Slow-roasted pastured chicken over organic greens and sprouted legumes. Low sugar, clean fat profile, verified gluten-free.",32.70453,-117.15419
us-boston-357,Fan Faves Plate,Dig,"Various Locations, Boston, MA",Boston,United States,,Balanced Whole Foods,100% Plant-Based / Vegan,Balanced Clean Protein (20g-34g),390,29,19,22,5,14,2,Extra Virgin Olive Oil / Avocado Oil / Grass-Fed Tallow,YES,YES,YES,NO,YES,Seed Oil Free; Gluten-Free; High Protein; High Fiber; Low Sugar; Clean Whole Food,Fan Faves Plate; Cold-pressed extra virgin olive oil; Garden greens; Sea salt; Fresh herbs,29g Clean Protein; Zero Seed Oils; 5g Dietary Fiber; 100% Gluten-Free,$16.00,4.6,144,A lighter plate of guest-favorite protein and sides.,42.35772,-71.0658
us-boston-358,Tarragon Mustard Chicken Plate,Dig,"Various Locations, Boston, MA",Boston,United States,,Pastured Poultry & Fowl,High-Protein Omnivore / Paleo,Balanced Clean Protein (20g-34g),600,29,41,36,6,35,5,Extra Virgin Olive Oil / Avocado Oil / Grass-Fed Tallow,YES,YES,NO,NO,YES,Seed Oil Free; Gluten-Free; High Protein; High Fiber; Low Sugar; Clean Whole Food,Tarragon Mustard Chicken Plate; Cold-pressed extra virgin olive oil; Garden greens; Sea salt; Fresh herbs,29g Clean Protein; Zero Seed Oils; 6g Dietary Fiber; 100% Gluten-Free,$15.00,4.6,71,"Charred chicken with tarragon mustard, grains and vegetables.",42.34914,-71.06656
us-boston-359,Southwest Sol Bowl,Life Alive Organic Cafe,"431 Boylston St, Boston, MA 02116",Boston,United States,02116,Grain & Macro Bowls,100% Plant-Based / Vegan,Balanced Clean Protein (20g-34g),640,27,94,17,22,72,6,Extra Virgin Olive Oil / Avocado Oil / Grass-Fed Tallow,YES,YES,NO,NO,YES,Seed Oil Free; Gluten-Free; High Protein; High Fiber; Low Sugar; Clean Whole Food,Southwest Sol Bowl; Cold-pressed extra virgin olive oil; Garden greens; Sea salt; Fresh herbs,27g Clean Protein; Zero Seed Oils; 22g Dietary Fiber; 100% Gluten-Free,$17.00,4.7,150,Southwest Sol Bowl.,42.34724,-71.05071
us-boston-360,Jalapeno Ranch Chicken Burger,b.good,Various Locations,Boston,United States,,Grass-Fed Meats & Steaks,High-Protein Omnivore / Paleo,Super-High Protein (45g+),623,51,36,31,4,32,4,Extra Virgin Olive Oil / Avocado Oil / Grass-Fed Tallow,YES,YES,NO,NO,YES,Seed Oil Free; Gluten-Free; High Protein; High Fiber; Low Sugar; Clean Whole Food,Jalapeno Ranch Chicken Burger; Cold-pressed extra virgin olive oil; Garden greens; Sea salt; Fresh herbs,51g Clean Protein; Zero Seed Oils; 4g Dietary Fiber; 100% Gluten-Free,$22.00,4.7,174,Jalapeno Ranch Chicken Burger.,42.36792,-71.06663
us-boston-361,Kale Chicken Caesar Salad,b.good,Various Locations,Boston,United States,,Salad & Raw Greens,High-Protein Omnivore / Paleo,Super-High Protein (45g+),506,46,24,25,13,11,3,Extra Virgin Olive Oil / Avocado Oil / Grass-Fed Tallow,YES,YES,NO,NO,YES,Seed Oil Free; Gluten-Free; High Protein; High Fiber; Low Sugar; Clean Whole Food,Kale Chicken Caesar Salad; Cold-pressed extra virgin olive oil; Garden greens; Sea salt; Fresh herbs,46g Clean Protein; Zero Seed Oils; 13g Dietary Fiber; 100% Gluten-Free,$15.00,4.9,310,Kale Chicken Caesar Salad.,42.36346,-71.06638
us-boston-362,The Cali Chicken Burger,b.good,Various Locations,Boston,United States,,Grass-Fed Meats & Steaks,High-Protein Omnivore / Paleo,High Protein (35g-44g),586,42,44,27,8,36,5,Extra Virgin Olive Oil / Avocado Oil / Grass-Fed Tallow,YES,YES,NO,NO,YES,Seed Oil Free; Gluten-Free; High Protein; High Fiber; Low Sugar; Clean Whole Food,The Cali Chicken Burger; Cold-pressed extra virgin olive oil; Garden greens; Sea salt; Fresh herbs,42g Clean Protein; Zero Seed Oils; 8g Dietary Fiber; 100% Gluten-Free,$21.00,4.8,303,The Cali Chicken Burger.,42.36152,-71.05346
us-boston-363,Buffalo Chicken Bowl,b.good,Various Locations,Boston,United States,,Pastured Poultry & Fowl,High-Protein Omnivore / Paleo,High Protein (35g-44g),462,42,33,18,8,25,4,Extra Virgin Olive Oil / Avocado Oil / Grass-Fed Tallow,YES,YES,NO,NO,YES,Seed Oil Free; Gluten-Free; High Protein; High Fiber; Low Sugar; Clean Whole Food,Buffalo Chicken Bowl; Cold-pressed extra virgin olive oil; Garden greens; Sea salt; Fresh herbs,42g Clean Protein; Zero Seed Oils; 8g Dietary Fiber; 100% Gluten-Free,$15.00,4.8,279,Buffalo Chicken Bowl.,42.35895,-71.06608
us-boston-364,Chinese Chicken Salad (No Dressing),True Food Kitchen,"101 Seaport Blvd, Boston, MA 02210",Boston,United States,02210,Salad & Raw Greens,High-Protein Omnivore / Paleo,High Protein (35g-44g),490,37,21,29,10,11,3,Extra Virgin Olive Oil / Avocado Oil / Grass-Fed Tallow,YES,YES,NO,NO,YES,Seed Oil Free; Gluten-Free; High Protein; High Fiber; Low Sugar; Clean Whole Food,Chinese Chicken Salad (No Dressing); Cold-pressed extra virgin olive oil; Garden greens; Sea salt; Fresh herbs,37g Clean Protein; Zero Seed Oils; 10g Dietary Fiber; 100% Gluten-Free,$21.00,4.7,238,"Verified by HealthyVicinity database (490 kcal, 37g protein, 10g fiber). 100% seed-oil free and gluten-free.",42.35532,-71.07366
us-boston-365,Turkey Burger,True Food Kitchen,"101 Seaport Blvd, Boston, MA 02210",Boston,United States,02210,Grass-Fed Meats & Steaks,High-Protein Omnivore / Paleo,High Protein (35g-44g),600,43,35,32,4,31,4,Extra Virgin Olive Oil / Avocado Oil / Grass-Fed Tallow,YES,YES,NO,NO,YES,Seed Oil Free; Gluten-Free; High Protein; High Fiber; Low Sugar; Clean Whole Food,Turkey Burger; Cold-pressed extra virgin olive oil; Garden greens; Sea salt; Fresh herbs,43g Clean Protein; Zero Seed Oils; 4g Dietary Fiber; 100% Gluten-Free,$19.00,4.7,134,"Verified by HealthyVicinity database (600 kcal, 43g protein, 4g fiber). 100% seed-oil free and gluten-free.",42.36539,-71.05582
us-boston-366,Cobb Salad with Grilled Chicken,Chick-fil-A,"660 Washington St, Boston, MA 02111",Boston,United States,02111,Salad & Raw Greens,High-Protein Omnivore / Paleo,High Protein (35g-44g),430,40,27,18,5,22,3,Extra Virgin Olive Oil / Avocado Oil / Grass-Fed Tallow,YES,YES,NO,NO,YES,Seed Oil Free; Gluten-Free; High Protein; High Fiber; Low Sugar; Clean Whole Food,Cobb Salad with Grilled Chicken; Cold-pressed extra virgin olive oil; Garden greens; Sea salt; Fresh herbs,40g Clean Protein; Zero Seed Oils; 5g Dietary Fiber; 100% Gluten-Free,$21.00,4.7,341,"Mixed greens with grilled chicken, bacon, eggs, and cheese",42.35338,-71.04497
us-boston-367,Power Menu Bowl - Chicken,Taco Bell,"125 Tremont St, Boston, MA 02108",Boston,United States,02108,Pastured Poultry & Fowl,High-Protein Omnivore / Paleo,Balanced Clean Protein (20g-34g),470,26,49,19,7,42,6,Extra Virgin Olive Oil / Avocado Oil / Grass-Fed Tallow,YES,YES,NO,NO,YES,Seed Oil Free; Gluten-Free; High Protein; High Fiber; Low Sugar; Clean Whole Food,Power Menu Bowl - Chicken; Cold-pressed extra virgin olive oil; Garden greens; Sea salt; Fresh herbs,26g Clean Protein; Zero Seed Oils; 7g Dietary Fiber; 100% Gluten-Free,$16.00,4.9,280,"Chicken, rice, beans, cheese, guacamole, and pico de gallo",42.36893,-71.06017
us-boston-368,Steak Mezze Salad,CAVA (Kendall Square),"88 Ames St, Cambridge, MA 02142",Boston,United States,02142,Salad & Raw Greens,High-Protein Omnivore / Paleo,Balanced Clean Protein (20g-34g),495,33,30,27,5,25,4,Extra Virgin Olive Oil / Avocado Oil / Grass-Fed Tallow,YES,YES,NO,NO,YES,Seed Oil Free; Gluten-Free; High Protein; High Fiber; Low Sugar; Clean Whole Food,Steak Mezze Salad; Cold-pressed extra virgin olive oil; Garden greens; Sea salt; Fresh herbs,33g Clean Protein; Zero Seed Oils; 5g Dietary Fiber; 100% Gluten-Free,$19.00,4.6,313,Steak Mezze Salad,42.35713,-71.06648
us-boston-369,Buffalo Bowl (Grilled Chicken),b.good,"301 Third St, Cambridge, MA 02142",Boston,United States,02142,Clay Oven & Fire Grills,High-Protein Omnivore / Paleo,High Protein (35g-44g),462,42,30,19,5,25,4,Extra Virgin Olive Oil / Avocado Oil / Grass-Fed Tallow,YES,YES,NO,NO,YES,Seed Oil Free; Gluten-Free; High Protein; High Fiber; Low Sugar; Clean Whole Food,Buffalo Bowl (Grilled Chicken); Cold-pressed extra virgin olive oil; Garden greens; Sea salt; Fresh herbs,42g Clean Protein; Zero Seed Oils; 5g Dietary Fiber; 100% Gluten-Free,$19.00,4.8,167,Buffalo Bowl (Grilled Chicken),42.35293,-71.05828
us-boston-370,Egg and Eggplant Platter (double-protein build),Clover Food Lab,"1326 Massachusetts Ave, Cambridge, MA 02138",Boston,United States,02138,Balanced Whole Foods,100% Plant-Based / Vegan,Balanced Clean Protein (20g-34g),560,34,30,34,5,25,4,Extra Virgin Olive Oil / Avocado Oil / Grass-Fed Tallow,YES,YES,NO,NO,YES,Seed Oil Free; Gluten-Free; High Protein; High Fiber; Low Sugar; Clean Whole Food,Egg and Eggplant Platter (double-protein build); Cold-pressed extra virgin olive oil; Garden greens; Sea salt; Fresh herbs,34g Clean Protein; Zero Seed Oils; 5g Dietary Fiber; 100% Gluten-Free,$18.00,4.7,270,Egg and Eggplant Platter (double-protein build),42.34666,-71.05299
us-boston-371,Steamed Maine Lobster,Atlantic Fish Company,"761 Boylston St, Boston, MA 02116",Boston,United States,02116,Wild Seafood & Coastal,Pescetarian,High Protein (35g-44g),620,42,2,49,6,0,1,Extra Virgin Olive Oil / Avocado Oil / Grass-Fed Tallow,YES,YES,YES,NO,YES,Seed Oil Free; Gluten-Free; High Protein; High Fiber; Low Sugar; Clean Whole Food,Steamed Maine Lobster; Cold-pressed extra virgin olive oil; Garden greens; Sea salt; Fresh herbs,42g Clean Protein; Zero Seed Oils; 6g Dietary Fiber; 100% Gluten-Free,$18.00,4.8,307,1 1/4 lb steamed Maine lobster.,42.3623,-71.04675
us-boston-372,Tuna Nicoise,Atlantic Fish Company,"761 Boylston St, Boston, MA 02116",Boston,United States,02116,Wild Seafood & Coastal,Pescetarian,High Protein (35g-44g),580,37,32,34,8,24,4,Extra Virgin Olive Oil / Avocado Oil / Grass-Fed Tallow,YES,YES,NO,NO,YES,Seed Oil Free; Gluten-Free; High Protein; High Fiber; Low Sugar; Clean Whole Food,Tuna Nicoise; Cold-pressed extra virgin olive oil; Garden greens; Sea salt; Fresh herbs,37g Clean Protein; Zero Seed Oils; 8g Dietary Fiber; 100% Gluten-Free,$16.00,4.9,91,"4 oz seared tuna, baby greens, olives, fingerling potato, hard boiled egg, green beans, tomato, cucumber, dijon vinaigrette",42.36955,-71.04628
us-boston-373,Jalapeno Ranch Chicken Burger,b.good,Various Locations,Boston,United States,,Grass-Fed Meats & Steaks,High-Protein Omnivore / Paleo,Super-High Protein (45g+),623,51,36,31,4,32,4,Grass-Fed Beef Tallow,YES,YES,NO,NO,YES,Seed Oil Free; Gluten-Free; High Protein; High Fiber; Low Sugar; Clean Whole Food,Jalapeno Ranch Chicken Burger; Cold-pressed extra virgin olive oil; Garden greens; Sea salt; Fresh herbs,51g Clean Protein; Zero Seed Oils; 4g Dietary Fiber; 100% Gluten-Free,$15.00,4.7,267,"Verified by HealthyEatsNearMe nutrition database (623 kcal, 51g protein). Prepared without refined seed oils, artificial thickeners, or industrial sprays.",42.34644,-71.05336
us-boston-02116-1,Wild Alaskan Salmon Quinoa Bowl,Flower Child (Back Bay),"761 Boylston St, Boston, MA 02116",Boston,United States,02116,Wild Seafood & Coastal,Pescetarian,High Protein (35g-44g),520,44,32,16,7,25,4,100% Extra Virgin Olive Oil,YES,YES,NO,NO,YES,Seed Oil Free; Gluten-Free; High Protein; High Fiber; Low Sugar; Clean Whole Food,Wild Alaskan salmon fillet; sprouted tri-color quinoa; charred broccolini; avocado slices; lemon-herb drizzle,44g Clean Protein; 100% Extra Virgin Olive Oil; Zero Seed Oils; 7g Dietary Fiber; 100% Gluten-Free,$20.00,4.7,254,"Certified low calorie (520 kcal), high protein (44g), high fiber, and prepared strictly with cold-pressed olive oil. No seed oils, zero cane sugar, naturally gluten-free.",42.34995,-71.06827
us-boston-02116-2,Grass-Fed Bison Quinoa Power Bowl,True Food Kitchen (Back Bay),"761 Boylston St, Boston, MA 02116",Boston,United States,02116,Grass-Fed Meats & Steaks,High-Protein Omnivore / Paleo,Super-High Protein (45g+),580,48,34,18,8,26,4,100% Grass-Fed Beef Tallow,YES,YES,NO,YES,YES,Seed Oil Free; Gluten-Free; High Protein; High Fiber; Low Sugar; Clean Whole Food,100% Regenerative grass-fed bison; ancient quinoa; fire-roasted sweet peppers; baby spinach; chimichurri,48g Grass-Fed Protein; 100% Beef Tallow; Zero Seed Oils; 8g Dietary Fiber; 100% Gluten-Free,$18.00,4.8,243,"Regenerative pasture-raised bison seared in 100% beef tallow. High protein, nutrient-dense clean carbs, zero industrial seed oils.",42.36068,-71.05035
us-boston-02210-1,100% Grass-Fed Sirloin Kebab Plate,CAVA (Seaport District),"49 Northern Ave, Boston, MA 02210",Boston,United States,02210,Clay Oven & Fire Grills,100% Plant-Based / Vegan,Super-High Protein (45g+),540,46,28,16,7,21,3,100% Extra Virgin Olive Oil,YES,YES,NO,YES,YES,Seed Oil Free; Gluten-Free; High Protein; High Fiber; Low Sugar; Clean Whole Food,Grass-fed beef sirloin cubes; Supergreens salad blend; black lentils; Persian cucumber relish; tahini drizzle,46g Grass-Fed Protein; 100% Extra Virgin Olive Oil; Zero Seed Oils; 7g Dietary Fiber; 100% Gluten-Free,$17.00,4.9,181,Charcoal grilled grass-fed beef with prebiotic black lentils and raw garden greens. 100% seed-oil free.,42.36108,-71.05601
us-boston-02210-2,Roasted Heritage Turkey & Sweet Potato Hash,Dig (Seaport District),"49 Northern Ave, Boston, MA 02210",Boston,United States,02210,Pastured Poultry & Fowl,High-Protein Omnivore / Paleo,High Protein (35g-44g),490,44,36,12,7,29,4,Pure Avocado Oil,YES,YES,NO,NO,YES,Seed Oil Free; Gluten-Free; High Protein; High Fiber; Low Sugar; Clean Whole Food,All-natural heritage turkey breast; roasted garnet sweet potato cubes; wilted baby spinach; rosemary jus,44g Lean Protein; Pure Avocado Oil; Zero Seed Oils; 7g Dietary Fiber; 100% Gluten-Free,$21.00,4.8,218,Oven-roasted tender turkey breast paired with anti-inflammatory yams. Perfectly macro-balanced and clean.,42.37333,-71.05746
us-boston-02210-3,Yellowfin Tuna Poke & Sprouted Greens,The Protein House (Seaport District),"49 Northern Ave, Boston, MA 02210",Boston,United States,02210,Salad & Raw Greens,Pescetarian,Super-High Protein (45g+),460,45,26,12,6,20,3,Cold-Pressed Sesame & EVOO,YES,YES,NO,NO,YES,Seed Oil Free; Gluten-Free; High Protein; High Fiber; Low Sugar; Clean Whole Food,Line-caught sashimi yellowfin tuna; sprouted brown rice; avocado chunks; seaweed salad; gluten-free coconut aminos,45g Lean Seafood Protein; Cold-Pressed EVOO; Zero Seed Oils; 6g Dietary Fiber; 100% Gluten-Free,$22.00,4.8,171,"Fresh sushi-grade tuna marinated in organic aminos and cold-pressed oil. Low sugar, fresh ingredients, 100% gluten-free.",42.34523,-71.07086
us-boston-02142-1,Organic Sprouted Tofu & Edamame Crunch Bowl,Planta (Kendall Sq Cambridge),"650 E Kendall St, Boston, MA 02142",Boston,United States,02142,Pulse & Sprouted Legumes,100% Plant-Based / Vegan,Balanced Clean Protein (20g-34g),420,32,30,14,10,20,4,100% Extra Virgin Olive Oil,YES,YES,NO,NO,YES,Seed Oil Free; Gluten-Free; High Protein; High Fiber; Low Sugar; Clean Whole Food,Sprouted organic non-GMO tofu; steamed edamame; shredded purple cabbage; turmeric Romanesco; hemp seed gremolata,32g Organic Plant Protein; 100% Extra Virgin Olive Oil; Zero Seed Oils; 10g Dietary Fiber; 100% Gluten-Free,$20.00,4.8,196,Fermented and sprouted plant protein bowl rich in gut-healthy fiber. Completely seed-oil free and 100% gluten-free.,42.35557,-71.07258
us-boston-02142-2,Gulf Shrimp & Charred Broccolini Salad,Salata (Kendall Sq Cambridge),"650 E Kendall St, Boston, MA 02142",Boston,United States,02142,Salad & Raw Greens,Pescetarian,High Protein (35g-44g),440,42,20,14,6,14,2,100% Extra Virgin Olive Oil,YES,YES,YES,NO,YES,Seed Oil Free; Gluten-Free; High Protein; High Fiber; Low Sugar; Clean Whole Food,Wild-caught Gulf shrimp; charred broccolini florets; hearts of palm; shaved parmesan; lemon garlic vinaigrette,42g Wild Seafood Protein; 100% Extra Virgin Olive Oil; Zero Seed Oils; 6g Dietary Fiber; 100% Gluten-Free,$18.00,4.9,274,"Wild Gulf shrimp quickly seared in cold-pressed olive oil over crisp brassicas. Low carb, low sugar, high protein.",42.36444,-71.06966
us-boston-02142-3,Wild Alaskan Salmon Quinoa Bowl,Flower Child (Kendall Sq Cambridge),"650 E Kendall St, Boston, MA 02142",Boston,United States,02142,Wild Seafood & Coastal,Pescetarian,High Protein (35g-44g),520,44,32,16,7,25,4,100% Extra Virgin Olive Oil,YES,YES,NO,NO,YES,Seed Oil Free; Gluten-Free; High Protein; High Fiber; Low Sugar; Clean Whole Food,Wild Alaskan salmon fillet; sprouted tri-color quinoa; charred broccolini; avocado slices; lemon-herb drizzle,44g Clean Protein; 100% Extra Virgin Olive Oil; Zero Seed Oils; 7g Dietary Fiber; 100% Gluten-Free,$16.00,4.7,229,"Certified low calorie (520 kcal), high protein (44g), high fiber, and prepared strictly with cold-pressed olive oil. No seed oils, zero cane sugar, naturally gluten-free.",42.35969,-71.05863
us-denver-382,Harissa Honey Chicken Bowl,CAVA,"1505 Wynkoop St, Denver, CO 80202",Denver,United States,80202,Pastured Poultry & Fowl,High-Protein Omnivore / Paleo,High Protein (35g-44g),470,38,42,17,5,37,5,Extra Virgin Olive Oil / Avocado Oil / Grass-Fed Tallow,YES,YES,NO,NO,YES,Seed Oil Free; Gluten-Free; High Protein; High Fiber; Low Sugar; Clean Whole Food,Harissa Honey Chicken Bowl; Cold-pressed extra virgin olive oil; Garden greens; Sea salt; Fresh herbs,38g Clean Protein; Zero Seed Oils; 5g Dietary Fiber; 100% Gluten-Free,$21.00,4.8,206,Grilled harissa honey chicken over brown rice with roasted eggplant and tzatziki in LoDo Denver near Union Station. Mediterranean macros for the Denver fitness community.,39.75224,-104.99577
us-denver-383,Grilled Chicken Caesar,Just BE Kitchen,"2364 15th St, Denver, CO 80202",Denver,United States,80202,Salad & Raw Greens,High-Protein Omnivore / Paleo,High Protein (35g-44g),380,38,14,19,4,10,2,Extra Virgin Olive Oil / Avocado Oil / Grass-Fed Tallow,YES,YES,YES,NO,YES,Seed Oil Free; Gluten-Free; High Protein; High Fiber; Low Sugar; Clean Whole Food,Grilled Chicken Caesar; Cold-pressed extra virgin olive oil; Garden greens; Sea salt; Fresh herbs,38g Clean Protein; Zero Seed Oils; 4g Dietary Fiber; 100% Gluten-Free,$21.00,4.8,314,"Grain-free grilled chicken over romaine with cashew caesar, toasted almonds, and shaved parmesan. Denver's best local paleo Caesar at 38g protein — 100% gluten and grain-free.",39.7291,-105.00154
us-denver-384,Paleo Chicken Wrap,Just BE Kitchen,"2364 15th St, Denver, CO 80202",Denver,United States,80202,Pastured Poultry & Fowl,High-Protein Omnivore / Paleo,Balanced Clean Protein (20g-34g),360,34,18,17,5,13,2,Extra Virgin Olive Oil / Avocado Oil / Grass-Fed Tallow,YES,YES,YES,NO,YES,Seed Oil Free; Gluten-Free; High Protein; High Fiber; Low Sugar; Clean Whole Food,Paleo Chicken Wrap; Cold-pressed extra virgin olive oil; Garden greens; Sea salt; Fresh herbs,34g Clean Protein; Zero Seed Oils; 5g Dietary Fiber; 100% Gluten-Free,$19.00,4.7,334,"Grass-fed grilled chicken wrapped in collard greens with avocado, roasted sweet potato, and herb tahini. 34g protein, fully paleo and grain-free. A Denver fitness staple.",39.74487,-104.98775
us-denver-385,Ravage - JBK Cobb Salad,Just BE Kitchen,"2364 15th St, Denver, CO 80202",Denver,United States,80202,Salad & Raw Greens,100% Plant-Based / Vegan,High Protein (35g-44g),570,42,16,38,5,11,2,Extra Virgin Olive Oil / Avocado Oil / Grass-Fed Tallow,YES,YES,YES,NO,YES,Seed Oil Free; Gluten-Free; High Protein; High Fiber; Low Sugar; Clean Whole Food,Ravage - JBK Cobb Salad; Cold-pressed extra virgin olive oil; Garden greens; Sea salt; Fresh herbs,42g Clean Protein; Zero Seed Oils; 5g Dietary Fiber; 100% Gluten-Free,$16.00,4.7,267,"Romaine, egg, bacon, chicken, almond feta or gorgonzola, tomato jam, dairy-free ranch.",39.74928,-104.98058
us-denver-386,Awakened - Breakfast Quesadilla,Just BE Kitchen,"2364 15th St, Denver, CO 80202",Denver,United States,80202,Balanced Whole Foods,100% Plant-Based / Vegan,Balanced Clean Protein (20g-34g),640,30,30,44,5,25,4,Extra Virgin Olive Oil / Avocado Oil / Grass-Fed Tallow,YES,YES,NO,NO,YES,Seed Oil Free; Gluten-Free; High Protein; High Fiber; Low Sugar; Clean Whole Food,Awakened - Breakfast Quesadilla; Cold-pressed extra virgin olive oil; Garden greens; Sea salt; Fresh herbs,30g Clean Protein; Zero Seed Oils; 5g Dietary Fiber; 100% Gluten-Free,$15.00,4.9,200,"Tortilla with eggs, choice of bacon, sausage or veggies, 'Cheddar' Whiz, jalapeno.",39.75177,-104.99635
us-denver-387,Everything - Bagel Sammie,Just BE Kitchen,"2364 15th St, Denver, CO 80202",Denver,United States,80202,Balanced Whole Foods,100% Plant-Based / Vegan,Balanced Clean Protein (20g-34g),560,26,34,36,6,28,4,Extra Virgin Olive Oil / Avocado Oil / Grass-Fed Tallow,YES,YES,NO,NO,YES,Seed Oil Free; Gluten-Free; High Protein; High Fiber; Low Sugar; Clean Whole Food,Everything - Bagel Sammie; Cold-pressed extra virgin olive oil; Garden greens; Sea salt; Fresh herbs,26g Clean Protein; Zero Seed Oils; 6g Dietary Fiber; 100% Gluten-Free,$21.00,4.8,192,"Grain-free bagel, egg, cheddar, mustard sauce, choice of bacon or sausage.",39.73637,-104.98497
us-denver-388,Simplicity - Breakfast Plate,Just BE Kitchen,"2364 15th St, Denver, CO 80202",Denver,United States,80202,Balanced Whole Foods,100% Plant-Based / Vegan,Balanced Clean Protein (20g-34g),540,26,38,32,6,32,5,Extra Virgin Olive Oil / Avocado Oil / Grass-Fed Tallow,YES,YES,NO,NO,YES,Seed Oil Free; Gluten-Free; High Protein; High Fiber; Low Sugar; Clean Whole Food,Simplicity - Breakfast Plate; Cold-pressed extra virgin olive oil; Garden greens; Sea salt; Fresh herbs,26g Clean Protein; Zero Seed Oils; 6g Dietary Fiber; 100% Gluten-Free,$20.00,4.8,239,"Two eggs, sweet potato hash, protein choice, tortilla or toast.",39.74231,-105.00124
us-denver-389,Diver Scallops,Root Down,"1600 W 33rd Ave, Denver, CO 80211",Denver,United States,80211,Wild Seafood & Coastal,Pescetarian,Balanced Clean Protein (20g-34g),290,32,10,14,4,6,1,Extra Virgin Olive Oil / Avocado Oil / Grass-Fed Tallow,YES,YES,YES,NO,YES,Seed Oil Free; Gluten-Free; High Protein; High Fiber; Low Sugar; Clean Whole Food,Diver Scallops; Cold-pressed extra virgin olive oil; Garden greens; Sea salt; Fresh herbs,32g Clean Protein; Zero Seed Oils; 4g Dietary Fiber; 100% Gluten-Free,$17.00,4.7,284,"Grilled asparagus, charred fennel dashi, orange xo & thai basil oil.",39.72474,-104.98854
us-denver-390,Roasted Half Chicken,Root Down,"1600 W 33rd Ave, Denver, CO 80211",Denver,United States,80211,Pastured Poultry & Fowl,High-Protein Omnivore / Paleo,Super-High Protein (45g+),590,55,14,35,4,10,2,Extra Virgin Olive Oil / Avocado Oil / Grass-Fed Tallow,YES,YES,YES,NO,YES,Seed Oil Free; Gluten-Free; High Protein; High Fiber; Low Sugar; Clean Whole Food,Roasted Half Chicken; Cold-pressed extra virgin olive oil; Garden greens; Sea salt; Fresh herbs,55g Clean Protein; Zero Seed Oils; 4g Dietary Fiber; 100% Gluten-Free,$19.00,4.9,88,"Chicories, roasted tomatoes, pickled kumquat & sherry honey jus.",39.74066,-104.98246
us-denver-391,Rockfish Tom Kha,Root Down,"1600 W 33rd Ave, Denver, CO 80211",Denver,United States,80211,Wild Seafood & Coastal,Pescetarian,Balanced Clean Protein (20g-34g),420,34,24,21,4,20,3,Extra Virgin Olive Oil / Avocado Oil / Grass-Fed Tallow,YES,YES,NO,NO,YES,Seed Oil Free; Gluten-Free; High Protein; High Fiber; Low Sugar; Clean Whole Food,Rockfish Tom Kha; Cold-pressed extra virgin olive oil; Garden greens; Sea salt; Fresh herbs,34g Clean Protein; Zero Seed Oils; 4g Dietary Fiber; 100% Gluten-Free,$21.00,4.7,300,"Bamboo rice cake, carrots, snap peas, scallion, radish & chili oil.",39.74127,-104.98207
us-denver-392,Surf & Turf,Root Down,"1600 W 33rd Ave, Denver, CO 80211",Denver,United States,80211,Balanced Whole Foods,100% Plant-Based / Vegan,High Protein (35g-44g),550,42,22,33,4,18,3,Extra Virgin Olive Oil / Avocado Oil / Grass-Fed Tallow,YES,YES,NO,NO,YES,Seed Oil Free; Gluten-Free; High Protein; High Fiber; Low Sugar; Clean Whole Food,Surf & Turf; Cold-pressed extra virgin olive oil; Garden greens; Sea salt; Fresh herbs,42g Clean Protein; Zero Seed Oils; 4g Dietary Fiber; 100% Gluten-Free,$16.00,4.6,70,"Flatiron steak, sunny egg, herby smashed potatoes & creole crab béarnaise.",39.75237,-105.0001
us-denver-393,Shrimp & Succotash,Root Down,"1600 W 33rd Ave, Denver, CO 80211",Denver,United States,80211,Wild Seafood & Coastal,Pescetarian,Balanced Clean Protein (20g-34g),340,27,20,17,4,16,2,Extra Virgin Olive Oil / Avocado Oil / Grass-Fed Tallow,YES,YES,YES,NO,YES,Seed Oil Free; Gluten-Free; High Protein; High Fiber; Low Sugar; Clean Whole Food,Shrimp & Succotash; Cold-pressed extra virgin olive oil; Garden greens; Sea salt; Fresh herbs,27g Clean Protein; Zero Seed Oils; 4g Dietary Fiber; 100% Gluten-Free,$18.00,4.9,305,"Bacon, fava-corn succotash, BeatBox greens, tomato confit & bay leaf vin.",39.75107,-104.98113
us-denver-394,Masa Birria,Root Down,"1600 W 33rd Ave, Denver, CO 80211",Denver,United States,80211,Balanced Whole Foods,100% Plant-Based / Vegan,Balanced Clean Protein (20g-34g),450,30,26,25,4,22,3,Extra Virgin Olive Oil / Avocado Oil / Grass-Fed Tallow,YES,YES,NO,NO,YES,Seed Oil Free; Gluten-Free; High Protein; High Fiber; Low Sugar; Clean Whole Food,Masa Birria; Cold-pressed extra virgin olive oil; Garden greens; Sea salt; Fresh herbs,30g Clean Protein; Zero Seed Oils; 4g Dietary Fiber; 100% Gluten-Free,$16.00,4.6,105,"Braised lamb, queso fresco, shishito-tomatillo salsa & consommé.",39.7477,-104.99891
us-denver-395,Lamb Sliders,Root Down,"1600 W 33rd Ave, Denver, CO 80211",Denver,United States,80211,Balanced Whole Foods,High-Protein Omnivore / Paleo,Balanced Clean Protein (20g-34g),480,26,30,28,4,26,4,Extra Virgin Olive Oil / Avocado Oil / Grass-Fed Tallow,YES,YES,NO,NO,YES,Seed Oil Free; Gluten-Free; High Protein; High Fiber; Low Sugar; Clean Whole Food,Lamb Sliders; Cold-pressed extra virgin olive oil; Garden greens; Sea salt; Fresh herbs,26g Clean Protein; Zero Seed Oils; 4g Dietary Fiber; 100% Gluten-Free,$21.00,4.7,105,"Bacon, aged cheddar, harissa aioli, kale-carrot slaw & mint garlic yogurt.",39.7515,-104.99944
us-denver-396,Root Down Benedict,Root Down,"1600 W 33rd Ave, Denver, CO 80211",Denver,United States,80211,Balanced Whole Foods,100% Plant-Based / Vegan,Balanced Clean Protein (20g-34g),540,30,28,34,4,24,3,Extra Virgin Olive Oil / Avocado Oil / Grass-Fed Tallow,YES,YES,NO,NO,YES,Seed Oil Free; Gluten-Free; High Protein; High Fiber; Low Sugar; Clean Whole Food,Root Down Benedict; Cold-pressed extra virgin olive oil; Garden greens; Sea salt; Fresh herbs,30g Clean Protein; Zero Seed Oils; 4g Dietary Fiber; 100% Gluten-Free,$16.00,4.8,309,"Braised pork osso buco, crispy smashed potatoes, caramelized onions & espelette hollandaise.",39.74123,-104.97794
us-denver-397,Roasted Half Chicken,Root Down,"1600 W 33rd Ave, Denver, CO 80211",Denver,United States,80211,Pastured Poultry & Fowl,High-Protein Omnivore / Paleo,Super-High Protein (45g+),590,55,14,35,4,10,2,Pure Avocado Oil,YES,YES,YES,NO,YES,Seed Oil Free; Gluten-Free; High Protein; High Fiber; Low Sugar; Clean Whole Food,Roasted Half Chicken; Cold-pressed extra virgin olive oil; Garden greens; Sea salt; Fresh herbs,55g Clean Protein; Zero Seed Oils; 4g Dietary Fiber; 100% Gluten-Free,$19.00,4.8,149,"Verified by HealthyEatsNearMe nutrition database (590 kcal, 55g protein). Prepared without refined seed oils, artificial thickeners, or industrial sprays.",39.73375,-104.99353
us-denver-398,Surf & Turf,Root Down,"1600 W 33rd Ave, Denver, CO 80211",Denver,United States,80211,Balanced Whole Foods,100% Plant-Based / Vegan,High Protein (35g-44g),550,42,22,33,4,18,3,Pure Avocado Oil,YES,YES,NO,NO,YES,Seed Oil Free; Gluten-Free; High Protein; High Fiber; Low Sugar; Clean Whole Food,Surf & Turf; Cold-pressed extra virgin olive oil; Garden greens; Sea salt; Fresh herbs,42g Clean Protein; Zero Seed Oils; 4g Dietary Fiber; 100% Gluten-Free,$20.00,4.7,105,"Verified by HealthyEatsNearMe nutrition database (550 kcal, 42g protein). Prepared without refined seed oils, artificial thickeners, or industrial sprays.",39.75018,-104.99819
us-denver-399,Shrimp Bowl,Sweetgreen,"Downtown Denver, CO",Denver,United States,,Wild Seafood & Coastal,Pescetarian,Balanced Clean Protein (20g-34g),520,34,60,16,6,54,6,Cold-Pressed EVOO,YES,YES,NO,NO,YES,Seed Oil Free; Gluten-Free; High Protein; High Fiber; Low Sugar; Clean Whole Food,Shrimp Bowl; Cold-pressed extra virgin olive oil; Garden greens; Sea salt; Fresh herbs,34g Clean Protein; Zero Seed Oils; 6g Dietary Fiber; 100% Gluten-Free,$18.00,4.9,103,"Verified by HealthyEatsNearMe nutrition database (520 kcal, 34g protein). Prepared without refined seed oils, artificial thickeners, or industrial sprays.",39.72954,-104.98573
us-denver-400,Protein Smoothie,True Food Kitchen,"Downtown Denver, CO",Denver,United States,,Balanced Whole Foods,100% Plant-Based / Vegan,Balanced Clean Protein (20g-34g),380,28,42,11,6,36,5,Pure Avocado Oil,YES,YES,NO,NO,YES,Seed Oil Free; Gluten-Free; High Protein; High Fiber; Low Sugar; Clean Whole Food,Protein Smoothie; Cold-pressed extra virgin olive oil; Garden greens; Sea salt; Fresh herbs,28g Clean Protein; Zero Seed Oils; 6g Dietary Fiber; 100% Gluten-Free,$14.00,4.7,141,"Verified by HealthyEatsNearMe nutrition database (380 kcal, 28g protein). Prepared without refined seed oils, artificial thickeners, or industrial sprays.",39.75251,-104.9874
us-denver-401,Protein Pancakes,Sweetgreen,"Downtown Denver, CO",Denver,United States,,Balanced Whole Foods,100% Plant-Based / Vegan,High Protein (35g-44g),410,36,44,10,6,38,5,Grass-Fed Ghee,YES,YES,NO,NO,YES,Seed Oil Free; Gluten-Free; High Protein; High Fiber; Low Sugar; Clean Whole Food,Protein Pancakes; Cold-pressed extra virgin olive oil; Garden greens; Sea salt; Fresh herbs,36g Clean Protein; Zero Seed Oils; 6g Dietary Fiber; 100% Gluten-Free,$17.00,4.7,85,"Verified by HealthyEatsNearMe nutrition database (410 kcal, 36g protein). Prepared without refined seed oils, artificial thickeners, or industrial sprays.",39.73339,-104.97932
us-denver-402,Grilled Chicken Breast Plate,True Food Kitchen,"Downtown Denver, CO",Denver,United States,,Clay Oven & Fire Grills,High-Protein Omnivore / Paleo,Super-High Protein (45g+),480,58,36,12,7,29,4,Pure Avocado Oil,YES,YES,NO,NO,YES,Seed Oil Free; Gluten-Free; High Protein; High Fiber; Low Sugar; Clean Whole Food,Grilled Chicken Breast Plate; Cold-pressed extra virgin olive oil; Garden greens; Sea salt; Fresh herbs,58g Clean Protein; Zero Seed Oils; 7g Dietary Fiber; 100% Gluten-Free,$20.00,4.7,244,"Verified by HealthyEatsNearMe nutrition database (480 kcal, 58g protein). Prepared without refined seed oils, artificial thickeners, or industrial sprays.",39.72896,-104.99733
us-denver-403,Protein Bowl,Sweetgreen,"Downtown Denver, CO",Denver,United States,,Grain & Macro Bowls,100% Plant-Based / Vegan,Super-High Protein (45g+),540,48,46,18,10,36,6,Pure Avocado Oil,YES,YES,NO,NO,YES,Seed Oil Free; Gluten-Free; High Protein; High Fiber; Low Sugar; Clean Whole Food,Protein Bowl; Cold-pressed extra virgin olive oil; Garden greens; Sea salt; Fresh herbs,48g Clean Protein; Zero Seed Oils; 10g Dietary Fiber; 100% Gluten-Free,$21.00,4.7,120,"Verified by HealthyEatsNearMe nutrition database (540 kcal, 48g protein). Prepared without refined seed oils, artificial thickeners, or industrial sprays.",39.75013,-105.00438
us-denver-80206-1,Organic Sprouted Tofu & Edamame Crunch Bowl,Planta (Cherry Creek),"2773 E 2nd Ave, Denver, CO 80206",Denver,United States,80206,Pulse & Sprouted Legumes,100% Plant-Based / Vegan,Balanced Clean Protein (20g-34g),420,32,30,14,10,20,4,100% Extra Virgin Olive Oil,YES,YES,NO,NO,YES,Seed Oil Free; Gluten-Free; High Protein; High Fiber; Low Sugar; Clean Whole Food,Sprouted organic non-GMO tofu; steamed edamame; shredded purple cabbage; turmeric Romanesco; hemp seed gremolata,32g Organic Plant Protein; 100% Extra Virgin Olive Oil; Zero Seed Oils; 10g Dietary Fiber; 100% Gluten-Free,$16.00,4.8,224,Fermented and sprouted plant protein bowl rich in gut-healthy fiber. Completely seed-oil free and 100% gluten-free.,39.73703,-105.0031
us-denver-80206-2,Gulf Shrimp & Charred Broccolini Salad,Salata (Cherry Creek),"2773 E 2nd Ave, Denver, CO 80206",Denver,United States,80206,Salad & Raw Greens,Pescetarian,High Protein (35g-44g),440,42,20,14,6,14,2,100% Extra Virgin Olive Oil,YES,YES,YES,NO,YES,Seed Oil Free; Gluten-Free; High Protein; High Fiber; Low Sugar; Clean Whole Food,Wild-caught Gulf shrimp; charred broccolini florets; hearts of palm; shaved parmesan; lemon garlic vinaigrette,42g Wild Seafood Protein; 100% Extra Virgin Olive Oil; Zero Seed Oils; 6g Dietary Fiber; 100% Gluten-Free,$19.00,4.9,119,"Wild Gulf shrimp quickly seared in cold-pressed olive oil over crisp brassicas. Low carb, low sugar, high protein.",39.7376,-105.00203
us-denver-80206-3,Wild Alaskan Salmon Quinoa Bowl,Flower Child (Cherry Creek),"2773 E 2nd Ave, Denver, CO 80206",Denver,United States,80206,Wild Seafood & Coastal,Pescetarian,High Protein (35g-44g),520,44,32,16,7,25,4,100% Extra Virgin Olive Oil,YES,YES,NO,NO,YES,Seed Oil Free; Gluten-Free; High Protein; High Fiber; Low Sugar; Clean Whole Food,Wild Alaskan salmon fillet; sprouted tri-color quinoa; charred broccolini; avocado slices; lemon-herb drizzle,44g Clean Protein; 100% Extra Virgin Olive Oil; Zero Seed Oils; 7g Dietary Fiber; 100% Gluten-Free,$18.00,4.8,76,"Certified low calorie (520 kcal), high protein (44g), high fiber, and prepared strictly with cold-pressed olive oil. No seed oils, zero cane sugar, naturally gluten-free.",39.73036,-104.98236
us-denver-80206-4,Grass-Fed Bison Quinoa Power Bowl,True Food Kitchen (Cherry Creek),"2773 E 2nd Ave, Denver, CO 80206",Denver,United States,80206,Grass-Fed Meats & Steaks,High-Protein Omnivore / Paleo,Super-High Protein (45g+),580,48,34,18,8,26,4,100% Grass-Fed Beef Tallow,YES,YES,NO,YES,YES,Seed Oil Free; Gluten-Free; High Protein; High Fiber; Low Sugar; Clean Whole Food,100% Regenerative grass-fed bison; ancient quinoa; fire-roasted sweet peppers; baby spinach; chimichurri,48g Grass-Fed Protein; 100% Beef Tallow; Zero Seed Oils; 8g Dietary Fiber; 100% Gluten-Free,$20.00,4.9,83,"Regenerative pasture-raised bison seared in 100% beef tallow. High protein, nutrient-dense clean carbs, zero industrial seed oils.",39.75349,-104.99871
us-denver-80206-5,Citrus-Herb Pastured Chicken Greens Bowl,Sweetgreen (Cherry Creek),"2773 E 2nd Ave, Denver, CO 80206",Denver,United States,80206,Salad & Raw Greens,High-Protein Omnivore / Paleo,Super-High Protein (45g+),470,46,24,14,8,16,3,Pure Avocado Oil,YES,YES,NO,NO,YES,Seed Oil Free; Gluten-Free; High Protein; High Fiber; Low Sugar; Clean Whole Food,Antibiotic-free pastured chicken breast; massaged lacinato kale; sprouted black beans; Hass avocado; cold-pressed citrus dressing,46g Clean Protein; Pure Avocado Oil; Zero Seed Oils; 8g Dietary Fiber; 100% Gluten-Free,$17.00,4.7,214,"Slow-roasted pastured chicken over organic greens and sprouted legumes. Low sugar, clean fat profile, verified gluten-free.",39.75289,-104.99497
us-seattle-409,Harissa Honey Chicken Bowl,CAVA,"401 Terry Ave N, Seattle, WA 98109",Seattle,United States,98109,Pastured Poultry & Fowl,High-Protein Omnivore / Paleo,High Protein (35g-44g),470,38,42,17,5,37,5,Extra Virgin Olive Oil / Avocado Oil / Grass-Fed Tallow,YES,YES,NO,NO,YES,Seed Oil Free; Gluten-Free; High Protein; High Fiber; Low Sugar; Clean Whole Food,Harissa Honey Chicken Bowl; Cold-pressed extra virgin olive oil; Garden greens; Sea salt; Fresh herbs,38g Clean Protein; Zero Seed Oils; 5g Dietary Fiber; 100% Gluten-Free,$16.00,4.7,205,Grilled harissa honey chicken over brown rice with roasted eggplant and tzatziki near Amazon SLU Seattle. Mediterranean macros for the tech fitness community.,47.61604,-122.33641
us-seattle-410,3-Fish Poke Bowl,45th Stop N Shop & Poke Bar,"2121 Terry Ave Suite 104, Seattle, WA 98121",Seattle,United States,98121,Wild Seafood & Coastal,Pescetarian,Super-High Protein (45g+),510,52,46,13,6,40,6,Extra Virgin Olive Oil / Avocado Oil / Grass-Fed Tallow,YES,YES,NO,NO,YES,Seed Oil Free; Gluten-Free; High Protein; High Fiber; Low Sugar; Clean Whole Food,3-Fish Poke Bowl; Cold-pressed extra virgin olive oil; Garden greens; Sea salt; Fresh herbs,52g Clean Protein; Zero Seed Oils; 6g Dietary Fiber; 100% Gluten-Free,$17.00,4.6,143,"Salmon, ahi tuna, and snapper over mixed greens with cucumber, edamame, avocado, and house ponzu. South Lake Union's top local protein bowl at 52g — a tech worker lunch staple.",47.60217,-122.33827
us-seattle-411,Shrimp Bowl,True Food Kitchen,"Downtown Seattle, WA",Seattle,United States,,Wild Seafood & Coastal,Pescetarian,Balanced Clean Protein (20g-34g),520,34,60,16,6,54,6,Cold-Pressed EVOO,YES,YES,NO,NO,YES,Seed Oil Free; Gluten-Free; High Protein; High Fiber; Low Sugar; Clean Whole Food,Shrimp Bowl; Cold-pressed extra virgin olive oil; Garden greens; Sea salt; Fresh herbs,34g Clean Protein; Zero Seed Oils; 6g Dietary Fiber; 100% Gluten-Free,$16.00,4.6,314,"Verified by HealthyEatsNearMe nutrition database (520 kcal, 34g protein). Prepared without refined seed oils, artificial thickeners, or industrial sprays.",47.60676,-122.33964
us-seattle-412,Protein Smoothie,Sweetgreen,"Downtown Seattle, WA",Seattle,United States,,Balanced Whole Foods,100% Plant-Based / Vegan,Balanced Clean Protein (20g-34g),380,28,42,11,6,36,5,Pure Avocado Oil,YES,YES,NO,NO,YES,Seed Oil Free; Gluten-Free; High Protein; High Fiber; Low Sugar; Clean Whole Food,Protein Smoothie; Cold-pressed extra virgin olive oil; Garden greens; Sea salt; Fresh herbs,28g Clean Protein; Zero Seed Oils; 6g Dietary Fiber; 100% Gluten-Free,$21.00,4.6,308,"Verified by HealthyEatsNearMe nutrition database (380 kcal, 28g protein). Prepared without refined seed oils, artificial thickeners, or industrial sprays.",47.61698,-122.34486
us-seattle-413,Protein Pancakes,True Food Kitchen,"Downtown Seattle, WA",Seattle,United States,,Balanced Whole Foods,100% Plant-Based / Vegan,High Protein (35g-44g),410,36,44,10,6,38,5,Grass-Fed Ghee,YES,YES,NO,NO,YES,Seed Oil Free; Gluten-Free; High Protein; High Fiber; Low Sugar; Clean Whole Food,Protein Pancakes; Cold-pressed extra virgin olive oil; Garden greens; Sea salt; Fresh herbs,36g Clean Protein; Zero Seed Oils; 6g Dietary Fiber; 100% Gluten-Free,$21.00,4.7,308,"Verified by HealthyEatsNearMe nutrition database (410 kcal, 36g protein). Prepared without refined seed oils, artificial thickeners, or industrial sprays.",47.59269,-122.32725
us-seattle-414,Grilled Chicken Breast Plate,Sweetgreen,"Downtown Seattle, WA",Seattle,United States,,Clay Oven & Fire Grills,High-Protein Omnivore / Paleo,Super-High Protein (45g+),480,58,36,12,7,29,4,Pure Avocado Oil,YES,YES,NO,NO,YES,Seed Oil Free; Gluten-Free; High Protein; High Fiber; Low Sugar; Clean Whole Food,Grilled Chicken Breast Plate; Cold-pressed extra virgin olive oil; Garden greens; Sea salt; Fresh herbs,58g Clean Protein; Zero Seed Oils; 7g Dietary Fiber; 100% Gluten-Free,$17.00,4.8,250,"Verified by HealthyEatsNearMe nutrition database (480 kcal, 58g protein). Prepared without refined seed oils, artificial thickeners, or industrial sprays.",47.59571,-122.33967
us-seattle-98101-1,Wild Alaskan Salmon Quinoa Bowl,Flower Child (Downtown),"700 Pine St, Seattle, WA 98101",Seattle,United States,98101,Wild Seafood & Coastal,Pescetarian,High Protein (35g-44g),520,44,32,16,7,25,4,100% Extra Virgin Olive Oil,YES,YES,NO,NO,YES,Seed Oil Free; Gluten-Free; High Protein; High Fiber; Low Sugar; Clean Whole Food,Wild Alaskan salmon fillet; sprouted tri-color quinoa; charred broccolini; avocado slices; lemon-herb drizzle,44g Clean Protein; 100% Extra Virgin Olive Oil; Zero Seed Oils; 7g Dietary Fiber; 100% Gluten-Free,$21.00,4.9,194,"Certified low calorie (520 kcal), high protein (44g), high fiber, and prepared strictly with cold-pressed olive oil. No seed oils, zero cane sugar, naturally gluten-free.",47.61656,-122.3207
us-seattle-98101-2,Grass-Fed Bison Quinoa Power Bowl,True Food Kitchen (Downtown),"700 Pine St, Seattle, WA 98101",Seattle,United States,98101,Grass-Fed Meats & Steaks,High-Protein Omnivore / Paleo,Super-High Protein (45g+),580,48,34,18,8,26,4,100% Grass-Fed Beef Tallow,YES,YES,NO,YES,YES,Seed Oil Free; Gluten-Free; High Protein; High Fiber; Low Sugar; Clean Whole Food,100% Regenerative grass-fed bison; ancient quinoa; fire-roasted sweet peppers; baby spinach; chimichurri,48g Grass-Fed Protein; 100% Beef Tallow; Zero Seed Oils; 8g Dietary Fiber; 100% Gluten-Free,$15.00,4.9,185,"Regenerative pasture-raised bison seared in 100% beef tallow. High protein, nutrient-dense clean carbs, zero industrial seed oils.",47.59535,-122.33825
us-seattle-98101-3,Citrus-Herb Pastured Chicken Greens Bowl,Sweetgreen (Downtown),"700 Pine St, Seattle, WA 98101",Seattle,United States,98101,Salad & Raw Greens,High-Protein Omnivore / Paleo,Super-High Protein (45g+),470,46,24,14,8,16,3,Pure Avocado Oil,YES,YES,NO,NO,YES,Seed Oil Free; Gluten-Free; High Protein; High Fiber; Low Sugar; Clean Whole Food,Antibiotic-free pastured chicken breast; massaged lacinato kale; sprouted black beans; Hass avocado; cold-pressed citrus dressing,46g Clean Protein; Pure Avocado Oil; Zero Seed Oils; 8g Dietary Fiber; 100% Gluten-Free,$21.00,4.8,180,"Slow-roasted pastured chicken over organic greens and sprouted legumes. Low sugar, clean fat profile, verified gluten-free.",47.59607,-122.34448
us-seattle-98101-4,100% Grass-Fed Sirloin Kebab Plate,CAVA (Downtown),"700 Pine St, Seattle, WA 98101",Seattle,United States,98101,Clay Oven & Fire Grills,100% Plant-Based / Vegan,Super-High Protein (45g+),540,46,28,16,7,21,3,100% Extra Virgin Olive Oil,YES,YES,NO,YES,YES,Seed Oil Free; Gluten-Free; High Protein; High Fiber; Low Sugar; Clean Whole Food,Grass-fed beef sirloin cubes; Supergreens salad blend; black lentils; Persian cucumber relish; tahini drizzle,46g Grass-Fed Protein; 100% Extra Virgin Olive Oil; Zero Seed Oils; 7g Dietary Fiber; 100% Gluten-Free,$22.00,4.7,232,Charcoal grilled grass-fed beef with prebiotic black lentils and raw garden greens. 100% seed-oil free.,47.60963,-122.3287
us-seattle-98101-5,Roasted Heritage Turkey & Sweet Potato Hash,Dig (Downtown),"700 Pine St, Seattle, WA 98101",Seattle,United States,98101,Pastured Poultry & Fowl,High-Protein Omnivore / Paleo,High Protein (35g-44g),490,44,36,12,7,29,4,Pure Avocado Oil,YES,YES,NO,NO,YES,Seed Oil Free; Gluten-Free; High Protein; High Fiber; Low Sugar; Clean Whole Food,All-natural heritage turkey breast; roasted garnet sweet potato cubes; wilted baby spinach; rosemary jus,44g Lean Protein; Pure Avocado Oil; Zero Seed Oils; 7g Dietary Fiber; 100% Gluten-Free,$22.00,4.9,198,Oven-roasted tender turkey breast paired with anti-inflammatory yams. Perfectly macro-balanced and clean.,47.59908,-122.34476
us-seattle-98109-1,100% Grass-Fed Sirloin Kebab Plate,CAVA (South Lake Union),"400 Fairview Ave N, Seattle, WA 98109",Seattle,United States,98109,Clay Oven & Fire Grills,100% Plant-Based / Vegan,Super-High Protein (45g+),540,46,28,16,7,21,3,100% Extra Virgin Olive Oil,YES,YES,NO,YES,YES,Seed Oil Free; Gluten-Free; High Protein; High Fiber; Low Sugar; Clean Whole Food,Grass-fed beef sirloin cubes; Supergreens salad blend; black lentils; Persian cucumber relish; tahini drizzle,46g Grass-Fed Protein; 100% Extra Virgin Olive Oil; Zero Seed Oils; 7g Dietary Fiber; 100% Gluten-Free,$20.00,4.9,210,Charcoal grilled grass-fed beef with prebiotic black lentils and raw garden greens. 100% seed-oil free.,47.59354,-122.34139
us-seattle-98109-2,Roasted Heritage Turkey & Sweet Potato Hash,Dig (South Lake Union),"400 Fairview Ave N, Seattle, WA 98109",Seattle,United States,98109,Pastured Poultry & Fowl,High-Protein Omnivore / Paleo,High Protein (35g-44g),490,44,36,12,7,29,4,Pure Avocado Oil,YES,YES,NO,NO,YES,Seed Oil Free; Gluten-Free; High Protein; High Fiber; Low Sugar; Clean Whole Food,All-natural heritage turkey breast; roasted garnet sweet potato cubes; wilted baby spinach; rosemary jus,44g Lean Protein; Pure Avocado Oil; Zero Seed Oils; 7g Dietary Fiber; 100% Gluten-Free,$16.00,4.8,264,Oven-roasted tender turkey breast paired with anti-inflammatory yams. Perfectly macro-balanced and clean.,47.61304,-122.33089
us-seattle-98109-3,Yellowfin Tuna Poke & Sprouted Greens,The Protein House (South Lake Union),"400 Fairview Ave N, Seattle, WA 98109",Seattle,United States,98109,Salad & Raw Greens,Pescetarian,Super-High Protein (45g+),460,45,26,12,6,20,3,Cold-Pressed Sesame & EVOO,YES,YES,NO,NO,YES,Seed Oil Free; Gluten-Free; High Protein; High Fiber; Low Sugar; Clean Whole Food,Line-caught sashimi yellowfin tuna; sprouted brown rice; avocado chunks; seaweed salad; gluten-free coconut aminos,45g Lean Seafood Protein; Cold-Pressed EVOO; Zero Seed Oils; 6g Dietary Fiber; 100% Gluten-Free,$17.00,4.9,144,"Fresh sushi-grade tuna marinated in organic aminos and cold-pressed oil. Low sugar, fresh ingredients, 100% gluten-free.",47.61383,-122.32349
us-seattle-98109-4,Organic Sprouted Tofu & Edamame Crunch Bowl,Planta (South Lake Union),"400 Fairview Ave N, Seattle, WA 98109",Seattle,United States,98109,Pulse & Sprouted Legumes,100% Plant-Based / Vegan,Balanced Clean Protein (20g-34g),420,32,30,14,10,20,4,100% Extra Virgin Olive Oil,YES,YES,NO,NO,YES,Seed Oil Free; Gluten-Free; High Protein; High Fiber; Low Sugar; Clean Whole Food,Sprouted organic non-GMO tofu; steamed edamame; shredded purple cabbage; turmeric Romanesco; hemp seed gremolata,32g Organic Plant Protein; 100% Extra Virgin Olive Oil; Zero Seed Oils; 10g Dietary Fiber; 100% Gluten-Free,$19.00,4.7,272,Fermented and sprouted plant protein bowl rich in gut-healthy fiber. Completely seed-oil free and 100% gluten-free.,47.6084,-122.33132
us-seattle-98121-1,Organic Sprouted Tofu & Edamame Crunch Bowl,Planta (Belltown),"2200 1st Ave, Seattle, WA 98121",Seattle,United States,98121,Pulse & Sprouted Legumes,100% Plant-Based / Vegan,Balanced Clean Protein (20g-34g),420,32,30,14,10,20,4,100% Extra Virgin Olive Oil,YES,YES,NO,NO,YES,Seed Oil Free; Gluten-Free; High Protein; High Fiber; Low Sugar; Clean Whole Food,Sprouted organic non-GMO tofu; steamed edamame; shredded purple cabbage; turmeric Romanesco; hemp seed gremolata,32g Organic Plant Protein; 100% Extra Virgin Olive Oil; Zero Seed Oils; 10g Dietary Fiber; 100% Gluten-Free,$18.00,4.9,249,Fermented and sprouted plant protein bowl rich in gut-healthy fiber. Completely seed-oil free and 100% gluten-free.,47.60776,-122.34382
us-seattle-98121-2,Gulf Shrimp & Charred Broccolini Salad,Salata (Belltown),"2200 1st Ave, Seattle, WA 98121",Seattle,United States,98121,Salad & Raw Greens,Pescetarian,High Protein (35g-44g),440,42,20,14,6,14,2,100% Extra Virgin Olive Oil,YES,YES,YES,NO,YES,Seed Oil Free; Gluten-Free; High Protein; High Fiber; Low Sugar; Clean Whole Food,Wild-caught Gulf shrimp; charred broccolini florets; hearts of palm; shaved parmesan; lemon garlic vinaigrette,42g Wild Seafood Protein; 100% Extra Virgin Olive Oil; Zero Seed Oils; 6g Dietary Fiber; 100% Gluten-Free,$22.00,4.7,231,"Wild Gulf shrimp quickly seared in cold-pressed olive oil over crisp brassicas. Low carb, low sugar, high protein.",47.60648,-122.33866
us-seattle-98121-3,Wild Alaskan Salmon Quinoa Bowl,Flower Child (Belltown),"2200 1st Ave, Seattle, WA 98121",Seattle,United States,98121,Wild Seafood & Coastal,Pescetarian,High Protein (35g-44g),520,44,32,16,7,25,4,100% Extra Virgin Olive Oil,YES,YES,NO,NO,YES,Seed Oil Free; Gluten-Free; High Protein; High Fiber; Low Sugar; Clean Whole Food,Wild Alaskan salmon fillet; sprouted tri-color quinoa; charred broccolini; avocado slices; lemon-herb drizzle,44g Clean Protein; 100% Extra Virgin Olive Oil; Zero Seed Oils; 7g Dietary Fiber; 100% Gluten-Free,$20.00,4.8,199,"Certified low calorie (520 kcal), high protein (44g), high fiber, and prepared strictly with cold-pressed olive oil. No seed oils, zero cane sugar, naturally gluten-free.",47.59326,-122.32846
us-seattle-98121-4,Grass-Fed Bison Quinoa Power Bowl,True Food Kitchen (Belltown),"2200 1st Ave, Seattle, WA 98121",Seattle,United States,98121,Grass-Fed Meats & Steaks,High-Protein Omnivore / Paleo,Super-High Protein (45g+),580,48,34,18,8,26,4,100% Grass-Fed Beef Tallow,YES,YES,NO,YES,YES,Seed Oil Free; Gluten-Free; High Protein; High Fiber; Low Sugar; Clean Whole Food,100% Regenerative grass-fed bison; ancient quinoa; fire-roasted sweet peppers; baby spinach; chimichurri,48g Grass-Fed Protein; 100% Beef Tallow; Zero Seed Oils; 8g Dietary Fiber; 100% Gluten-Free,$20.00,4.9,230,"Regenerative pasture-raised bison seared in 100% beef tallow. High protein, nutrient-dense clean carbs, zero industrial seed oils.",47.5929,-122.31739
us-atlanta-428,Chicken with Black Beans Bowl,Chipotle Mexican Grill,"101 Maple St, Atlanta, GA",Atlanta,United States,,Pastured Poultry & Fowl,High-Protein Omnivore / Paleo,High Protein (35g-44g),310,40,22,7,8,14,3,Extra Virgin Olive Oil / Avocado Oil / Grass-Fed Tallow,YES,YES,NO,NO,YES,Seed Oil Free; Gluten-Free; High Protein; High Fiber; Low Sugar; Clean Whole Food,Chicken with Black Beans Bowl; Cold-pressed extra virgin olive oil; Garden greens; Sea salt; Fresh herbs,40g Clean Protein; Zero Seed Oils; 8g Dietary Fiber; 100% Gluten-Free,$20.00,4.7,334,Chicken and black beans,33.75949,-84.40021
us-atlanta-429,Barbacoa with Black Beans Bowl,Chipotle Mexican Grill,"101 Maple St, Atlanta, GA",Atlanta,United States,,Grain & Macro Bowls,100% Plant-Based / Vegan,Balanced Clean Protein (20g-34g),300,32,24,8,8,16,3,Extra Virgin Olive Oil / Avocado Oil / Grass-Fed Tallow,YES,YES,NO,NO,YES,Seed Oil Free; Gluten-Free; High Protein; High Fiber; Low Sugar; Clean Whole Food,Barbacoa with Black Beans Bowl; Cold-pressed extra virgin olive oil; Garden greens; Sea salt; Fresh herbs,32g Clean Protein; Zero Seed Oils; 8g Dietary Fiber; 100% Gluten-Free,$20.00,4.8,86,Barbacoa beef with black beans,33.75925,-84.38455
us-atlanta-430,Carnitas with Black Beans Bowl,Chipotle Mexican Grill,"101 Maple St, Atlanta, GA",Atlanta,United States,,Grain & Macro Bowls,High-Protein Omnivore / Paleo,Balanced Clean Protein (20g-34g),340,31,22,14,8,14,3,Extra Virgin Olive Oil / Avocado Oil / Grass-Fed Tallow,YES,YES,NO,NO,YES,Seed Oil Free; Gluten-Free; High Protein; High Fiber; Low Sugar; Clean Whole Food,Carnitas with Black Beans Bowl; Cold-pressed extra virgin olive oil; Garden greens; Sea salt; Fresh herbs,31g Clean Protein; Zero Seed Oils; 8g Dietary Fiber; 100% Gluten-Free,$17.00,4.8,217,Carnitas with black beans,33.74915,-84.37373
us-atlanta-431,Chinese Chicken Salad (No Dressing),True Food Kitchen,"3393 Peachtree Rd NE, Atlanta, GA 30326",Atlanta,United States,30326,Salad & Raw Greens,High-Protein Omnivore / Paleo,High Protein (35g-44g),490,37,21,29,10,11,3,Extra Virgin Olive Oil / Avocado Oil / Grass-Fed Tallow,YES,YES,NO,NO,YES,Seed Oil Free; Gluten-Free; High Protein; High Fiber; Low Sugar; Clean Whole Food,Chinese Chicken Salad (No Dressing); Cold-pressed extra virgin olive oil; Garden greens; Sea salt; Fresh herbs,37g Clean Protein; Zero Seed Oils; 10g Dietary Fiber; 100% Gluten-Free,$19.00,4.8,343,"Verified by HealthyVicinity database (490 kcal, 37g protein, 10g fiber). 100% seed-oil free and gluten-free.",33.76127,-84.37689
us-atlanta-432,Turkey Burger,True Food Kitchen,"3393 Peachtree Rd NE, Atlanta, GA 30326",Atlanta,United States,30326,Grass-Fed Meats & Steaks,High-Protein Omnivore / Paleo,High Protein (35g-44g),600,43,35,32,4,31,4,Extra Virgin Olive Oil / Avocado Oil / Grass-Fed Tallow,YES,YES,NO,NO,YES,Seed Oil Free; Gluten-Free; High Protein; High Fiber; Low Sugar; Clean Whole Food,Turkey Burger; Cold-pressed extra virgin olive oil; Garden greens; Sea salt; Fresh herbs,43g Clean Protein; Zero Seed Oils; 4g Dietary Fiber; 100% Gluten-Free,$14.00,4.7,317,"Verified by HealthyVicinity database (600 kcal, 43g protein, 4g fiber). 100% seed-oil free and gluten-free.",33.74189,-84.37595
us-atlanta-433,Entrée: Chicken + Roasted Broccoli + Cauliflower Risotto,Flower Child,"3400 Around Lenox Dr, Atlanta, GA 30326",Atlanta,United States,30326,Pastured Poultry & Fowl,High-Protein Omnivore / Paleo,High Protein (35g-44g),570,35,30,34,5,25,4,Extra Virgin Olive Oil / Avocado Oil / Grass-Fed Tallow,YES,YES,NO,NO,YES,Seed Oil Free; Gluten-Free; High Protein; High Fiber; Low Sugar; Clean Whole Food,Entrée: Chicken + Roasted Broccoli + Cauliflower Risotto; Cold-pressed extra virgin olive oil; Garden greens; Sea salt; Fresh herbs,35g Clean Protein; Zero Seed Oils; 5g Dietary Fiber; 100% Gluten-Free,$15.00,4.7,322,Entrée: Chicken + Roasted Broccoli + Cauliflower Risotto,33.74039,-84.39181
us-atlanta-434,Roasted Garlic Chicken Pita,CAVA,"3655 Roswell Rd NE, Ste 100, Atlanta, GA 30342",Atlanta,United States,30342,Pastured Poultry & Fowl,High-Protein Omnivore / Paleo,Balanced Clean Protein (20g-34g),490,34,30,26,5,25,4,Extra Virgin Olive Oil / Avocado Oil / Grass-Fed Tallow,YES,YES,NO,NO,YES,Seed Oil Free; Gluten-Free; High Protein; High Fiber; Low Sugar; Clean Whole Food,Roasted Garlic Chicken Pita; Cold-pressed extra virgin olive oil; Garden greens; Sea salt; Fresh herbs,34g Clean Protein; Zero Seed Oils; 5g Dietary Fiber; 100% Gluten-Free,$19.00,4.7,110,Roasted Garlic Chicken Pita,33.75158,-84.38534
us-atlanta-435,Grass-Fed Burger,True Food Kitchen,"800 Peachtree St NE, Atlanta, GA 30308",Atlanta,United States,30308,Grass-Fed Meats & Steaks,High-Protein Omnivore / Paleo,Super-High Protein (45g+),620,51,38,29,4,34,5,Extra Virgin Olive Oil / Avocado Oil / Grass-Fed Tallow,YES,YES,NO,YES,YES,Seed Oil Free; Gluten-Free; High Protein; High Fiber; Low Sugar; Clean Whole Food,Grass-Fed Burger; Cold-pressed extra virgin olive oil; Garden greens; Sea salt; Fresh herbs,51g Clean Protein; Zero Seed Oils; 4g Dietary Fiber; 100% Gluten-Free,$18.00,4.7,155,"Grass-fed beef patty with aged white cheddar at Colony Square Midtown Atlanta. 51g protein, top macro order for Midtown ATL fitness crowd.",33.75738,-84.40074
us-atlanta-436,Double Chicken Bowl,Chipotle Mexican Grill,"1014 N Highland Ave NE, Atlanta, GA 30306",Atlanta,United States,30306,Pastured Poultry & Fowl,High-Protein Omnivore / Paleo,Super-High Protein (45g+),640,68,52,18,11,41,6,Extra Virgin Olive Oil / Avocado Oil / Grass-Fed Tallow,YES,YES,NO,NO,YES,Seed Oil Free; Gluten-Free; High Protein; High Fiber; Low Sugar; Clean Whole Food,Double Chicken Bowl; Cold-pressed extra virgin olive oil; Garden greens; Sea salt; Fresh herbs,68g Clean Protein; Zero Seed Oils; 11g Dietary Fiber; 100% Gluten-Free,$16.00,4.9,329,Double chicken over brown rice with black beans on Highland Ave Virginia-Highland Atlanta. 68g protein for the VaHi fitness community.,33.74187,-84.38613
us-atlanta-437,Rotisserie Chicken Tacos,El Felix,"675 Ponce De Leon Ave NE #1100, Atlanta, GA 30308",Atlanta,United States,30308,Pastured Poultry & Fowl,High-Protein Omnivore / Paleo,High Protein (35g-44g),450,40,32,18,4,28,4,Extra Virgin Olive Oil / Avocado Oil / Grass-Fed Tallow,YES,YES,NO,NO,YES,Seed Oil Free; Gluten-Free; High Protein; High Fiber; Low Sugar; Clean Whole Food,Rotisserie Chicken Tacos; Cold-pressed extra virgin olive oil; Garden greens; Sea salt; Fresh herbs,40g Clean Protein; Zero Seed Oils; 4g Dietary Fiber; 100% Gluten-Free,$17.00,4.7,299,"Three rotisserie chicken tacos with house-made salsa, pickled veggies, and queso fresco at El Felix PCM Atlanta. 40g protein — a Ponce City Market lunch staple.",33.75889,-84.37514
us-atlanta-438,Carne Asada Bowl,El Felix,"675 Ponce De Leon Ave NE #1100, Atlanta, GA 30308",Atlanta,United States,30308,Grain & Macro Bowls,100% Plant-Based / Vegan,High Protein (35g-44g),490,44,38,18,5,33,5,Extra Virgin Olive Oil / Avocado Oil / Grass-Fed Tallow,YES,YES,NO,NO,YES,Seed Oil Free; Gluten-Free; High Protein; High Fiber; Low Sugar; Clean Whole Food,Carne Asada Bowl; Cold-pressed extra virgin olive oil; Garden greens; Sea salt; Fresh herbs,44g Clean Protein; Zero Seed Oils; 5g Dietary Fiber; 100% Gluten-Free,$22.00,4.7,83,"Grilled skirt steak over cilantro lime rice with roasted corn, black beans, and avocado at El Felix Ponce City Market. 44g protein, a clean macro bowl.",33.74847,-84.39216
us-atlanta-439,Entrée: Salmon + Kale Salad + Roasted Broccoli,Flower Child (Westside),"1170 Howell Mill Rd, Atlanta, GA 30318",Atlanta,United States,30318,Salad & Raw Greens,Pescetarian,High Protein (35g-44g),620,36,30,40,5,25,4,Extra Virgin Olive Oil / Avocado Oil / Grass-Fed Tallow,YES,YES,NO,NO,YES,Seed Oil Free; Gluten-Free; High Protein; High Fiber; Low Sugar; Clean Whole Food,Entrée: Salmon + Kale Salad + Roasted Broccoli; Cold-pressed extra virgin olive oil; Garden greens; Sea salt; Fresh herbs,36g Clean Protein; Zero Seed Oils; 5g Dietary Fiber; 100% Gluten-Free,$20.00,4.6,226,Entrée: Salmon + Kale Salad + Roasted Broccoli,33.75017,-84.38484
us-atlanta-440,Harissa Chicken Greens & Grains Bowl,CAVA,"3655 Roswell Rd NE, Ste 100, Atlanta, GA 30342",Atlanta,United States,30342,Salad & Raw Greens,High-Protein Omnivore / Paleo,High Protein (35g-44g),560,37,30,32,5,25,4,Extra Virgin Olive Oil / Avocado Oil / Grass-Fed Tallow,YES,YES,NO,NO,YES,Seed Oil Free; Gluten-Free; High Protein; High Fiber; Low Sugar; Clean Whole Food,Harissa Chicken Greens & Grains Bowl; Cold-pressed extra virgin olive oil; Garden greens; Sea salt; Fresh herbs,37g Clean Protein; Zero Seed Oils; 5g Dietary Fiber; 100% Gluten-Free,$18.00,4.8,243,Harissa Chicken Greens & Grains Bowl,33.75477,-84.3994
us-atlanta-441,Spiced Lamb Meatball Bowl (SuperGreens base),CAVA,"3655 Roswell Rd NE, Ste 100, Atlanta, GA 30342",Atlanta,United States,30342,Salad & Raw Greens,High-Protein Omnivore / Paleo,High Protein (35g-44g),620,41,30,37,5,25,4,Extra Virgin Olive Oil / Avocado Oil / Grass-Fed Tallow,YES,YES,NO,NO,YES,Seed Oil Free; Gluten-Free; High Protein; High Fiber; Low Sugar; Clean Whole Food,Spiced Lamb Meatball Bowl (SuperGreens base); Cold-pressed extra virgin olive oil; Garden greens; Sea salt; Fresh herbs,41g Clean Protein; Zero Seed Oils; 5g Dietary Fiber; 100% Gluten-Free,$19.00,4.7,343,Spiced Lamb Meatball Bowl (SuperGreens base),33.74481,-84.4004
us-atlanta-442,Chop-rito Chicken Bowl with Salsa Roja,Original ChopShop,"2274 Peachtree Rd NW, Atlanta, GA 30309",Atlanta,United States,30309,Pastured Poultry & Fowl,High-Protein Omnivore / Paleo,Super-High Protein (45g+),507,45,30,23,5,25,4,Extra Virgin Olive Oil / Avocado Oil / Grass-Fed Tallow,YES,YES,NO,NO,YES,Seed Oil Free; Gluten-Free; High Protein; High Fiber; Low Sugar; Clean Whole Food,Chop-rito Chicken Bowl with Salsa Roja; Cold-pressed extra virgin olive oil; Garden greens; Sea salt; Fresh herbs,45g Clean Protein; Zero Seed Oils; 5g Dietary Fiber; 100% Gluten-Free,$15.00,4.9,140,Chop-rito Chicken Bowl with Salsa Roja,33.74215,-84.39674
us-atlanta-443,Chicken & Prosciutto Sandwich,Original ChopShop,"2274 Peachtree Rd NW, Atlanta, GA 30309",Atlanta,United States,30309,Pastured Poultry & Fowl,High-Protein Omnivore / Paleo,Super-High Protein (45g+),580,64,30,23,5,25,4,Extra Virgin Olive Oil / Avocado Oil / Grass-Fed Tallow,YES,YES,NO,NO,YES,Seed Oil Free; Gluten-Free; High Protein; High Fiber; Low Sugar; Clean Whole Food,Chicken & Prosciutto Sandwich; Cold-pressed extra virgin olive oil; Garden greens; Sea salt; Fresh herbs,64g Clean Protein; Zero Seed Oils; 5g Dietary Fiber; 100% Gluten-Free,$16.00,4.7,251,Chicken & Prosciutto Sandwich,33.75109,-84.37579
us-atlanta-444,Cheat Day Wrap,Original ChopShop,"2274 Peachtree Rd NW, Atlanta, GA 30309",Atlanta,United States,30309,Balanced Whole Foods,100% Plant-Based / Vegan,High Protein (35g-44g),590,40,30,34,5,25,4,Extra Virgin Olive Oil / Avocado Oil / Grass-Fed Tallow,YES,YES,NO,NO,YES,Seed Oil Free; Gluten-Free; High Protein; High Fiber; Low Sugar; Clean Whole Food,Cheat Day Wrap; Cold-pressed extra virgin olive oil; Garden greens; Sea salt; Fresh herbs,40g Clean Protein; Zero Seed Oils; 5g Dietary Fiber; 100% Gluten-Free,$17.00,4.7,358,Cheat Day Wrap,33.74231,-84.40046
us-atlanta-445,Grilled Chicken Quinoa Bowl,Nourish + Bloom Market,"2287-A Cascade Rd SW, Atlanta, GA 30311",Atlanta,United States,30311,Clay Oven & Fire Grills,High-Protein Omnivore / Paleo,High Protein (35g-44g),520,38,30,28,5,25,4,Extra Virgin Olive Oil / Avocado Oil / Grass-Fed Tallow,YES,YES,NO,NO,YES,Seed Oil Free; Gluten-Free; High Protein; High Fiber; Low Sugar; Clean Whole Food,Grilled Chicken Quinoa Bowl; Cold-pressed extra virgin olive oil; Garden greens; Sea salt; Fresh herbs,38g Clean Protein; Zero Seed Oils; 5g Dietary Fiber; 100% Gluten-Free,$15.00,4.9,243,Grilled Chicken Quinoa Bowl,33.75744,-84.39859
us-atlanta-446,Salmon Protein Bowl,Nourish + Bloom Market,"2287-A Cascade Rd SW, Atlanta, GA 30311",Atlanta,United States,30311,Wild Seafood & Coastal,Pescetarian,High Protein (35g-44g),490,36,30,25,5,25,4,Extra Virgin Olive Oil / Avocado Oil / Grass-Fed Tallow,YES,YES,NO,NO,YES,Seed Oil Free; Gluten-Free; High Protein; High Fiber; Low Sugar; Clean Whole Food,Salmon Protein Bowl; Cold-pressed extra virgin olive oil; Garden greens; Sea salt; Fresh herbs,36g Clean Protein; Zero Seed Oils; 5g Dietary Fiber; 100% Gluten-Free,$20.00,4.8,302,Salmon Protein Bowl,33.75377,-84.38738
us-atlanta-447,Turkey & Greens Gourmet Sandwich,Nourish + Bloom Market,"2287-A Cascade Rd SW, Atlanta, GA 30311",Atlanta,United States,30311,Salad & Raw Greens,High-Protein Omnivore / Paleo,Balanced Clean Protein (20g-34g),540,32,30,32,5,25,4,Extra Virgin Olive Oil / Avocado Oil / Grass-Fed Tallow,YES,YES,NO,NO,YES,Seed Oil Free; Gluten-Free; High Protein; High Fiber; Low Sugar; Clean Whole Food,Turkey & Greens Gourmet Sandwich; Cold-pressed extra virgin olive oil; Garden greens; Sea salt; Fresh herbs,32g Clean Protein; Zero Seed Oils; 5g Dietary Fiber; 100% Gluten-Free,$19.00,4.7,145,Turkey & Greens Gourmet Sandwich,33.74498,-84.38605
us-atlanta-448,Florida Black Grouper - Horseradish Crusted,Chops Lobster Bar,"70 W Paces Ferry Rd NW, Atlanta, GA 30305",Atlanta,United States,30305,Balanced Whole Foods,100% Plant-Based / Vegan,High Protein (35g-44g),380,42,12,18,4,8,1,Extra Virgin Olive Oil / Avocado Oil / Grass-Fed Tallow,YES,YES,YES,NO,YES,Seed Oil Free; Gluten-Free; High Protein; High Fiber; Low Sugar; Clean Whole Food,Florida Black Grouper - Horseradish Crusted; Cold-pressed extra virgin olive oil; Garden greens; Sea salt; Fresh herbs,42g Clean Protein; Zero Seed Oils; 4g Dietary Fiber; 100% Gluten-Free,$19.00,4.6,202,"Florida black grouper, horseradish crusted, with sautéed baby leaf spinach and pink grapefruit emulsion.",33.75881,-84.37445
us-atlanta-449,Chicken & Prosciutto Sandwich,Original ChopShop,"2274 Peachtree Rd NW, Atlanta, GA 30309",Atlanta,United States,30309,Pastured Poultry & Fowl,High-Protein Omnivore / Paleo,Super-High Protein (45g+),580,64,30,23,5,25,4,Pure Avocado Oil,YES,YES,NO,NO,YES,Seed Oil Free; Gluten-Free; High Protein; High Fiber; Low Sugar; Clean Whole Food,Chicken & Prosciutto Sandwich; Cold-pressed extra virgin olive oil; Garden greens; Sea salt; Fresh herbs,64g Clean Protein; Zero Seed Oils; 5g Dietary Fiber; 100% Gluten-Free,$19.00,4.7,308,"Verified by HealthyEatsNearMe nutrition database (580 kcal, 64g protein). Prepared without refined seed oils, artificial thickeners, or industrial sprays.",33.75733,-84.39564
us-atlanta-450,Chop-rito Chicken Bowl with Salsa Roja,Original ChopShop,"2274 Peachtree Rd NW, Atlanta, GA 30309",Atlanta,United States,30309,Pastured Poultry & Fowl,High-Protein Omnivore / Paleo,Super-High Protein (45g+),507,45,30,23,5,25,4,Pure Avocado Oil,YES,YES,NO,NO,YES,Seed Oil Free; Gluten-Free; High Protein; High Fiber; Low Sugar; Clean Whole Food,Chop-rito Chicken Bowl with Salsa Roja; Cold-pressed extra virgin olive oil; Garden greens; Sea salt; Fresh herbs,45g Clean Protein; Zero Seed Oils; 5g Dietary Fiber; 100% Gluten-Free,$20.00,4.7,118,"Verified by HealthyEatsNearMe nutrition database (507 kcal, 45g protein). Prepared without refined seed oils, artificial thickeners, or industrial sprays.",33.73514,-84.39219
us-atlanta-451,Spiced Lamb Meatball Bowl (SuperGreens base),CAVA,"3655 Roswell Rd NE, Ste 100, Atlanta, GA 30342",Atlanta,United States,30342,Salad & Raw Greens,High-Protein Omnivore / Paleo,High Protein (35g-44g),620,41,30,37,5,25,4,Pure Avocado Oil,YES,YES,NO,NO,YES,Seed Oil Free; Gluten-Free; High Protein; High Fiber; Low Sugar; Clean Whole Food,Spiced Lamb Meatball Bowl (SuperGreens base); Cold-pressed extra virgin olive oil; Garden greens; Sea salt; Fresh herbs,41g Clean Protein; Zero Seed Oils; 5g Dietary Fiber; 100% Gluten-Free,$20.00,4.8,184,"Verified by HealthyEatsNearMe nutrition database (620 kcal, 41g protein). Prepared without refined seed oils, artificial thickeners, or industrial sprays.",33.75232,-84.38389
us-atlanta-452,Chicken with Black Beans Bowl,Chipotle Mexican Grill,"101 Maple St, Atlanta, GA",Atlanta,United States,,Pastured Poultry & Fowl,High-Protein Omnivore / Paleo,High Protein (35g-44g),310,40,22,7,8,14,3,Pure Avocado Oil,YES,YES,NO,NO,YES,Seed Oil Free; Gluten-Free; High Protein; High Fiber; Low Sugar; Clean Whole Food,Chicken with Black Beans Bowl; Cold-pressed extra virgin olive oil; Garden greens; Sea salt; Fresh herbs,40g Clean Protein; Zero Seed Oils; 8g Dietary Fiber; 100% Gluten-Free,$16.00,4.7,270,"Verified by HealthyEatsNearMe nutrition database (310 kcal, 40g protein). Prepared without refined seed oils, artificial thickeners, or industrial sprays.",33.7341,-84.38083
us-atlanta-453,Cheat Day Wrap,Original ChopShop,"2274 Peachtree Rd NW, Atlanta, GA 30309",Atlanta,United States,30309,Balanced Whole Foods,100% Plant-Based / Vegan,High Protein (35g-44g),590,40,30,34,5,25,4,Pure Avocado Oil,YES,YES,NO,NO,YES,Seed Oil Free; Gluten-Free; High Protein; High Fiber; Low Sugar; Clean Whole Food,Cheat Day Wrap; Cold-pressed extra virgin olive oil; Garden greens; Sea salt; Fresh herbs,40g Clean Protein; Zero Seed Oils; 5g Dietary Fiber; 100% Gluten-Free,$16.00,4.9,294,"Verified by HealthyEatsNearMe nutrition database (590 kcal, 40g protein). Prepared without refined seed oils, artificial thickeners, or industrial sprays.",33.75184,-84.38844
us-atlanta-454,Grilled Chicken Quinoa Bowl,Nourish + Bloom Market,"2287-A Cascade Rd SW, Atlanta, GA 30311",Atlanta,United States,30311,Clay Oven & Fire Grills,High-Protein Omnivore / Paleo,High Protein (35g-44g),520,38,30,28,5,25,4,Pure Avocado Oil,YES,YES,NO,NO,YES,Seed Oil Free; Gluten-Free; High Protein; High Fiber; Low Sugar; Clean Whole Food,Grilled Chicken Quinoa Bowl; Cold-pressed extra virgin olive oil; Garden greens; Sea salt; Fresh herbs,38g Clean Protein; Zero Seed Oils; 5g Dietary Fiber; 100% Gluten-Free,$15.00,4.7,230,"Verified by HealthyEatsNearMe nutrition database (520 kcal, 38g protein). Prepared without refined seed oils, artificial thickeners, or industrial sprays.",33.75437,-84.38821
us-atlanta-455,Harissa Chicken Greens & Grains Bowl,CAVA,"3655 Roswell Rd NE, Ste 100, Atlanta, GA 30342",Atlanta,United States,30342,Salad & Raw Greens,High-Protein Omnivore / Paleo,High Protein (35g-44g),560,37,30,32,5,25,4,Pure Avocado Oil,YES,YES,NO,NO,YES,Seed Oil Free; Gluten-Free; High Protein; High Fiber; Low Sugar; Clean Whole Food,Harissa Chicken Greens & Grains Bowl; Cold-pressed extra virgin olive oil; Garden greens; Sea salt; Fresh herbs,37g Clean Protein; Zero Seed Oils; 5g Dietary Fiber; 100% Gluten-Free,$22.00,4.7,295,"Verified by HealthyEatsNearMe nutrition database (560 kcal, 37g protein). Prepared without refined seed oils, artificial thickeners, or industrial sprays.",33.76014,-84.38403
us-atlanta-456,Entrée: Salmon + Kale Salad + Roasted Broccoli,Flower Child (Westside),"1170 Howell Mill Rd, Atlanta, GA 30318",Atlanta,United States,30318,Salad & Raw Greens,Pescetarian,High Protein (35g-44g),620,36,30,40,5,25,4,Cold-Pressed EVOO,YES,YES,NO,NO,YES,Seed Oil Free; Gluten-Free; High Protein; High Fiber; Low Sugar; Clean Whole Food,Entrée: Salmon + Kale Salad + Roasted Broccoli; Cold-pressed extra virgin olive oil; Garden greens; Sea salt; Fresh herbs,36g Clean Protein; Zero Seed Oils; 5g Dietary Fiber; 100% Gluten-Free,$22.00,4.9,326,"Verified by HealthyEatsNearMe nutrition database (620 kcal, 36g protein). Prepared without refined seed oils, artificial thickeners, or industrial sprays.",33.74986,-84.39668
us-atlanta-457,Salmon Protein Bowl,Nourish + Bloom Market,"2287-A Cascade Rd SW, Atlanta, GA 30311",Atlanta,United States,30311,Wild Seafood & Coastal,Pescetarian,High Protein (35g-44g),490,36,30,25,5,25,4,Cold-Pressed EVOO,YES,YES,NO,NO,YES,Seed Oil Free; Gluten-Free; High Protein; High Fiber; Low Sugar; Clean Whole Food,Salmon Protein Bowl; Cold-pressed extra virgin olive oil; Garden greens; Sea salt; Fresh herbs,36g Clean Protein; Zero Seed Oils; 5g Dietary Fiber; 100% Gluten-Free,$21.00,4.8,334,"Verified by HealthyEatsNearMe nutrition database (490 kcal, 36g protein). Prepared without refined seed oils, artificial thickeners, or industrial sprays.",33.76283,-84.37828
us-atlanta-30326-1,Organic Sprouted Tofu & Edamame Crunch Bowl,Planta (Buckhead),"3393 Peachtree Rd NE, Atlanta, GA 30326",Atlanta,United States,30326,Pulse & Sprouted Legumes,100% Plant-Based / Vegan,Balanced Clean Protein (20g-34g),420,32,30,14,10,20,4,100% Extra Virgin Olive Oil,YES,YES,NO,NO,YES,Seed Oil Free; Gluten-Free; High Protein; High Fiber; Low Sugar; Clean Whole Food,Sprouted organic non-GMO tofu; steamed edamame; shredded purple cabbage; turmeric Romanesco; hemp seed gremolata,32g Organic Plant Protein; 100% Extra Virgin Olive Oil; Zero Seed Oils; 10g Dietary Fiber; 100% Gluten-Free,$19.00,4.8,246,Fermented and sprouted plant protein bowl rich in gut-healthy fiber. Completely seed-oil free and 100% gluten-free.,33.73808,-84.37599
us-atlanta-30326-2,Gulf Shrimp & Charred Broccolini Salad,Salata (Buckhead),"3393 Peachtree Rd NE, Atlanta, GA 30326",Atlanta,United States,30326,Salad & Raw Greens,Pescetarian,High Protein (35g-44g),440,42,20,14,6,14,2,100% Extra Virgin Olive Oil,YES,YES,YES,NO,YES,Seed Oil Free; Gluten-Free; High Protein; High Fiber; Low Sugar; Clean Whole Food,Wild-caught Gulf shrimp; charred broccolini florets; hearts of palm; shaved parmesan; lemon garlic vinaigrette,42g Wild Seafood Protein; 100% Extra Virgin Olive Oil; Zero Seed Oils; 6g Dietary Fiber; 100% Gluten-Free,$21.00,4.7,169,"Wild Gulf shrimp quickly seared in cold-pressed olive oil over crisp brassicas. Low carb, low sugar, high protein.",33.74948,-84.39263
us-portland-460,DIY Taco Bowl,Laughing Planet,"2222 Hawthorne Blvd, Portland, OR",Portland,United States,,Grain & Macro Bowls,100% Plant-Based / Vegan,Balanced Clean Protein (20g-34g),650,29,89,20,15,74,6,Extra Virgin Olive Oil / Avocado Oil / Grass-Fed Tallow,YES,YES,NO,NO,YES,Seed Oil Free; Gluten-Free; High Protein; High Fiber; Low Sugar; Clean Whole Food,DIY Taco Bowl; Cold-pressed extra virgin olive oil; Garden greens; Sea salt; Fresh herbs,29g Clean Protein; Zero Seed Oils; 15g Dietary Fiber; 100% Gluten-Free,$15.00,4.7,222,Build-your-own taco bowl.,45.51178,-122.66603
us-portland-461,Spanky's Bowl,Laughing Planet,"2222 Hawthorne Blvd, Portland, OR",Portland,United States,,Grain & Macro Bowls,100% Plant-Based / Vegan,Balanced Clean Protein (20g-34g),620,27,52,34,10,42,6,Extra Virgin Olive Oil / Avocado Oil / Grass-Fed Tallow,YES,YES,NO,NO,YES,Seed Oil Free; Gluten-Free; High Protein; High Fiber; Low Sugar; Clean Whole Food,Spanky's Bowl; Cold-pressed extra virgin olive oil; Garden greens; Sea salt; Fresh herbs,27g Clean Protein; Zero Seed Oils; 10g Dietary Fiber; 100% Gluten-Free,$18.00,4.7,299,Spanky's bowl.,45.51285,-122.667
us-portland-462,Pacific Quinoa Salad,Greenleaf Juicing Company,"2424 SE Division St, Portland, OR",Portland,United States,,Salad & Raw Greens,100% Plant-Based / Vegan,Balanced Clean Protein (20g-34g),512,24,58,20,23,35,6,Extra Virgin Olive Oil / Avocado Oil / Grass-Fed Tallow,YES,YES,NO,NO,YES,Seed Oil Free; Gluten-Free; High Protein; High Fiber; Low Sugar; Clean Whole Food,Pacific Quinoa Salad; Cold-pressed extra virgin olive oil; Garden greens; Sea salt; Fresh herbs,24g Clean Protein; Zero Seed Oils; 23g Dietary Fiber; 100% Gluten-Free,$18.00,4.6,156,Quinoa salad with plant protein and greens (24 oz).,45.52818,-122.68154
us-portland-463,Pacific Quinoa Salad,Greenleaf Juicing Company,"2424 SE Division St, Portland, OR",Portland,United States,,Salad & Raw Greens,100% Plant-Based / Vegan,Balanced Clean Protein (20g-34g),512,24,58,20,23,35,6,Cold-Pressed EVOO,YES,YES,NO,NO,YES,Seed Oil Free; Gluten-Free; High Protein; High Fiber; Low Sugar; Clean Whole Food,Pacific Quinoa Salad; Cold-pressed extra virgin olive oil; Garden greens; Sea salt; Fresh herbs,24g Clean Protein; Zero Seed Oils; 23g Dietary Fiber; 100% Gluten-Free,$22.00,4.6,155,"Verified by HealthyEatsNearMe nutrition database (512 kcal, 24g protein). Prepared without refined seed oils, artificial thickeners, or industrial sprays.",45.50208,-122.66818
us-portland-97201-1,Wild Alaskan Salmon Quinoa Bowl,Flower Child (Downtown),"1125 SW Morrison St, Portland, OR 97201",Portland,United States,97201,Wild Seafood & Coastal,Pescetarian,High Protein (35g-44g),520,44,32,16,7,25,4,100% Extra Virgin Olive Oil,YES,YES,NO,NO,YES,Seed Oil Free; Gluten-Free; High Protein; High Fiber; Low Sugar; Clean Whole Food,Wild Alaskan salmon fillet; sprouted tri-color quinoa; charred broccolini; avocado slices; lemon-herb drizzle,44g Clean Protein; 100% Extra Virgin Olive Oil; Zero Seed Oils; 7g Dietary Fiber; 100% Gluten-Free,$20.00,4.8,100,"Certified low calorie (520 kcal), high protein (44g), high fiber, and prepared strictly with cold-pressed olive oil. No seed oils, zero cane sugar, naturally gluten-free.",45.5257,-122.68319
us-portland-97201-2,Grass-Fed Bison Quinoa Power Bowl,True Food Kitchen (Downtown),"1125 SW Morrison St, Portland, OR 97201",Portland,United States,97201,Grass-Fed Meats & Steaks,High-Protein Omnivore / Paleo,Super-High Protein (45g+),580,48,34,18,8,26,4,100% Grass-Fed Beef Tallow,YES,YES,NO,YES,YES,Seed Oil Free; Gluten-Free; High Protein; High Fiber; Low Sugar; Clean Whole Food,100% Regenerative grass-fed bison; ancient quinoa; fire-roasted sweet peppers; baby spinach; chimichurri,48g Grass-Fed Protein; 100% Beef Tallow; Zero Seed Oils; 8g Dietary Fiber; 100% Gluten-Free,$22.00,4.7,197,"Regenerative pasture-raised bison seared in 100% beef tallow. High protein, nutrient-dense clean carbs, zero industrial seed oils.",45.52863,-122.67976
us-portland-97201-3,Citrus-Herb Pastured Chicken Greens Bowl,Sweetgreen (Downtown),"1125 SW Morrison St, Portland, OR 97201",Portland,United States,97201,Salad & Raw Greens,High-Protein Omnivore / Paleo,Super-High Protein (45g+),470,46,24,14,8,16,3,Pure Avocado Oil,YES,YES,NO,NO,YES,Seed Oil Free; Gluten-Free; High Protein; High Fiber; Low Sugar; Clean Whole Food,Antibiotic-free pastured chicken breast; massaged lacinato kale; sprouted black beans; Hass avocado; cold-pressed citrus dressing,46g Clean Protein; Pure Avocado Oil; Zero Seed Oils; 8g Dietary Fiber; 100% Gluten-Free,$22.00,4.8,203,"Slow-roasted pastured chicken over organic greens and sprouted legumes. Low sugar, clean fat profile, verified gluten-free.",45.5226,-122.67218
us-portland-97201-4,100% Grass-Fed Sirloin Kebab Plate,CAVA (Downtown),"1125 SW Morrison St, Portland, OR 97201",Portland,United States,97201,Clay Oven & Fire Grills,100% Plant-Based / Vegan,Super-High Protein (45g+),540,46,28,16,7,21,3,100% Extra Virgin Olive Oil,YES,YES,NO,YES,YES,Seed Oil Free; Gluten-Free; High Protein; High Fiber; Low Sugar; Clean Whole Food,Grass-fed beef sirloin cubes; Supergreens salad blend; black lentils; Persian cucumber relish; tahini drizzle,46g Grass-Fed Protein; 100% Extra Virgin Olive Oil; Zero Seed Oils; 7g Dietary Fiber; 100% Gluten-Free,$18.00,4.9,115,Charcoal grilled grass-fed beef with prebiotic black lentils and raw garden greens. 100% seed-oil free.,45.50422,-122.69296
us-portland-97201-5,Roasted Heritage Turkey & Sweet Potato Hash,Dig (Downtown),"1125 SW Morrison St, Portland, OR 97201",Portland,United States,97201,Pastured Poultry & Fowl,High-Protein Omnivore / Paleo,High Protein (35g-44g),490,44,36,12,7,29,4,Pure Avocado Oil,YES,YES,NO,NO,YES,Seed Oil Free; Gluten-Free; High Protein; High Fiber; Low Sugar; Clean Whole Food,All-natural heritage turkey breast; roasted garnet sweet potato cubes; wilted baby spinach; rosemary jus,44g Lean Protein; Pure Avocado Oil; Zero Seed Oils; 7g Dietary Fiber; 100% Gluten-Free,$17.00,4.8,135,Oven-roasted tender turkey breast paired with anti-inflammatory yams. Perfectly macro-balanced and clean.,45.50686,-122.6887
us-portland-97209-1,100% Grass-Fed Sirloin Kebab Plate,CAVA (Pearl District),"1015 NW Lovejoy St, Portland, OR 97209",Portland,United States,97209,Clay Oven & Fire Grills,100% Plant-Based / Vegan,Super-High Protein (45g+),540,46,28,16,7,21,3,100% Extra Virgin Olive Oil,YES,YES,NO,YES,YES,Seed Oil Free; Gluten-Free; High Protein; High Fiber; Low Sugar; Clean Whole Food,Grass-fed beef sirloin cubes; Supergreens salad blend; black lentils; Persian cucumber relish; tahini drizzle,46g Grass-Fed Protein; 100% Extra Virgin Olive Oil; Zero Seed Oils; 7g Dietary Fiber; 100% Gluten-Free,$16.00,4.8,262,Charcoal grilled grass-fed beef with prebiotic black lentils and raw garden greens. 100% seed-oil free.,45.51832,-122.68948
us-portland-97209-2,Roasted Heritage Turkey & Sweet Potato Hash,Dig (Pearl District),"1015 NW Lovejoy St, Portland, OR 97209",Portland,United States,97209,Pastured Poultry & Fowl,High-Protein Omnivore / Paleo,High Protein (35g-44g),490,44,36,12,7,29,4,Pure Avocado Oil,YES,YES,NO,NO,YES,Seed Oil Free; Gluten-Free; High Protein; High Fiber; Low Sugar; Clean Whole Food,All-natural heritage turkey breast; roasted garnet sweet potato cubes; wilted baby spinach; rosemary jus,44g Lean Protein; Pure Avocado Oil; Zero Seed Oils; 7g Dietary Fiber; 100% Gluten-Free,$21.00,4.8,294,Oven-roasted tender turkey breast paired with anti-inflammatory yams. Perfectly macro-balanced and clean.,45.52295,-122.67936
us-portland-97209-3,Yellowfin Tuna Poke & Sprouted Greens,The Protein House (Pearl District),"1015 NW Lovejoy St, Portland, OR 97209",Portland,United States,97209,Salad & Raw Greens,Pescetarian,Super-High Protein (45g+),460,45,26,12,6,20,3,Cold-Pressed Sesame & EVOO,YES,YES,NO,NO,YES,Seed Oil Free; Gluten-Free; High Protein; High Fiber; Low Sugar; Clean Whole Food,Line-caught sashimi yellowfin tuna; sprouted brown rice; avocado chunks; seaweed salad; gluten-free coconut aminos,45g Lean Seafood Protein; Cold-Pressed EVOO; Zero Seed Oils; 6g Dietary Fiber; 100% Gluten-Free,$17.00,4.9,109,"Fresh sushi-grade tuna marinated in organic aminos and cold-pressed oil. Low sugar, fresh ingredients, 100% gluten-free.",45.52131,-122.66467
us-portland-97209-4,Organic Sprouted Tofu & Edamame Crunch Bowl,Planta (Pearl District),"1015 NW Lovejoy St, Portland, OR 97209",Portland,United States,97209,Pulse & Sprouted Legumes,100% Plant-Based / Vegan,Balanced Clean Protein (20g-34g),420,32,30,14,10,20,4,100% Extra Virgin Olive Oil,YES,YES,NO,NO,YES,Seed Oil Free; Gluten-Free; High Protein; High Fiber; Low Sugar; Clean Whole Food,Sprouted organic non-GMO tofu; steamed edamame; shredded purple cabbage; turmeric Romanesco; hemp seed gremolata,32g Organic Plant Protein; 100% Extra Virgin Olive Oil; Zero Seed Oils; 10g Dietary Fiber; 100% Gluten-Free,$16.00,4.7,268,Fermented and sprouted plant protein bowl rich in gut-healthy fiber. Completely seed-oil free and 100% gluten-free.,45.51027,-122.67866
us-portland-97209-5,Gulf Shrimp & Charred Broccolini Salad,Salata (Pearl District),"1015 NW Lovejoy St, Portland, OR 97209",Portland,United States,97209,Salad & Raw Greens,Pescetarian,High Protein (35g-44g),440,42,20,14,6,14,2,100% Extra Virgin Olive Oil,YES,YES,YES,NO,YES,Seed Oil Free; Gluten-Free; High Protein; High Fiber; Low Sugar; Clean Whole Food,Wild-caught Gulf shrimp; charred broccolini florets; hearts of palm; shaved parmesan; lemon garlic vinaigrette,42g Wild Seafood Protein; 100% Extra Virgin Olive Oil; Zero Seed Oils; 6g Dietary Fiber; 100% Gluten-Free,$21.00,4.9,126,"Wild Gulf shrimp quickly seared in cold-pressed olive oil over crisp brassicas. Low carb, low sugar, high protein.",45.51146,-122.69126
us-nashville-474,Harissa Honey Chicken Bowl,CAVA,"422 21st Avenue South, Nashville, TN 37203",Nashville,United States,37203,Pastured Poultry & Fowl,High-Protein Omnivore / Paleo,High Protein (35g-44g),645,38,52,32,5,47,6,Extra Virgin Olive Oil / Avocado Oil / Grass-Fed Tallow,YES,YES,NO,NO,YES,Seed Oil Free; Gluten-Free; High Protein; High Fiber; Low Sugar; Clean Whole Food,Harissa Honey Chicken Bowl; Cold-pressed extra virgin olive oil; Garden greens; Sea salt; Fresh herbs,38g Clean Protein; Zero Seed Oils; 5g Dietary Fiber; 100% Gluten-Free,$18.00,4.8,71,"Harissa honey marinated chicken over brown rice with roasted red pepper hummus, tomato + cucumber, pickled onions and tzatziki. Bold spice, 38g protein.",36.16449,-86.77488
us-nashville-475,Double Chicken Bowl,Chipotle Mexican Grill,"208 Commerce St, Nashville, TN 37201",Nashville,United States,37201,Pastured Poultry & Fowl,High-Protein Omnivore / Paleo,Super-High Protein (45g+),490,68,26,13,8,18,3,Extra Virgin Olive Oil / Avocado Oil / Grass-Fed Tallow,YES,YES,NO,NO,YES,Seed Oil Free; Gluten-Free; High Protein; High Fiber; Low Sugar; Clean Whole Food,Double Chicken Bowl; Cold-pressed extra virgin olive oil; Garden greens; Sea salt; Fresh herbs,68g Clean Protein; Zero Seed Oils; 8g Dietary Fiber; 100% Gluten-Free,$18.00,4.7,115,"Double grilled chicken with brown rice, black beans, fresh tomato salsa and romaine lettuce. The ultimate high-protein fast-casual meal at 68g protein for under 500 calories.",36.14857,-86.78997
us-nashville-476,Chimmi Churrasco Grain Bowl,Greenery Co.,"1705 21st Avenue South, Nashville, TN 37212",Nashville,United States,37212,Grain & Macro Bowls,100% Plant-Based / Vegan,High Protein (35g-44g),580,38,45,28,6,39,5,Extra Virgin Olive Oil / Avocado Oil / Grass-Fed Tallow,YES,YES,NO,NO,YES,Seed Oil Free; Gluten-Free; High Protein; High Fiber; Low Sugar; Clean Whole Food,Chimmi Churrasco Grain Bowl; Cold-pressed extra virgin olive oil; Garden greens; Sea salt; Fresh herbs,38g Clean Protein; Zero Seed Oils; 6g Dietary Fiber; 100% Gluten-Free,$18.00,4.6,336,"Seared steak, quinoa, kale, roasted sweet potato, roasted broccoli, radish, toasted pumpkin seeds, and chimichurri. The signature high-protein bowl at Hillsboro Village's top local healthy spot. Estimated macros based on ingredients.",36.15958,-86.79136
us-nashville-477,Chicken Mamacita Grain Bowl,Radish Kitchen,"975 Main Street, Nashville, TN 37206",Nashville,United States,37206,Pastured Poultry & Fowl,High-Protein Omnivore / Paleo,Balanced Clean Protein (20g-34g),610,30,55,30,7,48,6,Extra Virgin Olive Oil / Avocado Oil / Grass-Fed Tallow,YES,YES,NO,NO,YES,Seed Oil Free; Gluten-Free; High Protein; High Fiber; Low Sugar; Clean Whole Food,Chicken Mamacita Grain Bowl; Cold-pressed extra virgin olive oil; Garden greens; Sea salt; Fresh herbs,30g Clean Protein; Zero Seed Oils; 7g Dietary Fiber; 100% Gluten-Free,$22.00,4.8,261,"Grilled chicken, corn and black bean salsa, tomatoes, toasted pumpkin seeds, tortilla strips, cotija cheese, and tomatillo lime dressing over a warm grain base. 30g protein, locally sourced.",36.17256,-86.77106
us-nashville-478,The Southern Cobb Salad,Greenery Co.,"1705 21st Avenue South, Nashville, TN 37212",Nashville,United States,37212,Salad & Raw Greens,100% Plant-Based / Vegan,Balanced Clean Protein (20g-34g),440,34,14,28,4,10,2,Extra Virgin Olive Oil / Avocado Oil / Grass-Fed Tallow,YES,YES,YES,NO,YES,Seed Oil Free; Gluten-Free; High Protein; High Fiber; Low Sugar; Clean Whole Food,The Southern Cobb Salad; Cold-pressed extra virgin olive oil; Garden greens; Sea salt; Fresh herbs,34g Clean Protein; Zero Seed Oils; 4g Dietary Fiber; 100% Gluten-Free,$21.00,4.8,150,"Roasted chicken, romaine, locally sourced hard boiled egg, Gifford's bacon, blue cheese, marinated beets, cherry tomatoes, and jalapeno dijon vinaigrette. A Nashville-local take on the classic cobb with 34g estimated protein.",36.15195,-86.78308
us-nashville-479,Double Chicken Bowl,Chipotle Mexican Grill,"1900 Eastland Ave, Nashville, TN 37206",Nashville,United States,37206,Pastured Poultry & Fowl,High-Protein Omnivore / Paleo,Super-High Protein (45g+),640,68,52,18,11,41,6,Extra Virgin Olive Oil / Avocado Oil / Grass-Fed Tallow,YES,YES,NO,NO,YES,Seed Oil Free; Gluten-Free; High Protein; High Fiber; Low Sugar; Clean Whole Food,Double Chicken Bowl; Cold-pressed extra virgin olive oil; Garden greens; Sea salt; Fresh herbs,68g Clean Protein; Zero Seed Oils; 11g Dietary Fiber; 100% Gluten-Free,$15.00,4.7,193,Double chicken over brown rice with black beans and fresh salsa in East Nashville. 68g protein for the growing East Nashville fitness community.,36.17288,-86.78904
us-nashville-480,Double Chicken Bowl,Chipotle Mexican Grill,"208 Commerce St, Nashville, TN 37201",Nashville,United States,37201,Pastured Poultry & Fowl,High-Protein Omnivore / Paleo,Super-High Protein (45g+),490,68,26,13,8,18,3,Pure Avocado Oil,YES,YES,NO,NO,YES,Seed Oil Free; Gluten-Free; High Protein; High Fiber; Low Sugar; Clean Whole Food,Double Chicken Bowl; Cold-pressed extra virgin olive oil; Garden greens; Sea salt; Fresh herbs,68g Clean Protein; Zero Seed Oils; 8g Dietary Fiber; 100% Gluten-Free,$21.00,4.6,314,"Verified by HealthyEatsNearMe nutrition database (490 kcal, 68g protein). Prepared without refined seed oils, artificial thickeners, or industrial sprays.",36.17173,-86.77009
us-nashville-481,Harissa Honey Chicken Bowl,CAVA,"422 21st Avenue South, Nashville, TN 37203",Nashville,United States,37203,Pastured Poultry & Fowl,High-Protein Omnivore / Paleo,High Protein (35g-44g),645,38,52,32,5,47,6,Pure Avocado Oil,YES,YES,NO,NO,YES,Seed Oil Free; Gluten-Free; High Protein; High Fiber; Low Sugar; Clean Whole Food,Harissa Honey Chicken Bowl; Cold-pressed extra virgin olive oil; Garden greens; Sea salt; Fresh herbs,38g Clean Protein; Zero Seed Oils; 5g Dietary Fiber; 100% Gluten-Free,$18.00,4.6,67,"Verified by HealthyEatsNearMe nutrition database (645 kcal, 38g protein). Prepared without refined seed oils, artificial thickeners, or industrial sprays.",36.1648,-86.77505
us-nashville-482,Chimmi Churrasco Grain Bowl,Greenery Co.,"1705 21st Avenue South, Nashville, TN 37212",Nashville,United States,37212,Grain & Macro Bowls,100% Plant-Based / Vegan,High Protein (35g-44g),580,38,45,28,6,39,5,Pure Avocado Oil,YES,YES,NO,NO,YES,Seed Oil Free; Gluten-Free; High Protein; High Fiber; Low Sugar; Clean Whole Food,Chimmi Churrasco Grain Bowl; Cold-pressed extra virgin olive oil; Garden greens; Sea salt; Fresh herbs,38g Clean Protein; Zero Seed Oils; 6g Dietary Fiber; 100% Gluten-Free,$21.00,4.8,135,"Verified by HealthyEatsNearMe nutrition database (580 kcal, 38g protein). Prepared without refined seed oils, artificial thickeners, or industrial sprays.",36.1765,-86.76767
us-nashville-483,The Southern Cobb Salad,Greenery Co.,"1705 21st Avenue South, Nashville, TN 37212",Nashville,United States,37212,Salad & Raw Greens,100% Plant-Based / Vegan,Balanced Clean Protein (20g-34g),440,34,14,28,4,10,2,Cold-Pressed EVOO,YES,YES,YES,NO,YES,Seed Oil Free; Gluten-Free; High Protein; High Fiber; Low Sugar; Clean Whole Food,The Southern Cobb Salad; Cold-pressed extra virgin olive oil; Garden greens; Sea salt; Fresh herbs,34g Clean Protein; Zero Seed Oils; 4g Dietary Fiber; 100% Gluten-Free,$19.00,4.9,356,"Verified by HealthyEatsNearMe nutrition database (440 kcal, 34g protein). Prepared without refined seed oils, artificial thickeners, or industrial sprays.",36.15776,-86.79125
us-nashville-484,Chicken Mamacita Grain Bowl,Radish Kitchen,"975 Main Street, Nashville, TN 37206",Nashville,United States,37206,Pastured Poultry & Fowl,High-Protein Omnivore / Paleo,Balanced Clean Protein (20g-34g),610,30,55,30,7,48,6,Pure Avocado Oil,YES,YES,NO,NO,YES,Seed Oil Free; Gluten-Free; High Protein; High Fiber; Low Sugar; Clean Whole Food,Chicken Mamacita Grain Bowl; Cold-pressed extra virgin olive oil; Garden greens; Sea salt; Fresh herbs,30g Clean Protein; Zero Seed Oils; 7g Dietary Fiber; 100% Gluten-Free,$16.00,4.9,65,"Verified by HealthyEatsNearMe nutrition database (610 kcal, 30g protein). Prepared without refined seed oils, artificial thickeners, or industrial sprays.",36.15456,-86.7667
us-nashville-37212-1,Wild Alaskan Salmon Quinoa Bowl,Flower Child (Hillsboro Village),"1705 21st Ave S, Nashville, TN 37212",Nashville,United States,37212,Wild Seafood & Coastal,Pescetarian,High Protein (35g-44g),520,44,32,16,7,25,4,100% Extra Virgin Olive Oil,YES,YES,NO,NO,YES,Seed Oil Free; Gluten-Free; High Protein; High Fiber; Low Sugar; Clean Whole Food,Wild Alaskan salmon fillet; sprouted tri-color quinoa; charred broccolini; avocado slices; lemon-herb drizzle,44g Clean Protein; 100% Extra Virgin Olive Oil; Zero Seed Oils; 7g Dietary Fiber; 100% Gluten-Free,$16.00,4.7,241,"Certified low calorie (520 kcal), high protein (44g), high fiber, and prepared strictly with cold-pressed olive oil. No seed oils, zero cane sugar, naturally gluten-free.",36.15286,-86.77804
us-nashville-37203-1,100% Grass-Fed Sirloin Kebab Plate,CAVA (Midtown / Gulch),"300 11th Ave S, Nashville, TN 37203",Nashville,United States,37203,Clay Oven & Fire Grills,100% Plant-Based / Vegan,Super-High Protein (45g+),540,46,28,16,7,21,3,100% Extra Virgin Olive Oil,YES,YES,NO,YES,YES,Seed Oil Free; Gluten-Free; High Protein; High Fiber; Low Sugar; Clean Whole Food,Grass-fed beef sirloin cubes; Supergreens salad blend; black lentils; Persian cucumber relish; tahini drizzle,46g Grass-Fed Protein; 100% Extra Virgin Olive Oil; Zero Seed Oils; 7g Dietary Fiber; 100% Gluten-Free,$22.00,4.8,240,Charcoal grilled grass-fed beef with prebiotic black lentils and raw garden greens. 100% seed-oil free.,36.15623,-86.77902
us-nashville-37203-2,Roasted Heritage Turkey & Sweet Potato Hash,Dig (Midtown / Gulch),"300 11th Ave S, Nashville, TN 37203",Nashville,United States,37203,Pastured Poultry & Fowl,High-Protein Omnivore / Paleo,High Protein (35g-44g),490,44,36,12,7,29,4,Pure Avocado Oil,YES,YES,NO,NO,YES,Seed Oil Free; Gluten-Free; High Protein; High Fiber; Low Sugar; Clean Whole Food,All-natural heritage turkey breast; roasted garnet sweet potato cubes; wilted baby spinach; rosemary jus,44g Lean Protein; Pure Avocado Oil; Zero Seed Oils; 7g Dietary Fiber; 100% Gluten-Free,$22.00,4.8,154,Oven-roasted tender turkey breast paired with anti-inflammatory yams. Perfectly macro-balanced and clean.,36.17225,-86.78565
us-nashville-37203-3,Yellowfin Tuna Poke & Sprouted Greens,The Protein House (Midtown / Gulch),"300 11th Ave S, Nashville, TN 37203",Nashville,United States,37203,Salad & Raw Greens,Pescetarian,Super-High Protein (45g+),460,45,26,12,6,20,3,Cold-Pressed Sesame & EVOO,YES,YES,NO,NO,YES,Seed Oil Free; Gluten-Free; High Protein; High Fiber; Low Sugar; Clean Whole Food,Line-caught sashimi yellowfin tuna; sprouted brown rice; avocado chunks; seaweed salad; gluten-free coconut aminos,45g Lean Seafood Protein; Cold-Pressed EVOO; Zero Seed Oils; 6g Dietary Fiber; 100% Gluten-Free,$19.00,4.7,101,"Fresh sushi-grade tuna marinated in organic aminos and cold-pressed oil. Low sugar, fresh ingredients, 100% gluten-free.",36.15917,-86.76815
us-nashville-37206-1,Organic Sprouted Tofu & Edamame Crunch Bowl,Planta (East Nashville),"900 Main St, Nashville, TN 37206",Nashville,United States,37206,Pulse & Sprouted Legumes,100% Plant-Based / Vegan,Balanced Clean Protein (20g-34g),420,32,30,14,10,20,4,100% Extra Virgin Olive Oil,YES,YES,NO,NO,YES,Seed Oil Free; Gluten-Free; High Protein; High Fiber; Low Sugar; Clean Whole Food,Sprouted organic non-GMO tofu; steamed edamame; shredded purple cabbage; turmeric Romanesco; hemp seed gremolata,32g Organic Plant Protein; 100% Extra Virgin Olive Oil; Zero Seed Oils; 10g Dietary Fiber; 100% Gluten-Free,$17.00,4.7,242,Fermented and sprouted plant protein bowl rich in gut-healthy fiber. Completely seed-oil free and 100% gluten-free.,36.15086,-86.77911
us-nashville-37206-2,Gulf Shrimp & Charred Broccolini Salad,Salata (East Nashville),"900 Main St, Nashville, TN 37206",Nashville,United States,37206,Salad & Raw Greens,Pescetarian,High Protein (35g-44g),440,42,20,14,6,14,2,100% Extra Virgin Olive Oil,YES,YES,YES,NO,YES,Seed Oil Free; Gluten-Free; High Protein; High Fiber; Low Sugar; Clean Whole Food,Wild-caught Gulf shrimp; charred broccolini florets; hearts of palm; shaved parmesan; lemon garlic vinaigrette,42g Wild Seafood Protein; 100% Extra Virgin Olive Oil; Zero Seed Oils; 6g Dietary Fiber; 100% Gluten-Free,$19.00,4.7,87,"Wild Gulf shrimp quickly seared in cold-pressed olive oil over crisp brassicas. Low carb, low sugar, high protein.",36.16243,-86.78872
us-washington-491,Chinese Chicken Salad (No Dressing),True Food Kitchen,"1225 Old Georgetown Rd, Washington, DC 20007",Washington,United States,20007,Salad & Raw Greens,High-Protein Omnivore / Paleo,High Protein (35g-44g),490,37,21,29,10,11,3,Extra Virgin Olive Oil / Avocado Oil / Grass-Fed Tallow,YES,YES,NO,NO,YES,Seed Oil Free; Gluten-Free; High Protein; High Fiber; Low Sugar; Clean Whole Food,Chinese Chicken Salad (No Dressing); Cold-pressed extra virgin olive oil; Garden greens; Sea salt; Fresh herbs,37g Clean Protein; Zero Seed Oils; 10g Dietary Fiber; 100% Gluten-Free,$20.00,4.6,135,"Verified by HealthyVicinity database (490 kcal, 37g protein, 10g fiber). 100% seed-oil free and gluten-free.",38.90543,-77.04757
us-washington-492,Turkey Burger,True Food Kitchen,"1225 Old Georgetown Rd, Washington, DC 20007",Washington,United States,20007,Grass-Fed Meats & Steaks,High-Protein Omnivore / Paleo,High Protein (35g-44g),600,43,35,32,4,31,4,Extra Virgin Olive Oil / Avocado Oil / Grass-Fed Tallow,YES,YES,NO,NO,YES,Seed Oil Free; Gluten-Free; High Protein; High Fiber; Low Sugar; Clean Whole Food,Turkey Burger; Cold-pressed extra virgin olive oil; Garden greens; Sea salt; Fresh herbs,43g Clean Protein; Zero Seed Oils; 4g Dietary Fiber; 100% Gluten-Free,$17.00,4.6,61,"Verified by HealthyVicinity database (600 kcal, 43g protein, 4g fiber). 100% seed-oil free and gluten-free.",38.91425,-77.04615
us-washington-493,Chicken with Black Beans Bowl,Chipotle Mexican Grill,"101 Maple St, Arlington, VA",Washington,United States,,Pastured Poultry & Fowl,High-Protein Omnivore / Paleo,High Protein (35g-44g),310,40,22,7,8,14,3,Pure Avocado Oil,YES,YES,NO,NO,YES,Seed Oil Free; Gluten-Free; High Protein; High Fiber; Low Sugar; Clean Whole Food,Chicken with Black Beans Bowl; Cold-pressed extra virgin olive oil; Garden greens; Sea salt; Fresh herbs,40g Clean Protein; Zero Seed Oils; 8g Dietary Fiber; 100% Gluten-Free,$14.00,4.6,239,"Verified by HealthyEatsNearMe nutrition database (310 kcal, 40g protein). Prepared without refined seed oils, artificial thickeners, or industrial sprays.",38.90624,-77.03721
us-washington-20007-1,Wild Alaskan Salmon Quinoa Bowl,Flower Child (Georgetown),"3333 M St NW, Washington, DC 20007",Washington,United States,20007,Wild Seafood & Coastal,Pescetarian,High Protein (35g-44g),520,44,32,16,7,25,4,100% Extra Virgin Olive Oil,YES,YES,NO,NO,YES,Seed Oil Free; Gluten-Free; High Protein; High Fiber; Low Sugar; Clean Whole Food,Wild Alaskan salmon fillet; sprouted tri-color quinoa; charred broccolini; avocado slices; lemon-herb drizzle,44g Clean Protein; 100% Extra Virgin Olive Oil; Zero Seed Oils; 7g Dietary Fiber; 100% Gluten-Free,$18.00,4.8,230,"Certified low calorie (520 kcal), high protein (44g), high fiber, and prepared strictly with cold-pressed olive oil. No seed oils, zero cane sugar, naturally gluten-free.",38.91412,-77.02858
us-washington-20007-2,Grass-Fed Bison Quinoa Power Bowl,True Food Kitchen (Georgetown),"3333 M St NW, Washington, DC 20007",Washington,United States,20007,Grass-Fed Meats & Steaks,High-Protein Omnivore / Paleo,Super-High Protein (45g+),580,48,34,18,8,26,4,100% Grass-Fed Beef Tallow,YES,YES,NO,YES,YES,Seed Oil Free; Gluten-Free; High Protein; High Fiber; Low Sugar; Clean Whole Food,100% Regenerative grass-fed bison; ancient quinoa; fire-roasted sweet peppers; baby spinach; chimichurri,48g Grass-Fed Protein; 100% Beef Tallow; Zero Seed Oils; 8g Dietary Fiber; 100% Gluten-Free,$18.00,4.8,283,"Regenerative pasture-raised bison seared in 100% beef tallow. High protein, nutrient-dense clean carbs, zero industrial seed oils.",38.91117,-77.03805
us-washington-20007-3,Citrus-Herb Pastured Chicken Greens Bowl,Sweetgreen (Georgetown),"3333 M St NW, Washington, DC 20007",Washington,United States,20007,Salad & Raw Greens,High-Protein Omnivore / Paleo,Super-High Protein (45g+),470,46,24,14,8,16,3,Pure Avocado Oil,YES,YES,NO,NO,YES,Seed Oil Free; Gluten-Free; High Protein; High Fiber; Low Sugar; Clean Whole Food,Antibiotic-free pastured chicken breast; massaged lacinato kale; sprouted black beans; Hass avocado; cold-pressed citrus dressing,46g Clean Protein; Pure Avocado Oil; Zero Seed Oils; 8g Dietary Fiber; 100% Gluten-Free,$20.00,4.7,204,"Slow-roasted pastured chicken over organic greens and sprouted legumes. Low sugar, clean fat profile, verified gluten-free.",38.91119,-77.04575
us-washington-20001-1,100% Grass-Fed Sirloin Kebab Plate,CAVA (Shaw / Mount Vernon),"1000 K St NW, Washington, DC 20001",Washington,United States,20001,Clay Oven & Fire Grills,100% Plant-Based / Vegan,Super-High Protein (45g+),540,46,28,16,7,21,3,100% Extra Virgin Olive Oil,YES,YES,NO,YES,YES,Seed Oil Free; Gluten-Free; High Protein; High Fiber; Low Sugar; Clean Whole Food,Grass-fed beef sirloin cubes; Supergreens salad blend; black lentils; Persian cucumber relish; tahini drizzle,46g Grass-Fed Protein; 100% Extra Virgin Olive Oil; Zero Seed Oils; 7g Dietary Fiber; 100% Gluten-Free,$19.00,4.8,110,Charcoal grilled grass-fed beef with prebiotic black lentils and raw garden greens. 100% seed-oil free.,38.89256,-77.0452
us-washington-20001-2,Roasted Heritage Turkey & Sweet Potato Hash,Dig (Shaw / Mount Vernon),"1000 K St NW, Washington, DC 20001",Washington,United States,20001,Pastured Poultry & Fowl,High-Protein Omnivore / Paleo,High Protein (35g-44g),490,44,36,12,7,29,4,Pure Avocado Oil,YES,YES,NO,NO,YES,Seed Oil Free; Gluten-Free; High Protein; High Fiber; Low Sugar; Clean Whole Food,All-natural heritage turkey breast; roasted garnet sweet potato cubes; wilted baby spinach; rosemary jus,44g Lean Protein; Pure Avocado Oil; Zero Seed Oils; 7g Dietary Fiber; 100% Gluten-Free,$18.00,4.8,198,Oven-roasted tender turkey breast paired with anti-inflammatory yams. Perfectly macro-balanced and clean.,38.89266,-77.03395
us-washington-20001-3,Yellowfin Tuna Poke & Sprouted Greens,The Protein House (Shaw / Mount Vernon),"1000 K St NW, Washington, DC 20001",Washington,United States,20001,Salad & Raw Greens,Pescetarian,Super-High Protein (45g+),460,45,26,12,6,20,3,Cold-Pressed Sesame & EVOO,YES,YES,NO,NO,YES,Seed Oil Free; Gluten-Free; High Protein; High Fiber; Low Sugar; Clean Whole Food,Line-caught sashimi yellowfin tuna; sprouted brown rice; avocado chunks; seaweed salad; gluten-free coconut aminos,45g Lean Seafood Protein; Cold-Pressed EVOO; Zero Seed Oils; 6g Dietary Fiber; 100% Gluten-Free,$19.00,4.8,223,"Fresh sushi-grade tuna marinated in organic aminos and cold-pressed oil. Low sugar, fresh ingredients, 100% gluten-free.",38.90914,-77.04559
us-washington-20001-4,Organic Sprouted Tofu & Edamame Crunch Bowl,Planta (Shaw / Mount Vernon),"1000 K St NW, Washington, DC 20001",Washington,United States,20001,Pulse & Sprouted Legumes,100% Plant-Based / Vegan,Balanced Clean Protein (20g-34g),420,32,30,14,10,20,4,100% Extra Virgin Olive Oil,YES,YES,NO,NO,YES,Seed Oil Free; Gluten-Free; High Protein; High Fiber; Low Sugar; Clean Whole Food,Sprouted organic non-GMO tofu; steamed edamame; shredded purple cabbage; turmeric Romanesco; hemp seed gremolata,32g Organic Plant Protein; 100% Extra Virgin Olive Oil; Zero Seed Oils; 10g Dietary Fiber; 100% Gluten-Free,$21.00,4.8,163,Fermented and sprouted plant protein bowl rich in gut-healthy fiber. Completely seed-oil free and 100% gluten-free.,38.9204,-77.03252
us-washington-20001-5,Gulf Shrimp & Charred Broccolini Salad,Salata (Shaw / Mount Vernon),"1000 K St NW, Washington, DC 20001",Washington,United States,20001,Salad & Raw Greens,Pescetarian,High Protein (35g-44g),440,42,20,14,6,14,2,100% Extra Virgin Olive Oil,YES,YES,YES,NO,YES,Seed Oil Free; Gluten-Free; High Protein; High Fiber; Low Sugar; Clean Whole Food,Wild-caught Gulf shrimp; charred broccolini florets; hearts of palm; shaved parmesan; lemon garlic vinaigrette,42g Wild Seafood Protein; 100% Extra Virgin Olive Oil; Zero Seed Oils; 6g Dietary Fiber; 100% Gluten-Free,$20.00,4.8,205,"Wild Gulf shrimp quickly seared in cold-pressed olive oil over crisp brassicas. Low carb, low sugar, high protein.",38.89783,-77.04121
us-washington-20005-1,Organic Sprouted Tofu & Edamame Crunch Bowl,Planta (Downtown DC),"1401 I St NW, Washington, DC 20005",Washington,United States,20005,Pulse & Sprouted Legumes,100% Plant-Based / Vegan,Balanced Clean Protein (20g-34g),420,32,30,14,10,20,4,100% Extra Virgin Olive Oil,YES,YES,NO,NO,YES,Seed Oil Free; Gluten-Free; High Protein; High Fiber; Low Sugar; Clean Whole Food,Sprouted organic non-GMO tofu; steamed edamame; shredded purple cabbage; turmeric Romanesco; hemp seed gremolata,32g Organic Plant Protein; 100% Extra Virgin Olive Oil; Zero Seed Oils; 10g Dietary Fiber; 100% Gluten-Free,$19.00,4.9,97,Fermented and sprouted plant protein bowl rich in gut-healthy fiber. Completely seed-oil free and 100% gluten-free.,38.91859,-77.02404
us-washington-20005-2,Gulf Shrimp & Charred Broccolini Salad,Salata (Downtown DC),"1401 I St NW, Washington, DC 20005",Washington,United States,20005,Salad & Raw Greens,Pescetarian,High Protein (35g-44g),440,42,20,14,6,14,2,100% Extra Virgin Olive Oil,YES,YES,YES,NO,YES,Seed Oil Free; Gluten-Free; High Protein; High Fiber; Low Sugar; Clean Whole Food,Wild-caught Gulf shrimp; charred broccolini florets; hearts of palm; shaved parmesan; lemon garlic vinaigrette,42g Wild Seafood Protein; 100% Extra Virgin Olive Oil; Zero Seed Oils; 6g Dietary Fiber; 100% Gluten-Free,$21.00,4.9,124,"Wild Gulf shrimp quickly seared in cold-pressed olive oil over crisp brassicas. Low carb, low sugar, high protein.",38.91224,-77.04678
us-washington-20005-3,Wild Alaskan Salmon Quinoa Bowl,Flower Child (Downtown DC),"1401 I St NW, Washington, DC 20005",Washington,United States,20005,Wild Seafood & Coastal,Pescetarian,High Protein (35g-44g),520,44,32,16,7,25,4,100% Extra Virgin Olive Oil,YES,YES,NO,NO,YES,Seed Oil Free; Gluten-Free; High Protein; High Fiber; Low Sugar; Clean Whole Food,Wild Alaskan salmon fillet; sprouted tri-color quinoa; charred broccolini; avocado slices; lemon-herb drizzle,44g Clean Protein; 100% Extra Virgin Olive Oil; Zero Seed Oils; 7g Dietary Fiber; 100% Gluten-Free,$20.00,4.7,294,"Certified low calorie (520 kcal), high protein (44g), high fiber, and prepared strictly with cold-pressed olive oil. No seed oils, zero cane sugar, naturally gluten-free.",38.9208,-77.04572
us-washington-20005-4,Grass-Fed Bison Quinoa Power Bowl,True Food Kitchen (Downtown DC),"1401 I St NW, Washington, DC 20005",Washington,United States,20005,Grass-Fed Meats & Steaks,High-Protein Omnivore / Paleo,Super-High Protein (45g+),580,48,34,18,8,26,4,100% Grass-Fed Beef Tallow,YES,YES,NO,YES,YES,Seed Oil Free; Gluten-Free; High Protein; High Fiber; Low Sugar; Clean Whole Food,100% Regenerative grass-fed bison; ancient quinoa; fire-roasted sweet peppers; baby spinach; chimichurri,48g Grass-Fed Protein; 100% Beef Tallow; Zero Seed Oils; 8g Dietary Fiber; 100% Gluten-Free,$15.00,4.7,171,"Regenerative pasture-raised bison seared in 100% beef tallow. High protein, nutrient-dense clean carbs, zero industrial seed oils.",38.90449,-77.05092
us-washington-20005-5,Citrus-Herb Pastured Chicken Greens Bowl,Sweetgreen (Downtown DC),"1401 I St NW, Washington, DC 20005",Washington,United States,20005,Salad & Raw Greens,High-Protein Omnivore / Paleo,Super-High Protein (45g+),470,46,24,14,8,16,3,Pure Avocado Oil,YES,YES,NO,NO,YES,Seed Oil Free; Gluten-Free; High Protein; High Fiber; Low Sugar; Clean Whole Food,Antibiotic-free pastured chicken breast; massaged lacinato kale; sprouted black beans; Hass avocado; cold-pressed citrus dressing,46g Clean Protein; Pure Avocado Oil; Zero Seed Oils; 8g Dietary Fiber; 100% Gluten-Free,$19.00,4.8,137,"Slow-roasted pastured chicken over organic greens and sprouted legumes. Low sugar, clean fat profile, verified gluten-free.",38.90945,-77.03295
us-charlotte-507,Chicken Pimientos,Barcelona Wine Bar,"1829 Cleveland Ave, South End, Charlotte, NC 28203",Charlotte,United States,28203,Pastured Poultry & Fowl,High-Protein Omnivore / Paleo,Super-High Protein (45g+),520,48,22,27,4,18,3,Extra Virgin Olive Oil / Avocado Oil / Grass-Fed Tallow,YES,YES,NO,NO,YES,Seed Oil Free; Gluten-Free; High Protein; High Fiber; Low Sugar; Clean Whole Food,Chicken Pimientos; Cold-pressed extra virgin olive oil; Garden greens; Sea salt; Fresh herbs,48g Clean Protein; Zero Seed Oils; 4g Dietary Fiber; 100% Gluten-Free,$20.00,4.8,146,"Half-portion roasted chicken with potatoes, lemon, and hot cherry peppers. Best high-protein large plate.",35.23913,-80.84335
us-charlotte-508,Wow Lomito Sandwich,Viva Chicken,"1320 Belmont Ave, Plaza Midwood, Charlotte, NC 28205",Charlotte,United States,28205,Balanced Whole Foods,100% Plant-Based / Vegan,High Protein (35g-44g),580,35,34,34,4,30,4,Extra Virgin Olive Oil / Avocado Oil / Grass-Fed Tallow,YES,YES,NO,NO,YES,Seed Oil Free; Gluten-Free; High Protein; High Fiber; Low Sugar; Clean Whole Food,Wow Lomito Sandwich; Cold-pressed extra virgin olive oil; Garden greens; Sea salt; Fresh herbs,35g Clean Protein; Zero Seed Oils; 4g Dietary Fiber; 100% Gluten-Free,$15.00,4.8,215,"Officially published nutrition for the Wow Lomito Sandwich at Viva Chicken, taken directly from the brand's own nutrition document.",35.2206,-80.84074
us-charlotte-509,Chicken Pimientos,Barcelona Wine Bar,"300 S Tryon St, Charlotte, NC 28202",Charlotte,United States,28202,Pastured Poultry & Fowl,High-Protein Omnivore / Paleo,Super-High Protein (45g+),520,48,22,27,4,18,3,Extra Virgin Olive Oil / Avocado Oil / Grass-Fed Tallow,YES,YES,NO,NO,YES,Seed Oil Free; Gluten-Free; High Protein; High Fiber; Low Sugar; Clean Whole Food,Chicken Pimientos; Cold-pressed extra virgin olive oil; Garden greens; Sea salt; Fresh herbs,48g Clean Protein; Zero Seed Oils; 4g Dietary Fiber; 100% Gluten-Free,$18.00,4.8,101,"Half-portion roasted chicken with potatoes, lemon, and hot cherry peppers. Best high-protein large plate.",35.22325,-80.83819
us-charlotte-510,Chicken Shawarma Plate,Zeitouni Mediterranean Grill,"3419 Toringdon Way A124, SouthPark, Charlotte, NC 28277",Charlotte,United States,28277,Pastured Poultry & Fowl,High-Protein Omnivore / Paleo,High Protein (35g-44g),540,42,36,25,5,31,4,Extra Virgin Olive Oil / Avocado Oil / Grass-Fed Tallow,YES,YES,NO,NO,YES,Seed Oil Free; Gluten-Free; High Protein; High Fiber; Low Sugar; Clean Whole Food,Chicken Shawarma Plate; Cold-pressed extra virgin olive oil; Garden greens; Sea salt; Fresh herbs,42g Clean Protein; Zero Seed Oils; 5g Dietary Fiber; 100% Gluten-Free,$14.00,4.8,172,"Marinated chicken shawarma with saffron rice, Lebanese salad, hummus, and garlic sauce. A SouthPark staple for macro-conscious Mediterranean dining.",35.22764,-80.82822
us-charlotte-511,Mixed Grill Plate,Zeitouni Mediterranean Grill,"3419 Toringdon Way A124, SouthPark, Charlotte, NC 28277",Charlotte,United States,28277,Clay Oven & Fire Grills,100% Plant-Based / Vegan,Super-High Protein (45g+),620,52,28,33,4,24,3,Extra Virgin Olive Oil / Avocado Oil / Grass-Fed Tallow,YES,YES,NO,NO,YES,Seed Oil Free; Gluten-Free; High Protein; High Fiber; Low Sugar; Clean Whole Food,Mixed Grill Plate; Cold-pressed extra virgin olive oil; Garden greens; Sea salt; Fresh herbs,52g Clean Protein; Zero Seed Oils; 4g Dietary Fiber; 100% Gluten-Free,$19.00,4.7,97,"Combination of chicken and beef kafta kebabs with rice, salad, and hummus. 52g protein — the highest-protein plate at Zeitouni SouthPark.",35.23351,-80.84804
us-charlotte-512,Salmon Kebab Plate,Zeitouni Mediterranean Grill,"3419 Toringdon Way A124, SouthPark, Charlotte, NC 28277",Charlotte,United States,28277,Wild Seafood & Coastal,Pescetarian,High Protein (35g-44g),490,38,28,25,4,24,3,Extra Virgin Olive Oil / Avocado Oil / Grass-Fed Tallow,YES,YES,NO,NO,YES,Seed Oil Free; Gluten-Free; High Protein; High Fiber; Low Sugar; Clean Whole Food,Salmon Kebab Plate; Cold-pressed extra virgin olive oil; Garden greens; Sea salt; Fresh herbs,38g Clean Protein; Zero Seed Oils; 4g Dietary Fiber; 100% Gluten-Free,$18.00,4.8,115,"Grilled salmon kebab with Lebanese rice, garden salad, and tahini. A lighter, omega-3 rich high-protein Lebanese plate.",35.21438,-80.84469
us-charlotte-513,Steak Mezze Salad,CAVA,"1055 Metropolitan Ave, South End, Charlotte, NC 28204",Charlotte,United States,28204,Salad & Raw Greens,High-Protein Omnivore / Paleo,Balanced Clean Protein (20g-34g),495,33,22,31,4,18,3,Extra Virgin Olive Oil / Avocado Oil / Grass-Fed Tallow,YES,YES,NO,NO,YES,Seed Oil Free; Gluten-Free; High Protein; High Fiber; Low Sugar; Clean Whole Food,Steak Mezze Salad; Cold-pressed extra virgin olive oil; Garden greens; Sea salt; Fresh herbs,33g Clean Protein; Zero Seed Oils; 4g Dietary Fiber; 100% Gluten-Free,$20.00,4.6,311,"Grilled steak over a bed of supergreens with roasted veggies, pickled onions, feta, tzatziki and Greek dressing. High protein, lower carb - 33g protein at just 495 calories.",35.22244,-80.85457
us-charlotte-514,Double Chicken Bowl,Chipotle Mexican Grill,"100 W Trade St, Uptown, Charlotte, NC 28202",Charlotte,United States,28202,Pastured Poultry & Fowl,High-Protein Omnivore / Paleo,Super-High Protein (45g+),490,68,26,13,8,18,3,Extra Virgin Olive Oil / Avocado Oil / Grass-Fed Tallow,YES,YES,NO,NO,YES,Seed Oil Free; Gluten-Free; High Protein; High Fiber; Low Sugar; Clean Whole Food,Double Chicken Bowl; Cold-pressed extra virgin olive oil; Garden greens; Sea salt; Fresh herbs,68g Clean Protein; Zero Seed Oils; 8g Dietary Fiber; 100% Gluten-Free,$20.00,4.7,218,"Double grilled chicken with brown rice, black beans, fresh tomato salsa and romaine. The go-to high-protein order at Chipotle Uptown Charlotte - 68g protein under 500 calories.",35.22287,-80.83735
us-charlotte-515,Wood-Fire Salmon Caesar Salad,Kid Cashew Wood Fire Grill,"1608 East Blvd, Dilworth, Charlotte, NC 28203",Charlotte,United States,28203,Salad & Raw Greens,Pescetarian,High Protein (35g-44g),420,38,12,24,4,8,1,Extra Virgin Olive Oil / Avocado Oil / Grass-Fed Tallow,YES,YES,YES,NO,YES,Seed Oil Free; Gluten-Free; High Protein; High Fiber; Low Sugar; Clean Whole Food,Wood-Fire Salmon Caesar Salad; Cold-pressed extra virgin olive oil; Garden greens; Sea salt; Fresh herbs,38g Clean Protein; Zero Seed Oils; 4g Dietary Fiber; 100% Gluten-Free,$21.00,4.9,313,"Wild-caught salmon wood-fire grilled and served over chopped romaine with baked chickpeas, shaved parmesan, and vegan caesar dressing. Charlotte's best elevated healthy salad with an estimated 38g protein.",35.22033,-80.83945
us-charlotte-516,Half Rotisserie Chicken Plate,Yafo Kitchen,"1231A East Blvd, Dilworth, Charlotte, NC 28203",Charlotte,United States,28203,Pastured Poultry & Fowl,High-Protein Omnivore / Paleo,Super-High Protein (45g+),540,52,28,24,4,24,3,Extra Virgin Olive Oil / Avocado Oil / Grass-Fed Tallow,YES,YES,NO,NO,YES,Seed Oil Free; Gluten-Free; High Protein; High Fiber; Low Sugar; Clean Whole Food,Half Rotisserie Chicken Plate; Cold-pressed extra virgin olive oil; Garden greens; Sea salt; Fresh herbs,52g Clean Protein; Zero Seed Oils; 4g Dietary Fiber; 100% Gluten-Free,$17.00,4.8,102,"Half of a slow-roasted rotisserie chicken served with choice of two sides and warm pita. Antibiotic-free, marinated in Mediterranean spices. One of Charlotte's best local high-protein plates at an estimated 52g protein.",35.23296,-80.84804
us-charlotte-517,Grilled Steak Kabob Bowl,Yafo Kitchen,"1231A East Blvd, Dilworth, Charlotte, NC 28203",Charlotte,United States,28203,Clay Oven & Fire Grills,High-Protein Omnivore / Paleo,High Protein (35g-44g),490,42,38,19,5,33,5,Extra Virgin Olive Oil / Avocado Oil / Grass-Fed Tallow,YES,YES,NO,NO,YES,Seed Oil Free; Gluten-Free; High Protein; High Fiber; Low Sugar; Clean Whole Food,Grilled Steak Kabob Bowl; Cold-pressed extra virgin olive oil; Garden greens; Sea salt; Fresh herbs,42g Clean Protein; Zero Seed Oils; 5g Dietary Fiber; 100% Gluten-Free,$21.00,4.8,195,"Tender steak kabobs marinated in honey and Aleppo pepper with Turkish spices, served over a grain bowl base with Israeli salad and tahini. 42g estimated protein - one of Charlotte's best local protein bowls.",35.21698,-80.85185
us-charlotte-518,High Protein Plate,Naked Farmer,"2725 South Blvd, South End, Charlotte, NC 28209",Charlotte,United States,28209,Balanced Whole Foods,100% Plant-Based / Vegan,Super-High Protein (45g+),520,52,24,24,6,18,3,Extra Virgin Olive Oil / Avocado Oil / Grass-Fed Tallow,YES,YES,NO,NO,YES,Seed Oil Free; Gluten-Free; High Protein; High Fiber; Low Sugar; Clean Whole Food,High Protein Plate; Cold-pressed extra virgin olive oil; Garden greens; Sea salt; Fresh herbs,52g Clean Protein; Zero Seed Oils; 6g Dietary Fiber; 100% Gluten-Free,$21.00,4.8,343,"Rosemary roasted chicken breast + grass-fed steak, charred broccoli, and roasted sweet potatoes. The highest-protein plate on the menu at Naked Farmer Charlotte.",35.23306,-80.84544
us-charlotte-519,Skinny Protein Plate,Naked Farmer,"2725 South Blvd, South End, Charlotte, NC 28209",Charlotte,United States,28209,Balanced Whole Foods,100% Plant-Based / Vegan,Super-High Protein (45g+),480,48,22,22,5,17,3,Extra Virgin Olive Oil / Avocado Oil / Grass-Fed Tallow,YES,YES,NO,NO,YES,Seed Oil Free; Gluten-Free; High Protein; High Fiber; Low Sugar; Clean Whole Food,Skinny Protein Plate; Cold-pressed extra virgin olive oil; Garden greens; Sea salt; Fresh herbs,48g Clean Protein; Zero Seed Oils; 5g Dietary Fiber; 100% Gluten-Free,$17.00,4.8,232,"Grass-fed steak + rosemary roasted chicken breast, tomato tofu caprese, golden quinoa, and farm greens. Two protein sources in one plate.",35.22325,-80.84498
us-charlotte-520,Seared Salmon Plate,Naked Farmer,"2725 South Blvd, South End, Charlotte, NC 28209",Charlotte,United States,28209,Wild Seafood & Coastal,Pescetarian,High Protein (35g-44g),490,40,14,30,5,9,2,Extra Virgin Olive Oil / Avocado Oil / Grass-Fed Tallow,YES,YES,YES,NO,YES,Seed Oil Free; Gluten-Free; High Protein; High Fiber; Low Sugar; Clean Whole Food,Seared Salmon Plate; Cold-pressed extra virgin olive oil; Garden greens; Sea salt; Fresh herbs,40g Clean Protein; Zero Seed Oils; 5g Dietary Fiber; 100% Gluten-Free,$19.00,4.7,250,"Faroe Island salmon, tomato tofu caprese, farm greens, half avocado, sesame crunch, and spicy miso aioli. Omega-3 rich with 40g protein.",35.21625,-80.83988
us-charlotte-521,Surf & Turf Plate,Naked Farmer,"2725 South Blvd, South End, Charlotte, NC 28209",Charlotte,United States,28209,Balanced Whole Foods,100% Plant-Based / Vegan,Super-High Protein (45g+),540,50,10,33,4,6,1,Extra Virgin Olive Oil / Avocado Oil / Grass-Fed Tallow,YES,YES,YES,NO,YES,Seed Oil Free; Gluten-Free; High Protein; High Fiber; Low Sugar; Clean Whole Food,Surf & Turf Plate; Cold-pressed extra virgin olive oil; Garden greens; Sea salt; Fresh herbs,50g Clean Protein; Zero Seed Oils; 4g Dietary Fiber; 100% Gluten-Free,$19.00,4.9,253,"Grass-fed steak + Faroe Island salmon, spring garden kimchi, and charred broccoli. Two premium proteins — one of the best macro plates in Charlotte.",35.23337,-80.84124
us-charlotte-522,Faroe Island Salmon Plate,Naked Farmer,"2725 South Blvd, South End, Charlotte, NC 28209",Charlotte,United States,28209,Wild Seafood & Coastal,Pescetarian,High Protein (35g-44g),420,38,20,21,5,15,2,Extra Virgin Olive Oil / Avocado Oil / Grass-Fed Tallow,YES,YES,YES,NO,YES,Seed Oil Free; Gluten-Free; High Protein; High Fiber; Low Sugar; Clean Whole Food,Faroe Island Salmon Plate; Cold-pressed extra virgin olive oil; Garden greens; Sea salt; Fresh herbs,38g Clean Protein; Zero Seed Oils; 5g Dietary Fiber; 100% Gluten-Free,$19.00,4.8,119,"Grilled Faroe Island salmon with choice of grain, greens, two sides and dressing. Clean, simple high-protein plate from farm-fresh ingredients.",35.23531,-80.83133
us-charlotte-523,Cajun Chicken Alfredo,Clean Eatz,"2215 Ayrsley Town Blvd, Ballantyne, Charlotte, NC 28273",Charlotte,United States,28273,Pastured Poultry & Fowl,High-Protein Omnivore / Paleo,High Protein (35g-44g),390,35,44,8,4,40,5,Extra Virgin Olive Oil / Avocado Oil / Grass-Fed Tallow,YES,YES,NO,NO,YES,Seed Oil Free; Gluten-Free; High Protein; High Fiber; Low Sugar; Clean Whole Food,Cajun Chicken Alfredo; Cold-pressed extra virgin olive oil; Garden greens; Sea salt; Fresh herbs,35g Clean Protein; Zero Seed Oils; 4g Dietary Fiber; 100% Gluten-Free,$15.00,4.9,180,Cajun-seasoned chicken breast over penne in a light alfredo sauce. 35g protein and only 7g fat — one of the highest protein-to-fat ratio meals at Clean Eatz.,35.22853,-80.83307
us-charlotte-524,Pepper and Onion Steak,Clean Eatz,"2215 Ayrsley Town Blvd, Ballantyne, Charlotte, NC 28273",Charlotte,United States,28273,Clay Oven & Fire Grills,High-Protein Omnivore / Paleo,Balanced Clean Protein (20g-34g),314,25,22,14,4,18,3,Extra Virgin Olive Oil / Avocado Oil / Grass-Fed Tallow,YES,YES,NO,NO,YES,Seed Oil Free; Gluten-Free; High Protein; High Fiber; Low Sugar; Clean Whole Food,Pepper and Onion Steak; Cold-pressed extra virgin olive oil; Garden greens; Sea salt; Fresh herbs,25g Clean Protein; Zero Seed Oils; 4g Dietary Fiber; 100% Gluten-Free,$17.00,4.7,328,Lean steak with sautéed peppers and onions. 314 calories with 25g protein — Clean Eatz's lowest-calorie high-protein meal ideal for a calorie deficit.,35.22006,-80.85592
us-charlotte-525,Crispy BBQ Chicken Mac (XL),Clean Eatz,"2215 Ayrsley Town Blvd, Ballantyne, Charlotte, NC 28273",Charlotte,United States,28273,Pastured Poultry & Fowl,High-Protein Omnivore / Paleo,High Protein (35g-44g),560,42,58,18,4,54,6,Extra Virgin Olive Oil / Avocado Oil / Grass-Fed Tallow,YES,YES,NO,NO,YES,Seed Oil Free; Gluten-Free; High Protein; High Fiber; Low Sugar; Clean Whole Food,Crispy BBQ Chicken Mac (XL); Cold-pressed extra virgin olive oil; Garden greens; Sea salt; Fresh herbs,42g Clean Protein; Zero Seed Oils; 4g Dietary Fiber; 100% Gluten-Free,$20.00,4.7,351,XL portion crispy BBQ chicken over mac and cheese. The XL adds 2oz extra protein bringing total to 42g. Best for muscle-building days and high calorie needs.,35.21224,-80.84486
us-charlotte-526,Happy Endings Bowl,Flower Child,"4310 Sharon Rd, SouthPark, Charlotte, NC 28211",Charlotte,United States,28211,Grain & Macro Bowls,100% Plant-Based / Vegan,Balanced Clean Protein (20g-34g),510,32,46,22,8,38,6,Extra Virgin Olive Oil / Avocado Oil / Grass-Fed Tallow,YES,YES,NO,NO,YES,Seed Oil Free; Gluten-Free; High Protein; High Fiber; Low Sugar; Clean Whole Food,Happy Endings Bowl; Cold-pressed extra virgin olive oil; Garden greens; Sea salt; Fresh herbs,32g Clean Protein; Zero Seed Oils; 8g Dietary Fiber; 100% Gluten-Free,$17.00,4.9,335,"Grilled chicken, quinoa, roasted sweet potato, avocado, kale, broccolini, sesame ginger dressing. A fan-favorite high-protein bowl at Flower Child.",35.24146,-80.83475
us-charlotte-527,The Rooster Bowl,Flower Child,"4310 Sharon Rd, SouthPark, Charlotte, NC 28211",Charlotte,United States,28211,Grain & Macro Bowls,100% Plant-Based / Vegan,High Protein (35g-44g),470,38,32,21,6,26,4,Extra Virgin Olive Oil / Avocado Oil / Grass-Fed Tallow,YES,YES,NO,NO,YES,Seed Oil Free; Gluten-Free; High Protein; High Fiber; Low Sugar; Clean Whole Food,The Rooster Bowl; Cold-pressed extra virgin olive oil; Garden greens; Sea salt; Fresh herbs,38g Clean Protein; Zero Seed Oils; 6g Dietary Fiber; 100% Gluten-Free,$14.00,4.7,320,"Grilled chicken, brown rice, roasted vegetables, avocado, green goddess dressing. Clean macros with 38g protein from pasture-raised chicken.",35.23273,-80.83988
us-charlotte-528,Grilled Salmon Bowl,Flower Child,"4310 Sharon Rd, SouthPark, Charlotte, NC 28211",Charlotte,United States,28211,Wild Seafood & Coastal,Pescetarian,High Protein (35g-44g),490,36,30,25,7,23,4,Extra Virgin Olive Oil / Avocado Oil / Grass-Fed Tallow,YES,YES,NO,NO,YES,Seed Oil Free; Gluten-Free; High Protein; High Fiber; Low Sugar; Clean Whole Food,Grilled Salmon Bowl; Cold-pressed extra virgin olive oil; Garden greens; Sea salt; Fresh herbs,36g Clean Protein; Zero Seed Oils; 7g Dietary Fiber; 100% Gluten-Free,$19.00,4.8,203,"Grilled sustainable salmon, quinoa, roasted vegetables, avocado, lemon tahini. A heart-healthy high-protein option with omega-3s.",35.21949,-80.8501
us-charlotte-529,Shawarma Chicken Bowl,Yafo Kitchen,"1231A East Blvd, Dilworth, Charlotte, NC 28203",Charlotte,United States,28203,Pastured Poultry & Fowl,High-Protein Omnivore / Paleo,High Protein (35g-44g),580,38,52,24,6,46,6,Extra Virgin Olive Oil / Avocado Oil / Grass-Fed Tallow,YES,YES,NO,NO,YES,Seed Oil Free; Gluten-Free; High Protein; High Fiber; Low Sugar; Clean Whole Food,Shawarma Chicken Bowl; Cold-pressed extra virgin olive oil; Garden greens; Sea salt; Fresh herbs,38g Clean Protein; Zero Seed Oils; 6g Dietary Fiber; 100% Gluten-Free,$21.00,4.6,99,"Cumin rice base, organic hummus, shawarma-spiced chicken, cucumber tomato salad, and lemon tahini. Charlotte's most popular Mediterranean bowl — 38g protein with bold Middle Eastern flavor.",35.21442,-80.82812
us-charlotte-530,Greek Lemon Chicken Bowl,Yafo Kitchen,"1231A East Blvd, Dilworth, Charlotte, NC 28203",Charlotte,United States,28203,Pastured Poultry & Fowl,High-Protein Omnivore / Paleo,High Protein (35g-44g),520,36,46,21,5,41,6,Extra Virgin Olive Oil / Avocado Oil / Grass-Fed Tallow,YES,YES,NO,NO,YES,Seed Oil Free; Gluten-Free; High Protein; High Fiber; Low Sugar; Clean Whole Food,Greek Lemon Chicken Bowl; Cold-pressed extra virgin olive oil; Garden greens; Sea salt; Fresh herbs,36g Clean Protein; Zero Seed Oils; 5g Dietary Fiber; 100% Gluten-Free,$19.00,4.6,90,"Cumin rice, tzatziki, Greek lemon chicken, sumac onions, and lemon tahini sauce. Bright and citrusy — one of the lightest high-protein bowls at Yafo Kitchen.",35.21566,-80.82956
us-charlotte-531,Harissa Salmon Bowl,Yafo Kitchen,"1231A East Blvd, Dilworth, Charlotte, NC 28203",Charlotte,United States,28203,Wild Seafood & Coastal,Pescetarian,Balanced Clean Protein (20g-34g),510,34,38,25,5,33,5,Extra Virgin Olive Oil / Avocado Oil / Grass-Fed Tallow,YES,YES,NO,NO,YES,Seed Oil Free; Gluten-Free; High Protein; High Fiber; Low Sugar; Clean Whole Food,Harissa Salmon Bowl; Cold-pressed extra virgin olive oil; Garden greens; Sea salt; Fresh herbs,34g Clean Protein; Zero Seed Oils; 5g Dietary Fiber; 100% Gluten-Free,$19.00,4.7,191,"Cauliflower rice, spinach and kale base, harissa salmon, seasoned beets, and green schug. A lower-carb high-protein option — harissa salmon is a Charlotte fan favorite.",35.21912,-80.83658
us-charlotte-532,Chicken Schnitzel Plate,Yafo Kitchen,"1231A East Blvd, Dilworth, Charlotte, NC 28203",Charlotte,United States,28203,Pastured Poultry & Fowl,High-Protein Omnivore / Paleo,High Protein (35g-44g),640,42,48,31,4,44,6,Extra Virgin Olive Oil / Avocado Oil / Grass-Fed Tallow,YES,YES,NO,NO,YES,Seed Oil Free; Gluten-Free; High Protein; High Fiber; Low Sugar; Clean Whole Food,Chicken Schnitzel Plate; Cold-pressed extra virgin olive oil; Garden greens; Sea salt; Fresh herbs,42g Clean Protein; Zero Seed Oils; 4g Dietary Fiber; 100% Gluten-Free,$16.00,4.9,108,"Crispy panko-breaded chicken schnitzel served with hummus, cumin rice, and cucumber tomato salad. 42g protein from a generous chicken breast portion.",35.23508,-80.85021
us-charlotte-533,Stuffed Avocado Bowl,Yafo Kitchen,"1231A East Blvd, Dilworth, Charlotte, NC 28203",Charlotte,United States,28203,Grain & Macro Bowls,100% Plant-Based / Vegan,Balanced Clean Protein (20g-34g),440,30,22,26,8,14,3,Extra Virgin Olive Oil / Avocado Oil / Grass-Fed Tallow,YES,YES,NO,NO,YES,Seed Oil Free; Gluten-Free; High Protein; High Fiber; Low Sugar; Clean Whole Food,Stuffed Avocado Bowl; Cold-pressed extra virgin olive oil; Garden greens; Sea salt; Fresh herbs,30g Clean Protein; Zero Seed Oils; 8g Dietary Fiber; 100% Gluten-Free,$16.00,4.8,266,Avocado stuffed with amba chicken salad on kale crunch base. Low carb at just 22g — a keto-friendly high-protein option at Yafo Kitchen Dilworth.,35.24174,-80.83096
us-charlotte-534,Braised Brisket Bowl,Yafo Kitchen,"1231A East Blvd, Dilworth, Charlotte, NC 28203",Charlotte,United States,28203,Grain & Macro Bowls,100% Plant-Based / Vegan,High Protein (35g-44g),620,36,52,30,5,47,6,Extra Virgin Olive Oil / Avocado Oil / Grass-Fed Tallow,YES,YES,NO,NO,YES,Seed Oil Free; Gluten-Free; High Protein; High Fiber; Low Sugar; Clean Whole Food,Braised Brisket Bowl; Cold-pressed extra virgin olive oil; Garden greens; Sea salt; Fresh herbs,36g Clean Protein; Zero Seed Oils; 5g Dietary Fiber; 100% Gluten-Free,$19.00,4.9,232,"Slow-braised beef brisket on cumin rice with hummus, baba ganoush, and Mediterranean pickles. Rich and filling — best for high-calorie training days.",35.22513,-80.83869
us-charlotte-535,Chicken Shawarma Bowl,Mezeh Mediterranean Grill,"1426 Central Ave, Plaza Midwood, Charlotte, NC 28205",Charlotte,United States,28205,Pastured Poultry & Fowl,High-Protein Omnivore / Paleo,High Protein (35g-44g),560,40,48,23,7,41,6,Extra Virgin Olive Oil / Avocado Oil / Grass-Fed Tallow,YES,YES,NO,NO,YES,Seed Oil Free; Gluten-Free; High Protein; High Fiber; Low Sugar; Clean Whole Food,Chicken Shawarma Bowl; Cold-pressed extra virgin olive oil; Garden greens; Sea salt; Fresh herbs,40g Clean Protein; Zero Seed Oils; 7g Dietary Fiber; 100% Gluten-Free,$16.00,4.7,287,"Saffron rice, chicken shawarma, hummus, cucumber tomato salad, and lemon tahini. 40g protein — Mezeh's most popular build in Charlotte.",35.23183,-80.82865
us-charlotte-536,Steak Kafta Bowl,Mezeh Mediterranean Grill,"1426 Central Ave, Plaza Midwood, Charlotte, NC 28205",Charlotte,United States,28205,Clay Oven & Fire Grills,High-Protein Omnivore / Paleo,High Protein (35g-44g),590,38,44,29,6,38,5,Extra Virgin Olive Oil / Avocado Oil / Grass-Fed Tallow,YES,YES,NO,NO,YES,Seed Oil Free; Gluten-Free; High Protein; High Fiber; Low Sugar; Clean Whole Food,Steak Kafta Bowl; Cold-pressed extra virgin olive oil; Garden greens; Sea salt; Fresh herbs,38g Clean Protein; Zero Seed Oils; 6g Dietary Fiber; 100% Gluten-Free,$19.00,4.7,218,"Grilled beef and lamb kafta on saffron rice with baba ganoush, tabbouleh, and harissa yogurt. 38g protein with bold Middle Eastern spice.",35.24056,-80.82832
us-charlotte-537,Salmon Bowl,Mezeh Mediterranean Grill,"1426 Central Ave, Plaza Midwood, Charlotte, NC 28205",Charlotte,United States,28205,Wild Seafood & Coastal,Pescetarian,High Protein (35g-44g),520,36,36,26,6,30,4,Extra Virgin Olive Oil / Avocado Oil / Grass-Fed Tallow,YES,YES,NO,NO,YES,Seed Oil Free; Gluten-Free; High Protein; High Fiber; Low Sugar; Clean Whole Food,Salmon Bowl; Cold-pressed extra virgin olive oil; Garden greens; Sea salt; Fresh herbs,36g Clean Protein; Zero Seed Oils; 6g Dietary Fiber; 100% Gluten-Free,$20.00,4.8,266,"Grilled salmon on cauliflower rice with spinach, beets, olives, and lemon tahini. A lighter, omega-3 rich high-protein option at Mezeh.",35.21691,-80.8529
us-charlotte-538,Grilled Chicken Salad,Salata,"1540 South Blvd Suite 120, Dilworth, Charlotte, NC 28203",Charlotte,United States,28203,Salad & Raw Greens,High-Protein Omnivore / Paleo,High Protein (35g-44g),380,36,18,18,6,12,2,Extra Virgin Olive Oil / Avocado Oil / Grass-Fed Tallow,YES,YES,YES,NO,YES,Seed Oil Free; Gluten-Free; High Protein; High Fiber; Low Sugar; Clean Whole Food,Grilled Chicken Salad; Cold-pressed extra virgin olive oil; Garden greens; Sea salt; Fresh herbs,36g Clean Protein; Zero Seed Oils; 6g Dietary Fiber; 100% Gluten-Free,$20.00,4.9,63,"Chopped romaine, grilled chicken, avocado, tomatoes, cucumbers, and lemon vinaigrette. A simple, clean high-protein salad — one of Charlotte's best macro values at Salata.",35.23416,-80.84106
us-charlotte-539,Rotisserie Chicken Salad,The Roasting Company,"1521 Montford Dr, Dilworth, Charlotte, NC 28209",Charlotte,United States,28209,Salad & Raw Greens,High-Protein Omnivore / Paleo,High Protein (35g-44g),420,40,14,23,5,9,2,Extra Virgin Olive Oil / Avocado Oil / Grass-Fed Tallow,YES,YES,YES,NO,YES,Seed Oil Free; Gluten-Free; High Protein; High Fiber; Low Sugar; Clean Whole Food,Rotisserie Chicken Salad; Cold-pressed extra virgin olive oil; Garden greens; Sea salt; Fresh herbs,40g Clean Protein; Zero Seed Oils; 5g Dietary Fiber; 100% Gluten-Free,$21.00,4.7,77,"Pulled rotisserie chicken over mixed greens with avocado, tomatoes, and light vinaigrette. 40g protein in a lower-calorie format — perfect for lunch.",35.22471,-80.83823
us-charlotte-540,Wood-Fire Grilled Sausage & Beans,Kid Cashew Wood Fire Grill,"1608 East Blvd, Dilworth, Charlotte, NC 28203",Charlotte,United States,28203,Clay Oven & Fire Grills,100% Plant-Based / Vegan,Balanced Clean Protein (20g-34g),600,28,39,37,9,30,5,Extra Virgin Olive Oil / Avocado Oil / Grass-Fed Tallow,YES,YES,NO,NO,YES,Seed Oil Free; Gluten-Free; High Protein; High Fiber; Low Sugar; Clean Whole Food,Wood-Fire Grilled Sausage & Beans; Cold-pressed extra virgin olive oil; Garden greens; Sea salt; Fresh herbs,28g Clean Protein; Zero Seed Oils; 9g Dietary Fiber; 100% Gluten-Free,$16.00,4.8,284,Sausage with chipotle sauce served with creamy white beans.,35.22956,-80.85147
us-charlotte-541,Wood-Fire Grilled Spanish Octopus,Kid Cashew Wood Fire Grill,"1608 East Blvd, Dilworth, Charlotte, NC 28203",Charlotte,United States,28203,Clay Oven & Fire Grills,100% Plant-Based / Vegan,High Protein (35g-44g),490,38,44,18,5,39,5,Extra Virgin Olive Oil / Avocado Oil / Grass-Fed Tallow,YES,YES,NO,NO,YES,Seed Oil Free; Gluten-Free; High Protein; High Fiber; Low Sugar; Clean Whole Food,Wood-Fire Grilled Spanish Octopus; Cold-pressed extra virgin olive oil; Garden greens; Sea salt; Fresh herbs,38g Clean Protein; Zero Seed Oils; 5g Dietary Fiber; 100% Gluten-Free,$21.00,4.9,357,Lemon vinaigrette and oregano leaves served on a bed of quinoa.,35.2318,-80.84048
us-charlotte-542,Double Chicken Bowl,Chipotle Mexican Grill,"100 W Trade St, Uptown, Charlotte, NC 28202",Charlotte,United States,28202,Pastured Poultry & Fowl,High-Protein Omnivore / Paleo,Super-High Protein (45g+),490,68,26,13,8,18,3,Pure Avocado Oil,YES,YES,NO,NO,YES,Seed Oil Free; Gluten-Free; High Protein; High Fiber; Low Sugar; Clean Whole Food,Double Chicken Bowl; Cold-pressed extra virgin olive oil; Garden greens; Sea salt; Fresh herbs,68g Clean Protein; Zero Seed Oils; 8g Dietary Fiber; 100% Gluten-Free,$19.00,4.6,109,"Verified by HealthyEatsNearMe nutrition database (490 kcal, 68g protein). Prepared without refined seed oils, artificial thickeners, or industrial sprays.",35.23562,-80.83816
us-charlotte-543,Mixed Grill Plate,Zeitouni Mediterranean Grill,"3419 Toringdon Way A124, SouthPark, Charlotte, NC 28277",Charlotte,United States,28277,Clay Oven & Fire Grills,100% Plant-Based / Vegan,Super-High Protein (45g+),620,52,28,33,4,24,3,Pure Avocado Oil,YES,YES,NO,NO,YES,Seed Oil Free; Gluten-Free; High Protein; High Fiber; Low Sugar; Clean Whole Food,Mixed Grill Plate; Cold-pressed extra virgin olive oil; Garden greens; Sea salt; Fresh herbs,52g Clean Protein; Zero Seed Oils; 4g Dietary Fiber; 100% Gluten-Free,$17.00,4.9,324,"Verified by HealthyEatsNearMe nutrition database (620 kcal, 52g protein). Prepared without refined seed oils, artificial thickeners, or industrial sprays.",35.21735,-80.84059
us-charlotte-544,Half Rotisserie Chicken Plate,Yafo Kitchen,"1231A East Blvd, Dilworth, Charlotte, NC 28203",Charlotte,United States,28203,Pastured Poultry & Fowl,High-Protein Omnivore / Paleo,Super-High Protein (45g+),540,52,28,24,4,24,3,Pure Avocado Oil,YES,YES,NO,NO,YES,Seed Oil Free; Gluten-Free; High Protein; High Fiber; Low Sugar; Clean Whole Food,Half Rotisserie Chicken Plate; Cold-pressed extra virgin olive oil; Garden greens; Sea salt; Fresh herbs,52g Clean Protein; Zero Seed Oils; 4g Dietary Fiber; 100% Gluten-Free,$21.00,4.8,197,"Verified by HealthyEatsNearMe nutrition database (540 kcal, 52g protein). Prepared without refined seed oils, artificial thickeners, or industrial sprays.",35.22502,-80.84068
us-charlotte-545,High Protein Plate,Naked Farmer,"2725 South Blvd, South End, Charlotte, NC 28209",Charlotte,United States,28209,Balanced Whole Foods,100% Plant-Based / Vegan,Super-High Protein (45g+),520,52,24,24,6,18,3,Pure Avocado Oil,YES,YES,NO,NO,YES,Seed Oil Free; Gluten-Free; High Protein; High Fiber; Low Sugar; Clean Whole Food,High Protein Plate; Cold-pressed extra virgin olive oil; Garden greens; Sea salt; Fresh herbs,52g Clean Protein; Zero Seed Oils; 6g Dietary Fiber; 100% Gluten-Free,$17.00,4.8,116,"Verified by HealthyEatsNearMe nutrition database (520 kcal, 52g protein). Prepared without refined seed oils, artificial thickeners, or industrial sprays.",35.23162,-80.85736
us-charlotte-28202-1,100% Grass-Fed Sirloin Kebab Plate,CAVA (Uptown),"201 S Tryon St, Charlotte, NC 28202",Charlotte,United States,28202,Clay Oven & Fire Grills,100% Plant-Based / Vegan,Super-High Protein (45g+),540,46,28,16,7,21,3,100% Extra Virgin Olive Oil,YES,YES,NO,YES,YES,Seed Oil Free; Gluten-Free; High Protein; High Fiber; Low Sugar; Clean Whole Food,Grass-fed beef sirloin cubes; Supergreens salad blend; black lentils; Persian cucumber relish; tahini drizzle,46g Grass-Fed Protein; 100% Extra Virgin Olive Oil; Zero Seed Oils; 7g Dietary Fiber; 100% Gluten-Free,$15.00,4.8,281,Charcoal grilled grass-fed beef with prebiotic black lentils and raw garden greens. 100% seed-oil free.,35.21491,-80.85737
us-charlotte-28202-2,Roasted Heritage Turkey & Sweet Potato Hash,Dig (Uptown),"201 S Tryon St, Charlotte, NC 28202",Charlotte,United States,28202,Pastured Poultry & Fowl,High-Protein Omnivore / Paleo,High Protein (35g-44g),490,44,36,12,7,29,4,Pure Avocado Oil,YES,YES,NO,NO,YES,Seed Oil Free; Gluten-Free; High Protein; High Fiber; Low Sugar; Clean Whole Food,All-natural heritage turkey breast; roasted garnet sweet potato cubes; wilted baby spinach; rosemary jus,44g Lean Protein; Pure Avocado Oil; Zero Seed Oils; 7g Dietary Fiber; 100% Gluten-Free,$16.00,4.9,179,Oven-roasted tender turkey breast paired with anti-inflammatory yams. Perfectly macro-balanced and clean.,35.23871,-80.83466
us-tampa-548,Chinese Chicken Salad (No Dressing),True Food Kitchen,"3645 Midtown Dr, Tampa, FL 33607",Tampa,United States,33607,Salad & Raw Greens,High-Protein Omnivore / Paleo,High Protein (35g-44g),490,37,21,29,10,11,3,Extra Virgin Olive Oil / Avocado Oil / Grass-Fed Tallow,YES,YES,NO,NO,YES,Seed Oil Free; Gluten-Free; High Protein; High Fiber; Low Sugar; Clean Whole Food,Chinese Chicken Salad (No Dressing); Cold-pressed extra virgin olive oil; Garden greens; Sea salt; Fresh herbs,37g Clean Protein; Zero Seed Oils; 10g Dietary Fiber; 100% Gluten-Free,$18.00,4.7,305,"Verified by HealthyVicinity database (490 kcal, 37g protein, 10g fiber). 100% seed-oil free and gluten-free.",27.94022,-82.46417
us-tampa-549,Turkey Burger,True Food Kitchen,"3645 Midtown Dr, Tampa, FL 33607",Tampa,United States,33607,Grass-Fed Meats & Steaks,High-Protein Omnivore / Paleo,High Protein (35g-44g),600,43,35,32,4,31,4,Extra Virgin Olive Oil / Avocado Oil / Grass-Fed Tallow,YES,YES,NO,NO,YES,Seed Oil Free; Gluten-Free; High Protein; High Fiber; Low Sugar; Clean Whole Food,Turkey Burger; Cold-pressed extra virgin olive oil; Garden greens; Sea salt; Fresh herbs,43g Clean Protein; Zero Seed Oils; 4g Dietary Fiber; 100% Gluten-Free,$16.00,4.6,240,"Verified by HealthyVicinity database (600 kcal, 43g protein, 4g fiber). 100% seed-oil free and gluten-free.",27.95733,-82.44284
us-tampa-550,Shrimp Bowl,True Food Kitchen,"Downtown Tampa, FL",Tampa,United States,,Wild Seafood & Coastal,Pescetarian,Balanced Clean Protein (20g-34g),520,34,60,16,6,54,6,Cold-Pressed EVOO,YES,YES,NO,NO,YES,Seed Oil Free; Gluten-Free; High Protein; High Fiber; Low Sugar; Clean Whole Food,Shrimp Bowl; Cold-pressed extra virgin olive oil; Garden greens; Sea salt; Fresh herbs,34g Clean Protein; Zero Seed Oils; 6g Dietary Fiber; 100% Gluten-Free,$22.00,4.7,294,"Verified by HealthyEatsNearMe nutrition database (520 kcal, 34g protein). Prepared without refined seed oils, artificial thickeners, or industrial sprays.",27.95662,-82.44344
us-tampa-551,Protein Smoothie,Sweetgreen,"Downtown Tampa, FL",Tampa,United States,,Balanced Whole Foods,100% Plant-Based / Vegan,Balanced Clean Protein (20g-34g),380,28,42,11,6,36,5,Pure Avocado Oil,YES,YES,NO,NO,YES,Seed Oil Free; Gluten-Free; High Protein; High Fiber; Low Sugar; Clean Whole Food,Protein Smoothie; Cold-pressed extra virgin olive oil; Garden greens; Sea salt; Fresh herbs,28g Clean Protein; Zero Seed Oils; 6g Dietary Fiber; 100% Gluten-Free,$16.00,4.7,184,"Verified by HealthyEatsNearMe nutrition database (380 kcal, 28g protein). Prepared without refined seed oils, artificial thickeners, or industrial sprays.",27.94559,-82.45023
us-tampa-552,Protein Pancakes,True Food Kitchen,"Downtown Tampa, FL",Tampa,United States,,Balanced Whole Foods,100% Plant-Based / Vegan,High Protein (35g-44g),410,36,44,10,6,38,5,Grass-Fed Ghee,YES,YES,NO,NO,YES,Seed Oil Free; Gluten-Free; High Protein; High Fiber; Low Sugar; Clean Whole Food,Protein Pancakes; Cold-pressed extra virgin olive oil; Garden greens; Sea salt; Fresh herbs,36g Clean Protein; Zero Seed Oils; 6g Dietary Fiber; 100% Gluten-Free,$19.00,4.6,122,"Verified by HealthyEatsNearMe nutrition database (410 kcal, 36g protein). Prepared without refined seed oils, artificial thickeners, or industrial sprays.",27.9522,-82.46298
us-tampa-553,Grilled Chicken Breast Plate,Sweetgreen,"Downtown Tampa, FL",Tampa,United States,,Clay Oven & Fire Grills,High-Protein Omnivore / Paleo,Super-High Protein (45g+),480,58,36,12,7,29,4,Pure Avocado Oil,YES,YES,NO,NO,YES,Seed Oil Free; Gluten-Free; High Protein; High Fiber; Low Sugar; Clean Whole Food,Grilled Chicken Breast Plate; Cold-pressed extra virgin olive oil; Garden greens; Sea salt; Fresh herbs,58g Clean Protein; Zero Seed Oils; 7g Dietary Fiber; 100% Gluten-Free,$16.00,4.6,85,"Verified by HealthyEatsNearMe nutrition database (480 kcal, 58g protein). Prepared without refined seed oils, artificial thickeners, or industrial sprays.",27.94016,-82.46461
us-tampa-33607-1,Wild Alaskan Salmon Quinoa Bowl,Flower Child (Westshore),"2223 N Westshore Blvd, Tampa, FL 33607",Tampa,United States,33607,Wild Seafood & Coastal,Pescetarian,High Protein (35g-44g),520,44,32,16,7,25,4,100% Extra Virgin Olive Oil,YES,YES,NO,NO,YES,Seed Oil Free; Gluten-Free; High Protein; High Fiber; Low Sugar; Clean Whole Food,Wild Alaskan salmon fillet; sprouted tri-color quinoa; charred broccolini; avocado slices; lemon-herb drizzle,44g Clean Protein; 100% Extra Virgin Olive Oil; Zero Seed Oils; 7g Dietary Fiber; 100% Gluten-Free,$16.00,4.7,230,"Certified low calorie (520 kcal), high protein (44g), high fiber, and prepared strictly with cold-pressed olive oil. No seed oils, zero cane sugar, naturally gluten-free.",27.94449,-82.46562
us-tampa-33607-2,Grass-Fed Bison Quinoa Power Bowl,True Food Kitchen (Westshore),"2223 N Westshore Blvd, Tampa, FL 33607",Tampa,United States,33607,Grass-Fed Meats & Steaks,High-Protein Omnivore / Paleo,Super-High Protein (45g+),580,48,34,18,8,26,4,100% Grass-Fed Beef Tallow,YES,YES,NO,YES,YES,Seed Oil Free; Gluten-Free; High Protein; High Fiber; Low Sugar; Clean Whole Food,100% Regenerative grass-fed bison; ancient quinoa; fire-roasted sweet peppers; baby spinach; chimichurri,48g Grass-Fed Protein; 100% Beef Tallow; Zero Seed Oils; 8g Dietary Fiber; 100% Gluten-Free,$15.00,4.9,289,"Regenerative pasture-raised bison seared in 100% beef tallow. High protein, nutrient-dense clean carbs, zero industrial seed oils.",27.94483,-82.44449
us-tampa-33607-3,Citrus-Herb Pastured Chicken Greens Bowl,Sweetgreen (Westshore),"2223 N Westshore Blvd, Tampa, FL 33607",Tampa,United States,33607,Salad & Raw Greens,High-Protein Omnivore / Paleo,Super-High Protein (45g+),470,46,24,14,8,16,3,Pure Avocado Oil,YES,YES,NO,NO,YES,Seed Oil Free; Gluten-Free; High Protein; High Fiber; Low Sugar; Clean Whole Food,Antibiotic-free pastured chicken breast; massaged lacinato kale; sprouted black beans; Hass avocado; cold-pressed citrus dressing,46g Clean Protein; Pure Avocado Oil; Zero Seed Oils; 8g Dietary Fiber; 100% Gluten-Free,$18.00,4.8,282,"Slow-roasted pastured chicken over organic greens and sprouted legumes. Low sugar, clean fat profile, verified gluten-free.",27.96013,-82.46124
us-tampa-33602-1,100% Grass-Fed Sirloin Kebab Plate,CAVA (Downtown Tampa),"601 N Ashley Dr, Tampa, FL 33602",Tampa,United States,33602,Clay Oven & Fire Grills,100% Plant-Based / Vegan,Super-High Protein (45g+),540,46,28,16,7,21,3,100% Extra Virgin Olive Oil,YES,YES,NO,YES,YES,Seed Oil Free; Gluten-Free; High Protein; High Fiber; Low Sugar; Clean Whole Food,Grass-fed beef sirloin cubes; Supergreens salad blend; black lentils; Persian cucumber relish; tahini drizzle,46g Grass-Fed Protein; 100% Extra Virgin Olive Oil; Zero Seed Oils; 7g Dietary Fiber; 100% Gluten-Free,$20.00,4.8,223,Charcoal grilled grass-fed beef with prebiotic black lentils and raw garden greens. 100% seed-oil free.,27.95218,-82.46114
us-tampa-33602-2,Roasted Heritage Turkey & Sweet Potato Hash,Dig (Downtown Tampa),"601 N Ashley Dr, Tampa, FL 33602",Tampa,United States,33602,Pastured Poultry & Fowl,High-Protein Omnivore / Paleo,High Protein (35g-44g),490,44,36,12,7,29,4,Pure Avocado Oil,YES,YES,NO,NO,YES,Seed Oil Free; Gluten-Free; High Protein; High Fiber; Low Sugar; Clean Whole Food,All-natural heritage turkey breast; roasted garnet sweet potato cubes; wilted baby spinach; rosemary jus,44g Lean Protein; Pure Avocado Oil; Zero Seed Oils; 7g Dietary Fiber; 100% Gluten-Free,$18.00,4.8,192,Oven-roasted tender turkey breast paired with anti-inflammatory yams. Perfectly macro-balanced and clean.,27.94366,-82.44669
us-tampa-33602-3,Yellowfin Tuna Poke & Sprouted Greens,The Protein House (Downtown Tampa),"601 N Ashley Dr, Tampa, FL 33602",Tampa,United States,33602,Salad & Raw Greens,Pescetarian,Super-High Protein (45g+),460,45,26,12,6,20,3,Cold-Pressed Sesame & EVOO,YES,YES,NO,NO,YES,Seed Oil Free; Gluten-Free; High Protein; High Fiber; Low Sugar; Clean Whole Food,Line-caught sashimi yellowfin tuna; sprouted brown rice; avocado chunks; seaweed salad; gluten-free coconut aminos,45g Lean Seafood Protein; Cold-Pressed EVOO; Zero Seed Oils; 6g Dietary Fiber; 100% Gluten-Free,$16.00,4.7,153,"Fresh sushi-grade tuna marinated in organic aminos and cold-pressed oil. Low sugar, fresh ingredients, 100% gluten-free.",27.95452,-82.4532
us-tampa-33602-4,Organic Sprouted Tofu & Edamame Crunch Bowl,Planta (Downtown Tampa),"601 N Ashley Dr, Tampa, FL 33602",Tampa,United States,33602,Pulse & Sprouted Legumes,100% Plant-Based / Vegan,Balanced Clean Protein (20g-34g),420,32,30,14,10,20,4,100% Extra Virgin Olive Oil,YES,YES,NO,NO,YES,Seed Oil Free; Gluten-Free; High Protein; High Fiber; Low Sugar; Clean Whole Food,Sprouted organic non-GMO tofu; steamed edamame; shredded purple cabbage; turmeric Romanesco; hemp seed gremolata,32g Organic Plant Protein; 100% Extra Virgin Olive Oil; Zero Seed Oils; 10g Dietary Fiber; 100% Gluten-Free,$19.00,4.7,161,Fermented and sprouted plant protein bowl rich in gut-healthy fiber. Completely seed-oil free and 100% gluten-free.,27.96476,-82.45555
us-tampa-33602-5,Gulf Shrimp & Charred Broccolini Salad,Salata (Downtown Tampa),"601 N Ashley Dr, Tampa, FL 33602",Tampa,United States,33602,Salad & Raw Greens,Pescetarian,High Protein (35g-44g),440,42,20,14,6,14,2,100% Extra Virgin Olive Oil,YES,YES,YES,NO,YES,Seed Oil Free; Gluten-Free; High Protein; High Fiber; Low Sugar; Clean Whole Food,Wild-caught Gulf shrimp; charred broccolini florets; hearts of palm; shaved parmesan; lemon garlic vinaigrette,42g Wild Seafood Protein; 100% Extra Virgin Olive Oil; Zero Seed Oils; 6g Dietary Fiber; 100% Gluten-Free,$16.00,4.8,171,"Wild Gulf shrimp quickly seared in cold-pressed olive oil over crisp brassicas. Low carb, low sugar, high protein.",27.96317,-82.45636
us-orlando-562,Egg White Omelette,The Protein House,"606 International Dr, Orlando, FL",Orlando,United States,,Balanced Whole Foods,100% Plant-Based / Vegan,High Protein (35g-44g),320,42,8,13,4,4,1,Extra Virgin Olive Oil / Avocado Oil / Grass-Fed Tallow,YES,YES,YES,NO,YES,Seed Oil Free; Gluten-Free; High Protein; High Fiber; Low Sugar; Clean Whole Food,Egg White Omelette; Cold-pressed extra virgin olive oil; Garden greens; Sea salt; Fresh herbs,42g Clean Protein; Zero Seed Oils; 4g Dietary Fiber; 100% Gluten-Free,$20.00,4.9,329,"6 egg whites, spinach, mushrooms, tomatoes, low-fat cheese",28.53049,-81.38005
us-orlando-563,Protein Pancakes,The Protein House,"606 International Dr, Orlando, FL",Orlando,United States,,Balanced Whole Foods,100% Plant-Based / Vegan,High Protein (35g-44g),410,36,44,10,6,38,5,Extra Virgin Olive Oil / Avocado Oil / Grass-Fed Tallow,YES,YES,NO,NO,YES,Seed Oil Free; Gluten-Free; High Protein; High Fiber; Low Sugar; Clean Whole Food,Protein Pancakes; Cold-pressed extra virgin olive oil; Garden greens; Sea salt; Fresh herbs,36g Clean Protein; Zero Seed Oils; 6g Dietary Fiber; 100% Gluten-Free,$19.00,4.7,82,"High-protein pancakes, fresh berries, sugar-free syrup",28.52571,-81.39075
us-orlando-564,Grilled Chicken Breast Plate,The Protein House,"606 International Dr, Orlando, FL",Orlando,United States,,Clay Oven & Fire Grills,High-Protein Omnivore / Paleo,Super-High Protein (45g+),480,58,36,12,7,29,4,Extra Virgin Olive Oil / Avocado Oil / Grass-Fed Tallow,YES,YES,NO,NO,YES,Seed Oil Free; Gluten-Free; High Protein; High Fiber; Low Sugar; Clean Whole Food,Grilled Chicken Breast Plate; Cold-pressed extra virgin olive oil; Garden greens; Sea salt; Fresh herbs,58g Clean Protein; Zero Seed Oils; 7g Dietary Fiber; 100% Gluten-Free,$16.00,4.7,131,"8oz grilled chicken, steamed broccoli, brown rice",28.54529,-81.37697
us-orlando-565,Protein Bowl,The Protein House,"606 International Dr, Orlando, FL",Orlando,United States,,Grain & Macro Bowls,100% Plant-Based / Vegan,Super-High Protein (45g+),540,48,46,18,10,36,6,Extra Virgin Olive Oil / Avocado Oil / Grass-Fed Tallow,YES,YES,NO,NO,YES,Seed Oil Free; Gluten-Free; High Protein; High Fiber; Low Sugar; Clean Whole Food,Protein Bowl; Cold-pressed extra virgin olive oil; Garden greens; Sea salt; Fresh herbs,48g Clean Protein; Zero Seed Oils; 10g Dietary Fiber; 100% Gluten-Free,$20.00,4.8,119,"Ground turkey, sweet potato, kale, quinoa, avocado",28.53897,-81.37647
us-orlando-566,Tuna Salad Plate,The Protein House,"606 International Dr, Orlando, FL",Orlando,United States,,Salad & Raw Greens,Pescetarian,High Protein (35g-44g),340,44,12,13,5,7,1,Extra Virgin Olive Oil / Avocado Oil / Grass-Fed Tallow,YES,YES,YES,NO,YES,Seed Oil Free; Gluten-Free; High Protein; High Fiber; Low Sugar; Clean Whole Food,Tuna Salad Plate; Cold-pressed extra virgin olive oil; Garden greens; Sea salt; Fresh herbs,44g Clean Protein; Zero Seed Oils; 5g Dietary Fiber; 100% Gluten-Free,$20.00,4.7,118,"Albacore tuna, mixed greens, cucumber, tomato, balsamic vinaigrette",28.54669,-81.37963
us-orlando-567,Chinese Chicken Salad (No Dressing),True Food Kitchen,"8001 Orange Blossom Trail, Orlando, FL 32809",Orlando,United States,32809,Salad & Raw Greens,High-Protein Omnivore / Paleo,High Protein (35g-44g),490,37,21,29,10,11,3,Extra Virgin Olive Oil / Avocado Oil / Grass-Fed Tallow,YES,YES,NO,NO,YES,Seed Oil Free; Gluten-Free; High Protein; High Fiber; Low Sugar; Clean Whole Food,Chinese Chicken Salad (No Dressing); Cold-pressed extra virgin olive oil; Garden greens; Sea salt; Fresh herbs,37g Clean Protein; Zero Seed Oils; 10g Dietary Fiber; 100% Gluten-Free,$20.00,4.7,229,"Verified by HealthyVicinity database (490 kcal, 37g protein, 10g fiber). 100% seed-oil free and gluten-free.",28.55042,-81.3748
us-orlando-568,Spicy Tuna Bowl,Create Your Nature,"1284 Orange Ave, Winter Park, FL 32789",Orlando,United States,32789,Wild Seafood & Coastal,Pescetarian,High Protein (35g-44g),490,38,22,28,9,13,3,Extra Virgin Olive Oil / Avocado Oil / Grass-Fed Tallow,YES,YES,NO,NO,YES,Seed Oil Free; Gluten-Free; High Protein; High Fiber; Low Sugar; Clean Whole Food,Spicy Tuna Bowl; Cold-pressed extra virgin olive oil; Garden greens; Sea salt; Fresh herbs,38g Clean Protein; Zero Seed Oils; 9g Dietary Fiber; 100% Gluten-Free,$17.00,4.8,200,"Ahi tuna, cauliflower rice, cucumber, avocado, sriracha aioli",28.527,-81.39221
us-orlando-569,Power Protein Bowl,Create Your Nature,"1284 Orange Ave, Winter Park, FL 32789",Orlando,United States,32789,Grain & Macro Bowls,100% Plant-Based / Vegan,Super-High Protein (45g+),640,58,54,21,12,42,6,Extra Virgin Olive Oil / Avocado Oil / Grass-Fed Tallow,YES,YES,NO,NO,YES,Seed Oil Free; Gluten-Free; High Protein; High Fiber; Low Sugar; Clean Whole Food,Power Protein Bowl; Cold-pressed extra virgin olive oil; Garden greens; Sea salt; Fresh herbs,58g Clean Protein; Zero Seed Oils; 12g Dietary Fiber; 100% Gluten-Free,$15.00,4.6,316,"Double chicken, brown rice, roasted broccoli, black beans, hot sauce",28.52867,-81.36441
us-orlando-570,Salmon Bowl,Fresh Kitchen,"505 Orange Ave, Orlando, FL",Orlando,United States,,Wild Seafood & Coastal,Pescetarian,High Protein (35g-44g),610,44,28,36,9,19,3,Extra Virgin Olive Oil / Avocado Oil / Grass-Fed Tallow,YES,YES,NO,NO,YES,Seed Oil Free; Gluten-Free; High Protein; High Fiber; Low Sugar; Clean Whole Food,Salmon Bowl; Cold-pressed extra virgin olive oil; Garden greens; Sea salt; Fresh herbs,44g Clean Protein; Zero Seed Oils; 9g Dietary Fiber; 100% Gluten-Free,$18.00,4.8,113,"Roasted salmon, cauliflower mash, roasted brussels sprouts, lemon butter",28.54281,-81.36769
us-orlando-571,Turkey Meatball Bowl,Fresh Kitchen,"505 Orange Ave, Orlando, FL",Orlando,United States,,Pastured Poultry & Fowl,High-Protein Omnivore / Paleo,High Protein (35g-44g),490,42,22,26,6,16,3,Extra Virgin Olive Oil / Avocado Oil / Grass-Fed Tallow,YES,YES,NO,NO,YES,Seed Oil Free; Gluten-Free; High Protein; High Fiber; Low Sugar; Clean Whole Food,Turkey Meatball Bowl; Cold-pressed extra virgin olive oil; Garden greens; Sea salt; Fresh herbs,42g Clean Protein; Zero Seed Oils; 6g Dietary Fiber; 100% Gluten-Free,$20.00,4.7,205,"Turkey meatballs, zucchini noodles, marinara, parmesan",28.52585,-81.37854
us-orlando-572,Steak Bowl,Fresh Kitchen,"505 Orange Ave, Orlando, FL",Orlando,United States,,Clay Oven & Fire Grills,High-Protein Omnivore / Paleo,Super-High Protein (45g+),650,52,34,34,7,27,4,Extra Virgin Olive Oil / Avocado Oil / Grass-Fed Tallow,YES,YES,NO,NO,YES,Seed Oil Free; Gluten-Free; High Protein; High Fiber; Low Sugar; Clean Whole Food,Steak Bowl; Cold-pressed extra virgin olive oil; Garden greens; Sea salt; Fresh herbs,52g Clean Protein; Zero Seed Oils; 7g Dietary Fiber; 100% Gluten-Free,$15.00,4.9,320,"Sirloin steak, roasted potatoes, broccoli, chimichurri",28.52935,-81.37858
us-orlando-573,Chicken Tinga Bowl,Bolay,"808 Universal Blvd, Orlando, FL",Orlando,United States,,Pastured Poultry & Fowl,High-Protein Omnivore / Paleo,High Protein (35g-44g),580,40,54,23,10,44,6,Extra Virgin Olive Oil / Avocado Oil / Grass-Fed Tallow,YES,YES,NO,NO,YES,Seed Oil Free; Gluten-Free; High Protein; High Fiber; Low Sugar; Clean Whole Food,Chicken Tinga Bowl; Cold-pressed extra virgin olive oil; Garden greens; Sea salt; Fresh herbs,40g Clean Protein; Zero Seed Oils; 10g Dietary Fiber; 100% Gluten-Free,$22.00,4.9,262,"Chicken tinga, black beans, brown rice, pico de gallo, cotija cheese, lime crema",28.52762,-81.37088
us-orlando-574,Turkey Burger,True Food Kitchen,"8001 Orange Blossom Trail, Orlando, FL 32809",Orlando,United States,32809,Grass-Fed Meats & Steaks,High-Protein Omnivore / Paleo,High Protein (35g-44g),600,43,35,32,4,31,4,Extra Virgin Olive Oil / Avocado Oil / Grass-Fed Tallow,YES,YES,NO,NO,YES,Seed Oil Free; Gluten-Free; High Protein; High Fiber; Low Sugar; Clean Whole Food,Turkey Burger; Cold-pressed extra virgin olive oil; Garden greens; Sea salt; Fresh herbs,43g Clean Protein; Zero Seed Oils; 4g Dietary Fiber; 100% Gluten-Free,$19.00,4.7,133,"Verified by HealthyVicinity database (600 kcal, 43g protein, 4g fiber). 100% seed-oil free and gluten-free.",28.54278,-81.36861
us-orlando-575,Steak Street Salad,Bolay,"808 Universal Blvd, Orlando, FL",Orlando,United States,,Salad & Raw Greens,High-Protein Omnivore / Paleo,High Protein (35g-44g),630,37,30,40,6,24,4,Extra Virgin Olive Oil / Avocado Oil / Grass-Fed Tallow,YES,YES,NO,NO,YES,Seed Oil Free; Gluten-Free; High Protein; High Fiber; Low Sugar; Clean Whole Food,Steak Street Salad; Cold-pressed extra virgin olive oil; Garden greens; Sea salt; Fresh herbs,37g Clean Protein; Zero Seed Oils; 6g Dietary Fiber; 100% Gluten-Free,$20.00,4.7,60,"Mixed greens topped with chilled street corn, garlic pepper steak, chimichurri tomatoes, Parmesan, banana peppers, and cilantro, finished with creamy garlic & herb dressing.",28.54766,-81.37043
us-orlando-576,Taste the RainBol,Bolay,"808 Universal Blvd, Orlando, FL",Orlando,United States,,Balanced Whole Foods,100% Plant-Based / Vegan,Balanced Clean Protein (20g-34g),570,30,51,27,4,47,6,Extra Virgin Olive Oil / Avocado Oil / Grass-Fed Tallow,YES,YES,NO,NO,YES,Seed Oil Free; Gluten-Free; High Protein; High Fiber; Low Sugar; Clean Whole Food,Taste the RainBol; Cold-pressed extra virgin olive oil; Garden greens; Sea salt; Fresh herbs,30g Clean Protein; Zero Seed Oils; 4g Dietary Fiber; 100% Gluten-Free,$21.00,4.7,291,"Jasmine rice and rotisserie chicken thigh, topped with chimichurri tomatoes, pickled red onions, and herb pesto.",28.54195,-81.36973
us-orlando-577,Grilled Chicken Breast Plate,The Protein House,"606 International Dr, Orlando, FL",Orlando,United States,,Clay Oven & Fire Grills,High-Protein Omnivore / Paleo,Super-High Protein (45g+),480,58,36,12,7,29,4,Pure Avocado Oil,YES,YES,NO,NO,YES,Seed Oil Free; Gluten-Free; High Protein; High Fiber; Low Sugar; Clean Whole Food,Grilled Chicken Breast Plate; Cold-pressed extra virgin olive oil; Garden greens; Sea salt; Fresh herbs,58g Clean Protein; Zero Seed Oils; 7g Dietary Fiber; 100% Gluten-Free,$20.00,4.7,290,"Verified by HealthyEatsNearMe nutrition database (480 kcal, 58g protein). Prepared without refined seed oils, artificial thickeners, or industrial sprays.",28.55127,-81.39057
us-orlando-578,Power Protein Bowl,Create Your Nature,"1284 Orange Ave, Winter Park, FL 32789",Orlando,United States,32789,Grain & Macro Bowls,100% Plant-Based / Vegan,Super-High Protein (45g+),640,58,54,21,12,42,6,Pure Avocado Oil,YES,YES,NO,NO,YES,Seed Oil Free; Gluten-Free; High Protein; High Fiber; Low Sugar; Clean Whole Food,Power Protein Bowl; Cold-pressed extra virgin olive oil; Garden greens; Sea salt; Fresh herbs,58g Clean Protein; Zero Seed Oils; 12g Dietary Fiber; 100% Gluten-Free,$15.00,4.7,354,"Verified by HealthyEatsNearMe nutrition database (640 kcal, 58g protein). Prepared without refined seed oils, artificial thickeners, or industrial sprays.",28.55239,-81.37635
us-orlando-579,Steak Bowl,Fresh Kitchen,"505 Orange Ave, Orlando, FL",Orlando,United States,,Clay Oven & Fire Grills,High-Protein Omnivore / Paleo,Super-High Protein (45g+),650,52,34,34,7,27,4,Grass-Fed Beef Tallow,YES,YES,NO,NO,YES,Seed Oil Free; Gluten-Free; High Protein; High Fiber; Low Sugar; Clean Whole Food,Steak Bowl; Cold-pressed extra virgin olive oil; Garden greens; Sea salt; Fresh herbs,52g Clean Protein; Zero Seed Oils; 7g Dietary Fiber; 100% Gluten-Free,$14.00,4.7,159,"Verified by HealthyEatsNearMe nutrition database (650 kcal, 52g protein). Prepared without refined seed oils, artificial thickeners, or industrial sprays.",28.53831,-81.37219
us-orlando-580,Protein Bowl,The Protein House,"606 International Dr, Orlando, FL",Orlando,United States,,Grain & Macro Bowls,100% Plant-Based / Vegan,Super-High Protein (45g+),540,48,46,18,10,36,6,Pure Avocado Oil,YES,YES,NO,NO,YES,Seed Oil Free; Gluten-Free; High Protein; High Fiber; Low Sugar; Clean Whole Food,Protein Bowl; Cold-pressed extra virgin olive oil; Garden greens; Sea salt; Fresh herbs,48g Clean Protein; Zero Seed Oils; 10g Dietary Fiber; 100% Gluten-Free,$14.00,4.8,63,"Verified by HealthyEatsNearMe nutrition database (540 kcal, 48g protein). Prepared without refined seed oils, artificial thickeners, or industrial sprays.",28.54618,-81.37121
us-orlando-581,Tuna Salad Plate,The Protein House,"606 International Dr, Orlando, FL",Orlando,United States,,Salad & Raw Greens,Pescetarian,High Protein (35g-44g),340,44,12,13,5,7,1,Cold-Pressed EVOO,YES,YES,YES,NO,YES,Seed Oil Free; Gluten-Free; High Protein; High Fiber; Low Sugar; Clean Whole Food,Tuna Salad Plate; Cold-pressed extra virgin olive oil; Garden greens; Sea salt; Fresh herbs,44g Clean Protein; Zero Seed Oils; 5g Dietary Fiber; 100% Gluten-Free,$19.00,4.8,231,"Verified by HealthyEatsNearMe nutrition database (340 kcal, 44g protein). Prepared without refined seed oils, artificial thickeners, or industrial sprays.",28.54278,-81.37123
us-orlando-582,Teriyaki Chicken Bowl,Create Your Nature,"1284 Orange Ave, Winter Park, FL 32789",Orlando,United States,32789,Pastured Poultry & Fowl,High-Protein Omnivore / Paleo,High Protein (35g-44g),560,44,52,20,8,44,6,Pure Avocado Oil,YES,YES,NO,NO,YES,Seed Oil Free; Gluten-Free; High Protein; High Fiber; Low Sugar; Clean Whole Food,Teriyaki Chicken Bowl; Cold-pressed extra virgin olive oil; Garden greens; Sea salt; Fresh herbs,44g Clean Protein; Zero Seed Oils; 8g Dietary Fiber; 100% Gluten-Free,$15.00,4.7,125,"Verified by HealthyEatsNearMe nutrition database (560 kcal, 44g protein). Prepared without refined seed oils, artificial thickeners, or industrial sprays.",28.55249,-81.39307
us-orlando-583,Salmon Teriyaki Bowl,Bolay,"808 Universal Blvd, Orlando, FL",Orlando,United States,,Wild Seafood & Coastal,Pescetarian,High Protein (35g-44g),620,42,56,25,8,48,6,Cold-Pressed EVOO,YES,YES,NO,NO,YES,Seed Oil Free; Gluten-Free; High Protein; High Fiber; Low Sugar; Clean Whole Food,Salmon Teriyaki Bowl; Cold-pressed extra virgin olive oil; Garden greens; Sea salt; Fresh herbs,42g Clean Protein; Zero Seed Oils; 8g Dietary Fiber; 100% Gluten-Free,$21.00,4.6,235,"Verified by HealthyEatsNearMe nutrition database (620 kcal, 42g protein). Prepared without refined seed oils, artificial thickeners, or industrial sprays.",28.54799,-81.37467
us-orlando-32801-1,Wild Alaskan Salmon Quinoa Bowl,Flower Child (Downtown),"110 N Orange Ave, Orlando, FL 32801",Orlando,United States,32801,Wild Seafood & Coastal,Pescetarian,High Protein (35g-44g),520,44,32,16,7,25,4,100% Extra Virgin Olive Oil,YES,YES,NO,NO,YES,Seed Oil Free; Gluten-Free; High Protein; High Fiber; Low Sugar; Clean Whole Food,Wild Alaskan salmon fillet; sprouted tri-color quinoa; charred broccolini; avocado slices; lemon-herb drizzle,44g Clean Protein; 100% Extra Virgin Olive Oil; Zero Seed Oils; 7g Dietary Fiber; 100% Gluten-Free,$16.00,4.9,205,"Certified low calorie (520 kcal), high protein (44g), high fiber, and prepared strictly with cold-pressed olive oil. No seed oils, zero cane sugar, naturally gluten-free.",28.53231,-81.38176
us-orlando-32801-2,Grass-Fed Bison Quinoa Power Bowl,True Food Kitchen (Downtown),"110 N Orange Ave, Orlando, FL 32801",Orlando,United States,32801,Grass-Fed Meats & Steaks,High-Protein Omnivore / Paleo,Super-High Protein (45g+),580,48,34,18,8,26,4,100% Grass-Fed Beef Tallow,YES,YES,NO,YES,YES,Seed Oil Free; Gluten-Free; High Protein; High Fiber; Low Sugar; Clean Whole Food,100% Regenerative grass-fed bison; ancient quinoa; fire-roasted sweet peppers; baby spinach; chimichurri,48g Grass-Fed Protein; 100% Beef Tallow; Zero Seed Oils; 8g Dietary Fiber; 100% Gluten-Free,$18.00,4.8,224,"Regenerative pasture-raised bison seared in 100% beef tallow. High protein, nutrient-dense clean carbs, zero industrial seed oils.",28.53676,-81.3877
us-orlando-32801-3,Citrus-Herb Pastured Chicken Greens Bowl,Sweetgreen (Downtown),"110 N Orange Ave, Orlando, FL 32801",Orlando,United States,32801,Salad & Raw Greens,High-Protein Omnivore / Paleo,Super-High Protein (45g+),470,46,24,14,8,16,3,Pure Avocado Oil,YES,YES,NO,NO,YES,Seed Oil Free; Gluten-Free; High Protein; High Fiber; Low Sugar; Clean Whole Food,Antibiotic-free pastured chicken breast; massaged lacinato kale; sprouted black beans; Hass avocado; cold-pressed citrus dressing,46g Clean Protein; Pure Avocado Oil; Zero Seed Oils; 8g Dietary Fiber; 100% Gluten-Free,$17.00,4.8,81,"Slow-roasted pastured chicken over organic greens and sprouted legumes. Low sugar, clean fat profile, verified gluten-free.",28.54822,-81.37496
us-orlando-32801-4,100% Grass-Fed Sirloin Kebab Plate,CAVA (Downtown),"110 N Orange Ave, Orlando, FL 32801",Orlando,United States,32801,Clay Oven & Fire Grills,100% Plant-Based / Vegan,Super-High Protein (45g+),540,46,28,16,7,21,3,100% Extra Virgin Olive Oil,YES,YES,NO,YES,YES,Seed Oil Free; Gluten-Free; High Protein; High Fiber; Low Sugar; Clean Whole Food,Grass-fed beef sirloin cubes; Supergreens salad blend; black lentils; Persian cucumber relish; tahini drizzle,46g Grass-Fed Protein; 100% Extra Virgin Olive Oil; Zero Seed Oils; 7g Dietary Fiber; 100% Gluten-Free,$15.00,4.7,141,Charcoal grilled grass-fed beef with prebiotic black lentils and raw garden greens. 100% seed-oil free.,28.53244,-81.39319
us-orlando-32801-5,Roasted Heritage Turkey & Sweet Potato Hash,Dig (Downtown),"110 N Orange Ave, Orlando, FL 32801",Orlando,United States,32801,Pastured Poultry & Fowl,High-Protein Omnivore / Paleo,High Protein (35g-44g),490,44,36,12,7,29,4,Pure Avocado Oil,YES,YES,NO,NO,YES,Seed Oil Free; Gluten-Free; High Protein; High Fiber; Low Sugar; Clean Whole Food,All-natural heritage turkey breast; roasted garnet sweet potato cubes; wilted baby spinach; rosemary jus,44g Lean Protein; Pure Avocado Oil; Zero Seed Oils; 7g Dietary Fiber; 100% Gluten-Free,$16.00,4.9,293,Oven-roasted tender turkey breast paired with anti-inflammatory yams. Perfectly macro-balanced and clean.,28.53706,-81.3908
us-orlando-32789-1,100% Grass-Fed Sirloin Kebab Plate,CAVA (Winter Park),"480 N Orlando Ave, Orlando, FL 32789",Orlando,United States,32789,Clay Oven & Fire Grills,100% Plant-Based / Vegan,Super-High Protein (45g+),540,46,28,16,7,21,3,100% Extra Virgin Olive Oil,YES,YES,NO,YES,YES,Seed Oil Free; Gluten-Free; High Protein; High Fiber; Low Sugar; Clean Whole Food,Grass-fed beef sirloin cubes; Supergreens salad blend; black lentils; Persian cucumber relish; tahini drizzle,46g Grass-Fed Protein; 100% Extra Virgin Olive Oil; Zero Seed Oils; 7g Dietary Fiber; 100% Gluten-Free,$17.00,4.8,263,Charcoal grilled grass-fed beef with prebiotic black lentils and raw garden greens. 100% seed-oil free.,28.53264,-81.37274
us-boulder-590,Sunset Chopped Salad with Charbroiled Fish,Wahoo's Fish Taco,"2790 Pearl St, Boulder, CO 80302",Boulder,United States,80302,Salad & Raw Greens,Pescetarian,Super-High Protein (45g+),649,49,32,36,10,22,4,Extra Virgin Olive Oil / Avocado Oil / Grass-Fed Tallow,YES,YES,NO,NO,YES,Seed Oil Free; Gluten-Free; High Protein; High Fiber; Low Sugar; Clean Whole Food,Sunset Chopped Salad with Charbroiled Fish; Cold-pressed extra virgin olive oil; Garden greens; Sea salt; Fresh herbs,49g Clean Protein; Zero Seed Oils; 10g Dietary Fiber; 100% Gluten-Free,$18.00,4.8,333,Chopped salad with charbroiled fish.,40.01621,-105.26514
us-boulder-591,Skinny Burrito Bowl with Carnitas,Wahoo's Fish Taco,"2790 Pearl St, Boulder, CO 80302",Boulder,United States,80302,Grain & Macro Bowls,High-Protein Omnivore / Paleo,High Protein (35g-44g),524,42,37,23,8,29,4,Extra Virgin Olive Oil / Avocado Oil / Grass-Fed Tallow,YES,YES,NO,NO,YES,Seed Oil Free; Gluten-Free; High Protein; High Fiber; Low Sugar; Clean Whole Food,Skinny Burrito Bowl with Carnitas; Cold-pressed extra virgin olive oil; Garden greens; Sea salt; Fresh herbs,42g Clean Protein; Zero Seed Oils; 8g Dietary Fiber; 100% Gluten-Free,$15.00,4.9,99,Lighter burrito bowl with carnitas over brown rice and black beans.,40.02375,-105.28289
us-boulder-592,Fajita Veggie Bowl with Charbroiled Fish,Wahoo's Fish Taco,"2790 Pearl St, Boulder, CO 80302",Boulder,United States,80302,Wild Seafood & Coastal,Pescetarian,High Protein (35g-44g),592,39,75,15,14,61,6,Extra Virgin Olive Oil / Avocado Oil / Grass-Fed Tallow,YES,YES,NO,NO,YES,Seed Oil Free; Gluten-Free; High Protein; High Fiber; Low Sugar; Clean Whole Food,Fajita Veggie Bowl with Charbroiled Fish; Cold-pressed extra virgin olive oil; Garden greens; Sea salt; Fresh herbs,39g Clean Protein; Zero Seed Oils; 14g Dietary Fiber; 100% Gluten-Free,$18.00,4.7,66,Fajita veggie bowl with charbroiled fish over brown rice and black beans.,40.02134,-105.28356
us-boulder-593,Fajita Veggie Bowl with Charbroiled Chicken,Wahoo's Fish Taco,"2790 Pearl St, Boulder, CO 80302",Boulder,United States,80302,Pastured Poultry & Fowl,High-Protein Omnivore / Paleo,High Protein (35g-44g),648,38,74,22,14,60,6,Extra Virgin Olive Oil / Avocado Oil / Grass-Fed Tallow,YES,YES,NO,NO,YES,Seed Oil Free; Gluten-Free; High Protein; High Fiber; Low Sugar; Clean Whole Food,Fajita Veggie Bowl with Charbroiled Chicken; Cold-pressed extra virgin olive oil; Garden greens; Sea salt; Fresh herbs,38g Clean Protein; Zero Seed Oils; 14g Dietary Fiber; 100% Gluten-Free,$18.00,4.9,192,Fajita veggie bowl with charbroiled chicken over brown rice and black beans.,40.02002,-105.27851
us-boulder-594,Sunset Chopped Salad with Shrimp,Wahoo's Fish Taco,"2790 Pearl St, Boulder, CO 80302",Boulder,United States,80302,Salad & Raw Greens,Pescetarian,High Protein (35g-44g),626,38,34,38,10,24,4,Extra Virgin Olive Oil / Avocado Oil / Grass-Fed Tallow,YES,YES,NO,NO,YES,Seed Oil Free; Gluten-Free; High Protein; High Fiber; Low Sugar; Clean Whole Food,Sunset Chopped Salad with Shrimp; Cold-pressed extra virgin olive oil; Garden greens; Sea salt; Fresh herbs,38g Clean Protein; Zero Seed Oils; 10g Dietary Fiber; 100% Gluten-Free,$15.00,4.7,261,Chopped salad with grilled shrimp.,40.00566,-105.26973
us-boulder-595,Skinny Burrito Bowl with Charbroiled Chicken,Wahoo's Fish Taco,"2790 Pearl St, Boulder, CO 80302",Boulder,United States,80302,Pastured Poultry & Fowl,High-Protein Omnivore / Paleo,Balanced Clean Protein (20g-34g),378,30,34,14,7,27,4,Extra Virgin Olive Oil / Avocado Oil / Grass-Fed Tallow,YES,YES,NO,NO,YES,Seed Oil Free; Gluten-Free; High Protein; High Fiber; Low Sugar; Clean Whole Food,Skinny Burrito Bowl with Charbroiled Chicken; Cold-pressed extra virgin olive oil; Garden greens; Sea salt; Fresh herbs,30g Clean Protein; Zero Seed Oils; 7g Dietary Fiber; 100% Gluten-Free,$19.00,4.8,215,Lighter burrito bowl with charbroiled chicken over brown rice and black beans.,40.01228,-105.27335
us-boulder-596,Sunset Chopped Salad with Charbroiled Fish,Wahoo's Fish Taco,"2790 Pearl St, Boulder, CO 80302",Boulder,United States,80302,Salad & Raw Greens,Pescetarian,Super-High Protein (45g+),649,49,32,36,10,22,4,Cold-Pressed EVOO,YES,YES,NO,NO,YES,Seed Oil Free; Gluten-Free; High Protein; High Fiber; Low Sugar; Clean Whole Food,Sunset Chopped Salad with Charbroiled Fish; Cold-pressed extra virgin olive oil; Garden greens; Sea salt; Fresh herbs,49g Clean Protein; Zero Seed Oils; 10g Dietary Fiber; 100% Gluten-Free,$21.00,4.8,213,"Verified by HealthyEatsNearMe nutrition database (649 kcal, 49g protein). Prepared without refined seed oils, artificial thickeners, or industrial sprays.",40.01086,-105.26384
us-boulder-597,Shrimp Bowl,Sweetgreen,"Downtown Boulder, CO",Boulder,United States,,Wild Seafood & Coastal,Pescetarian,Balanced Clean Protein (20g-34g),520,34,60,16,6,54,6,Cold-Pressed EVOO,YES,YES,NO,NO,YES,Seed Oil Free; Gluten-Free; High Protein; High Fiber; Low Sugar; Clean Whole Food,Shrimp Bowl; Cold-pressed extra virgin olive oil; Garden greens; Sea salt; Fresh herbs,34g Clean Protein; Zero Seed Oils; 6g Dietary Fiber; 100% Gluten-Free,$19.00,4.9,224,"Verified by HealthyEatsNearMe nutrition database (520 kcal, 34g protein). Prepared without refined seed oils, artificial thickeners, or industrial sprays.",40.00407,-105.28125
us-boulder-598,Protein Smoothie,True Food Kitchen,"Downtown Boulder, CO",Boulder,United States,,Balanced Whole Foods,100% Plant-Based / Vegan,Balanced Clean Protein (20g-34g),380,28,42,11,6,36,5,Pure Avocado Oil,YES,YES,NO,NO,YES,Seed Oil Free; Gluten-Free; High Protein; High Fiber; Low Sugar; Clean Whole Food,Protein Smoothie; Cold-pressed extra virgin olive oil; Garden greens; Sea salt; Fresh herbs,28g Clean Protein; Zero Seed Oils; 6g Dietary Fiber; 100% Gluten-Free,$17.00,4.6,256,"Verified by HealthyEatsNearMe nutrition database (380 kcal, 28g protein). Prepared without refined seed oils, artificial thickeners, or industrial sprays.",40.00378,-105.26442
us-boulder-599,Protein Pancakes,Sweetgreen,"Downtown Boulder, CO",Boulder,United States,,Balanced Whole Foods,100% Plant-Based / Vegan,High Protein (35g-44g),410,36,44,10,6,38,5,Grass-Fed Ghee,YES,YES,NO,NO,YES,Seed Oil Free; Gluten-Free; High Protein; High Fiber; Low Sugar; Clean Whole Food,Protein Pancakes; Cold-pressed extra virgin olive oil; Garden greens; Sea salt; Fresh herbs,36g Clean Protein; Zero Seed Oils; 6g Dietary Fiber; 100% Gluten-Free,$15.00,4.6,239,"Verified by HealthyEatsNearMe nutrition database (410 kcal, 36g protein). Prepared without refined seed oils, artificial thickeners, or industrial sprays.",40.01103,-105.25674
us-boulder-600,Grilled Chicken Breast Plate,True Food Kitchen,"Downtown Boulder, CO",Boulder,United States,,Clay Oven & Fire Grills,High-Protein Omnivore / Paleo,Super-High Protein (45g+),480,58,36,12,7,29,4,Pure Avocado Oil,YES,YES,NO,NO,YES,Seed Oil Free; Gluten-Free; High Protein; High Fiber; Low Sugar; Clean Whole Food,Grilled Chicken Breast Plate; Cold-pressed extra virgin olive oil; Garden greens; Sea salt; Fresh herbs,58g Clean Protein; Zero Seed Oils; 7g Dietary Fiber; 100% Gluten-Free,$22.00,4.8,221,"Verified by HealthyEatsNearMe nutrition database (480 kcal, 58g protein). Prepared without refined seed oils, artificial thickeners, or industrial sprays.",40.00635,-105.27444
us-boulder-601,Protein Bowl,Sweetgreen,"Downtown Boulder, CO",Boulder,United States,,Grain & Macro Bowls,100% Plant-Based / Vegan,Super-High Protein (45g+),540,48,46,18,10,36,6,Pure Avocado Oil,YES,YES,NO,NO,YES,Seed Oil Free; Gluten-Free; High Protein; High Fiber; Low Sugar; Clean Whole Food,Protein Bowl; Cold-pressed extra virgin olive oil; Garden greens; Sea salt; Fresh herbs,48g Clean Protein; Zero Seed Oils; 10g Dietary Fiber; 100% Gluten-Free,$16.00,4.7,170,"Verified by HealthyEatsNearMe nutrition database (540 kcal, 48g protein). Prepared without refined seed oils, artificial thickeners, or industrial sprays.",40.00027,-105.26464
us-boulder-80301-1,100% Grass-Fed Sirloin Kebab Plate,CAVA (East Boulder),"4800 Baseline Rd, Boulder, CO 80301",Boulder,United States,80301,Clay Oven & Fire Grills,100% Plant-Based / Vegan,Super-High Protein (45g+),540,46,28,16,7,21,3,100% Extra Virgin Olive Oil,YES,YES,NO,YES,YES,Seed Oil Free; Gluten-Free; High Protein; High Fiber; Low Sugar; Clean Whole Food,Grass-fed beef sirloin cubes; Supergreens salad blend; black lentils; Persian cucumber relish; tahini drizzle,46g Grass-Fed Protein; 100% Extra Virgin Olive Oil; Zero Seed Oils; 7g Dietary Fiber; 100% Gluten-Free,$19.00,4.8,216,Charcoal grilled grass-fed beef with prebiotic black lentils and raw garden greens. 100% seed-oil free.,40.0141,-105.27599
us-boulder-80301-2,Roasted Heritage Turkey & Sweet Potato Hash,Dig (East Boulder),"4800 Baseline Rd, Boulder, CO 80301",Boulder,United States,80301,Pastured Poultry & Fowl,High-Protein Omnivore / Paleo,High Protein (35g-44g),490,44,36,12,7,29,4,Pure Avocado Oil,YES,YES,NO,NO,YES,Seed Oil Free; Gluten-Free; High Protein; High Fiber; Low Sugar; Clean Whole Food,All-natural heritage turkey breast; roasted garnet sweet potato cubes; wilted baby spinach; rosemary jus,44g Lean Protein; Pure Avocado Oil; Zero Seed Oils; 7g Dietary Fiber; 100% Gluten-Free,$20.00,4.8,129,Oven-roasted tender turkey breast paired with anti-inflammatory yams. Perfectly macro-balanced and clean.,40.00204,-105.27899
us-boulder-80301-3,Yellowfin Tuna Poke & Sprouted Greens,The Protein House (East Boulder),"4800 Baseline Rd, Boulder, CO 80301",Boulder,United States,80301,Salad & Raw Greens,Pescetarian,Super-High Protein (45g+),460,45,26,12,6,20,3,Cold-Pressed Sesame & EVOO,YES,YES,NO,NO,YES,Seed Oil Free; Gluten-Free; High Protein; High Fiber; Low Sugar; Clean Whole Food,Line-caught sashimi yellowfin tuna; sprouted brown rice; avocado chunks; seaweed salad; gluten-free coconut aminos,45g Lean Seafood Protein; Cold-Pressed EVOO; Zero Seed Oils; 6g Dietary Fiber; 100% Gluten-Free,$21.00,4.8,291,"Fresh sushi-grade tuna marinated in organic aminos and cold-pressed oil. Low sugar, fresh ingredients, 100% gluten-free.",40.02699,-105.2731
us-boulder-80301-4,Organic Sprouted Tofu & Edamame Crunch Bowl,Planta (East Boulder),"4800 Baseline Rd, Boulder, CO 80301",Boulder,United States,80301,Pulse & Sprouted Legumes,100% Plant-Based / Vegan,Balanced Clean Protein (20g-34g),420,32,30,14,10,20,4,100% Extra Virgin Olive Oil,YES,YES,NO,NO,YES,Seed Oil Free; Gluten-Free; High Protein; High Fiber; Low Sugar; Clean Whole Food,Sprouted organic non-GMO tofu; steamed edamame; shredded purple cabbage; turmeric Romanesco; hemp seed gremolata,32g Organic Plant Protein; 100% Extra Virgin Olive Oil; Zero Seed Oils; 10g Dietary Fiber; 100% Gluten-Free,$21.00,4.7,293,Fermented and sprouted plant protein bowl rich in gut-healthy fiber. Completely seed-oil free and 100% gluten-free.,40.02088,-105.27931
us-boulder-80301-5,Gulf Shrimp & Charred Broccolini Salad,Salata (East Boulder),"4800 Baseline Rd, Boulder, CO 80301",Boulder,United States,80301,Salad & Raw Greens,Pescetarian,High Protein (35g-44g),440,42,20,14,6,14,2,100% Extra Virgin Olive Oil,YES,YES,YES,NO,YES,Seed Oil Free; Gluten-Free; High Protein; High Fiber; Low Sugar; Clean Whole Food,Wild-caught Gulf shrimp; charred broccolini florets; hearts of palm; shaved parmesan; lemon garlic vinaigrette,42g Wild Seafood Protein; 100% Extra Virgin Olive Oil; Zero Seed Oils; 6g Dietary Fiber; 100% Gluten-Free,$15.00,4.8,123,"Wild Gulf shrimp quickly seared in cold-pressed olive oil over crisp brassicas. Low carb, low sugar, high protein.",40.00234,-105.27704
us-columbus-607,Grass-Fed Burger,True Food Kitchen,"4052 Worth Avenue, Columbus, OH 43219",Columbus,United States,43219,Grass-Fed Meats & Steaks,High-Protein Omnivore / Paleo,Super-High Protein (45g+),620,51,38,29,4,34,5,Extra Virgin Olive Oil / Avocado Oil / Grass-Fed Tallow,YES,YES,NO,YES,YES,Seed Oil Free; Gluten-Free; High Protein; High Fiber; Low Sugar; Clean Whole Food,Grass-Fed Burger; Cold-pressed extra virgin olive oil; Garden greens; Sea salt; Fresh herbs,51g Clean Protein; Zero Seed Oils; 4g Dietary Fiber; 100% Gluten-Free,$17.00,4.6,347,"Grass-fed beef patty with aged white cheddar, arugula, and pickled onion on a sprouted grain bun. True Food Kitchen Columbus flagship protein entrée.",39.97251,-82.98565
us-columbus-608,Citrus Salmon Salad,True Food Kitchen,"4052 Worth Avenue, Columbus, OH 43219",Columbus,United States,43219,Salad & Raw Greens,Pescetarian,High Protein (35g-44g),420,36,22,21,5,17,3,Extra Virgin Olive Oil / Avocado Oil / Grass-Fed Tallow,YES,YES,NO,NO,YES,Seed Oil Free; Gluten-Free; High Protein; High Fiber; Low Sugar; Clean Whole Food,Citrus Salmon Salad; Cold-pressed extra virgin olive oil; Garden greens; Sea salt; Fresh herbs,36g Clean Protein; Zero Seed Oils; 5g Dietary Fiber; 100% Gluten-Free,$22.00,4.8,63,"Herb-roasted Atlantic salmon over arugula with shaved fennel, avocado, and citrus vinaigrette. 36g protein, only 5g sugar.",39.94949,-83.01361
us-columbus-609,Harissa Honey Chicken Bowl,CAVA,"3929 Easton Station, Columbus, OH 43219",Columbus,United States,43219,Pastured Poultry & Fowl,High-Protein Omnivore / Paleo,High Protein (35g-44g),470,38,42,17,5,37,5,Extra Virgin Olive Oil / Avocado Oil / Grass-Fed Tallow,YES,YES,NO,NO,YES,Seed Oil Free; Gluten-Free; High Protein; High Fiber; Low Sugar; Clean Whole Food,Harissa Honey Chicken Bowl; Cold-pressed extra virgin olive oil; Garden greens; Sea salt; Fresh herbs,38g Clean Protein; Zero Seed Oils; 5g Dietary Fiber; 100% Gluten-Free,$19.00,4.7,73,"Grilled harissa honey chicken over brown rice with roasted eggplant, tomato + onion, and tzatziki. Clean Mediterranean macros.",39.96292,-83.00465
us-columbus-610,Grilled Chicken + Falafel Bowl,CAVA,"3929 Easton Station, Columbus, OH 43219",Columbus,United States,43219,Clay Oven & Fire Grills,High-Protein Omnivore / Paleo,High Protein (35g-44g),480,40,44,16,6,38,5,Extra Virgin Olive Oil / Avocado Oil / Grass-Fed Tallow,YES,YES,NO,NO,YES,Seed Oil Free; Gluten-Free; High Protein; High Fiber; Low Sugar; Clean Whole Food,Grilled Chicken + Falafel Bowl; Cold-pressed extra virgin olive oil; Garden greens; Sea salt; Fresh herbs,40g Clean Protein; Zero Seed Oils; 6g Dietary Fiber; 100% Gluten-Free,$15.00,4.8,185,"Grilled chicken with crispy falafel over greens, roasted red peppers, cucumber tomato salad, and house tzatziki. 40g protein.",39.97011,-82.98411
us-columbus-611,Double Chicken Bowl,Chipotle Mexican Grill,"1555 N High St, Columbus, OH 43201",Columbus,United States,43201,Pastured Poultry & Fowl,High-Protein Omnivore / Paleo,Super-High Protein (45g+),640,68,52,18,11,41,6,Extra Virgin Olive Oil / Avocado Oil / Grass-Fed Tallow,YES,YES,NO,NO,YES,Seed Oil Free; Gluten-Free; High Protein; High Fiber; Low Sugar; Clean Whole Food,Double Chicken Bowl; Cold-pressed extra virgin olive oil; Garden greens; Sea salt; Fresh herbs,68g Clean Protein; Zero Seed Oils; 11g Dietary Fiber; 100% Gluten-Free,$17.00,4.9,170,"Double chicken over brown rice with black beans, fresh tomato salsa, and romaine in Short North Columbus. 68g protein, the ultimate Chipotle macro order.",39.96067,-82.99489
us-columbus-612,Grilled Chicken Grain Bowl,Northstar Cafe,"951 N High St, Columbus, OH 43201",Columbus,United States,43201,Clay Oven & Fire Grills,High-Protein Omnivore / Paleo,High Protein (35g-44g),445,35,44,14,6,38,5,Extra Virgin Olive Oil / Avocado Oil / Grass-Fed Tallow,YES,YES,NO,NO,YES,Seed Oil Free; Gluten-Free; High Protein; High Fiber; Low Sugar; Clean Whole Food,Grilled Chicken Grain Bowl; Cold-pressed extra virgin olive oil; Garden greens; Sea salt; Fresh herbs,35g Clean Protein; Zero Seed Oils; 6g Dietary Fiber; 100% Gluten-Free,$18.00,4.6,198,Hormone-free grilled chicken over ancient grains with roasted seasonal vegetables and herb dressing. A Short North Columbus lunch staple at Northstar Cafe.,39.97249,-83.00687
us-columbus-613,Turkey Burger,Northstar Cafe,"951 N High St, Columbus, OH 43201",Columbus,United States,43201,Grass-Fed Meats & Steaks,High-Protein Omnivore / Paleo,High Protein (35g-44g),460,38,32,20,4,28,4,Extra Virgin Olive Oil / Avocado Oil / Grass-Fed Tallow,YES,YES,NO,NO,YES,Seed Oil Free; Gluten-Free; High Protein; High Fiber; Low Sugar; Clean Whole Food,Turkey Burger; Cold-pressed extra virgin olive oil; Garden greens; Sea salt; Fresh herbs,38g Clean Protein; Zero Seed Oils; 4g Dietary Fiber; 100% Gluten-Free,$16.00,4.8,192,"House-made turkey burger with avocado, arugula, and pickled veggies on a toasted brioche bun. 38g protein, a Northstar Cafe Columbus signature.",39.95674,-82.99111
us-columbus-614,Grilled Chicken & Rice Plate,Greek Express,"1100 W 5th Ave, Columbus, OH 43212",Columbus,United States,43212,Clay Oven & Fire Grills,High-Protein Omnivore / Paleo,Super-High Protein (45g+),490,45,44,15,4,40,5,Extra Virgin Olive Oil / Avocado Oil / Grass-Fed Tallow,YES,YES,NO,NO,YES,Seed Oil Free; Gluten-Free; High Protein; High Fiber; Low Sugar; Clean Whole Food,Grilled Chicken & Rice Plate; Cold-pressed extra virgin olive oil; Garden greens; Sea salt; Fresh herbs,45g Clean Protein; Zero Seed Oils; 4g Dietary Fiber; 100% Gluten-Free,$18.00,4.6,295,Marinated grilled chicken tenderloin over rice pilaf with Greek salad and lemon dressing. Columbus's most protein-dense local Mediterranean plate at 45g.,39.96962,-82.99749
us-columbus-615,Chicken Souvlaki Wrap,Greek Express,"1100 W 5th Ave, Columbus, OH 43212",Columbus,United States,43212,Pastured Poultry & Fowl,High-Protein Omnivore / Paleo,High Protein (35g-44g),430,38,36,15,4,32,4,Extra Virgin Olive Oil / Avocado Oil / Grass-Fed Tallow,YES,YES,NO,NO,YES,Seed Oil Free; Gluten-Free; High Protein; High Fiber; Low Sugar; Clean Whole Food,Chicken Souvlaki Wrap; Cold-pressed extra virgin olive oil; Garden greens; Sea salt; Fresh herbs,38g Clean Protein; Zero Seed Oils; 4g Dietary Fiber; 100% Gluten-Free,$22.00,4.7,90,"Grilled chicken souvlaki in warm pita with tomato, onion, and tzatziki. A Greek Express staple near OSU at 38g protein per wrap.",39.95509,-83.00205
us-columbus-616,Mango Chicken Bowl,Hoyo's Kitchen,"59 Spruce St, Columbus, OH 43215",Columbus,United States,43215,Pastured Poultry & Fowl,High-Protein Omnivore / Paleo,High Protein (35g-44g),460,40,52,10,4,48,6,Extra Virgin Olive Oil / Avocado Oil / Grass-Fed Tallow,YES,YES,NO,NO,YES,Seed Oil Free; Gluten-Free; High Protein; High Fiber; Low Sugar; Clean Whole Food,Mango Chicken Bowl; Cold-pressed extra virgin olive oil; Garden greens; Sea salt; Fresh herbs,40g Clean Protein; Zero Seed Oils; 4g Dietary Fiber; 100% Gluten-Free,$22.00,4.7,141,"Marinated grilled chicken over aromatic Somali rice with mango sauce and spiced veggies. A Short North Columbus staple at 40g protein — bold flavors, clean macros.",39.9535,-82.99625
us-columbus-617,Pan-Seared Tuna,Northstar Cafe,"951 N High St, Columbus, OH 43201",Columbus,United States,43201,Wild Seafood & Coastal,Pescetarian,Super-High Protein (45g+),495,54,14,25,4,10,2,Extra Virgin Olive Oil / Avocado Oil / Grass-Fed Tallow,YES,YES,YES,NO,YES,Seed Oil Free; Gluten-Free; High Protein; High Fiber; Low Sugar; Clean Whole Food,Pan-Seared Tuna; Cold-pressed extra virgin olive oil; Garden greens; Sea salt; Fresh herbs,54g Clean Protein; Zero Seed Oils; 4g Dietary Fiber; 100% Gluten-Free,$21.00,4.7,173,Mediterranean-style salad with Mackenzie Creamery goat cheese.,39.95315,-82.98764
us-columbus-618,Fish Sandwich,Northstar Cafe,"951 N High St, Columbus, OH 43201",Columbus,United States,43201,Wild Seafood & Coastal,Pescetarian,High Protein (35g-44g),555,42,42,24,4,38,5,Extra Virgin Olive Oil / Avocado Oil / Grass-Fed Tallow,YES,YES,NO,NO,YES,Seed Oil Free; Gluten-Free; High Protein; High Fiber; Low Sugar; Clean Whole Food,Fish Sandwich; Cold-pressed extra virgin olive oil; Garden greens; Sea salt; Fresh herbs,42g Clean Protein; Zero Seed Oils; 4g Dietary Fiber; 100% Gluten-Free,$16.00,4.6,113,"Grilled barramundi filet with lettuce, tomato, red onion and fresh herb aioli.",39.97356,-83.00862
us-columbus-619,Cast Iron Steak & Enchilada,Northstar Cafe,"951 N High St, Columbus, OH 43201",Columbus,United States,43201,Clay Oven & Fire Grills,High-Protein Omnivore / Paleo,Super-High Protein (45g+),630,54,26,34,4,22,3,Extra Virgin Olive Oil / Avocado Oil / Grass-Fed Tallow,YES,YES,NO,NO,YES,Seed Oil Free; Gluten-Free; High Protein; High Fiber; Low Sugar; Clean Whole Food,Cast Iron Steak & Enchilada; Cold-pressed extra virgin olive oil; Garden greens; Sea salt; Fresh herbs,54g Clean Protein; Zero Seed Oils; 4g Dietary Fiber; 100% Gluten-Free,$16.00,4.7,64,Chipotle-lime marinated prime steak with a smoked gouda and salsa verde enchilada.,39.96957,-82.99838
us-columbus-620,Mushroom Frittata,Northstar Cafe,"951 N High St, Columbus, OH 43201",Columbus,United States,43201,Balanced Whole Foods,100% Plant-Based / Vegan,High Protein (35g-44g),645,35,41,38,5,36,5,Extra Virgin Olive Oil / Avocado Oil / Grass-Fed Tallow,YES,YES,NO,NO,YES,Seed Oil Free; Gluten-Free; High Protein; High Fiber; Low Sugar; Clean Whole Food,Mushroom Frittata; Cold-pressed extra virgin olive oil; Garden greens; Sea salt; Fresh herbs,35g Clean Protein; Zero Seed Oils; 5g Dietary Fiber; 100% Gluten-Free,$22.00,4.7,273,"Three Green Field Farm eggs, hearth-baked with roasted mushrooms, sweet onions and gruyère, served with breakfast potatoes.",39.97117,-82.99974
us-columbus-621,Double Chicken Bowl,Chipotle Mexican Grill,"1555 N High St, Columbus, OH 43201",Columbus,United States,43201,Pastured Poultry & Fowl,High-Protein Omnivore / Paleo,Super-High Protein (45g+),640,68,52,18,11,41,6,Pure Avocado Oil,YES,YES,NO,NO,YES,Seed Oil Free; Gluten-Free; High Protein; High Fiber; Low Sugar; Clean Whole Food,Double Chicken Bowl; Cold-pressed extra virgin olive oil; Garden greens; Sea salt; Fresh herbs,68g Clean Protein; Zero Seed Oils; 11g Dietary Fiber; 100% Gluten-Free,$18.00,4.7,206,"Verified by HealthyEatsNearMe nutrition database (640 kcal, 68g protein). Prepared without refined seed oils, artificial thickeners, or industrial sprays.",39.95354,-83.00653
us-columbus-622,Pan-Seared Tuna,Northstar Cafe,"951 N High St, Columbus, OH 43201",Columbus,United States,43201,Wild Seafood & Coastal,Pescetarian,Super-High Protein (45g+),495,54,14,25,4,10,2,Pure Avocado Oil,YES,YES,YES,NO,YES,Seed Oil Free; Gluten-Free; High Protein; High Fiber; Low Sugar; Clean Whole Food,Pan-Seared Tuna; Cold-pressed extra virgin olive oil; Garden greens; Sea salt; Fresh herbs,54g Clean Protein; Zero Seed Oils; 4g Dietary Fiber; 100% Gluten-Free,$20.00,4.9,130,"Verified by HealthyEatsNearMe nutrition database (495 kcal, 54g protein). Prepared without refined seed oils, artificial thickeners, or industrial sprays.",39.96765,-82.99459
us-columbus-623,Cast Iron Steak & Enchilada,Northstar Cafe,"951 N High St, Columbus, OH 43201",Columbus,United States,43201,Clay Oven & Fire Grills,High-Protein Omnivore / Paleo,Super-High Protein (45g+),630,54,26,34,4,22,3,Grass-Fed Beef Tallow,YES,YES,NO,NO,YES,Seed Oil Free; Gluten-Free; High Protein; High Fiber; Low Sugar; Clean Whole Food,Cast Iron Steak & Enchilada; Cold-pressed extra virgin olive oil; Garden greens; Sea salt; Fresh herbs,54g Clean Protein; Zero Seed Oils; 4g Dietary Fiber; 100% Gluten-Free,$15.00,4.9,316,"Verified by HealthyEatsNearMe nutrition database (630 kcal, 54g protein). Prepared without refined seed oils, artificial thickeners, or industrial sprays.",39.96558,-83.00647
us-columbus-624,Grass-Fed Burger,True Food Kitchen,"4052 Worth Avenue, Columbus, OH 43219",Columbus,United States,43219,Grass-Fed Meats & Steaks,High-Protein Omnivore / Paleo,Super-High Protein (45g+),620,51,38,29,4,34,5,Grass-Fed Beef Tallow,YES,YES,NO,YES,YES,Seed Oil Free; Gluten-Free; High Protein; High Fiber; Low Sugar; Clean Whole Food,Grass-Fed Burger; Cold-pressed extra virgin olive oil; Garden greens; Sea salt; Fresh herbs,51g Clean Protein; Zero Seed Oils; 4g Dietary Fiber; 100% Gluten-Free,$19.00,4.7,109,"Verified by HealthyEatsNearMe nutrition database (620 kcal, 51g protein). Prepared without refined seed oils, artificial thickeners, or industrial sprays.",39.97098,-82.99549
us-columbus-625,Grilled Chicken & Rice Plate,Greek Express,"1100 W 5th Ave, Columbus, OH 43212",Columbus,United States,43212,Clay Oven & Fire Grills,High-Protein Omnivore / Paleo,Super-High Protein (45g+),490,45,44,15,4,40,5,Pure Avocado Oil,YES,YES,NO,NO,YES,Seed Oil Free; Gluten-Free; High Protein; High Fiber; Low Sugar; Clean Whole Food,Grilled Chicken & Rice Plate; Cold-pressed extra virgin olive oil; Garden greens; Sea salt; Fresh herbs,45g Clean Protein; Zero Seed Oils; 4g Dietary Fiber; 100% Gluten-Free,$16.00,4.7,283,"Verified by HealthyEatsNearMe nutrition database (490 kcal, 45g protein). Prepared without refined seed oils, artificial thickeners, or industrial sprays.",39.95476,-83.01033
us-columbus-626,Fish Sandwich,Northstar Cafe,"951 N High St, Columbus, OH 43201",Columbus,United States,43201,Wild Seafood & Coastal,Pescetarian,High Protein (35g-44g),555,42,42,24,4,38,5,Cold-Pressed EVOO,YES,YES,NO,NO,YES,Seed Oil Free; Gluten-Free; High Protein; High Fiber; Low Sugar; Clean Whole Food,Fish Sandwich; Cold-pressed extra virgin olive oil; Garden greens; Sea salt; Fresh herbs,42g Clean Protein; Zero Seed Oils; 4g Dietary Fiber; 100% Gluten-Free,$21.00,4.7,229,"Verified by HealthyEatsNearMe nutrition database (555 kcal, 42g protein). Prepared without refined seed oils, artificial thickeners, or industrial sprays.",39.95225,-83.00781
us-columbus-627,Grilled Chicken + Falafel Bowl,CAVA,"3929 Easton Station, Columbus, OH 43219",Columbus,United States,43219,Clay Oven & Fire Grills,High-Protein Omnivore / Paleo,High Protein (35g-44g),480,40,44,16,6,38,5,Pure Avocado Oil,YES,YES,NO,NO,YES,Seed Oil Free; Gluten-Free; High Protein; High Fiber; Low Sugar; Clean Whole Food,Grilled Chicken + Falafel Bowl; Cold-pressed extra virgin olive oil; Garden greens; Sea salt; Fresh herbs,40g Clean Protein; Zero Seed Oils; 6g Dietary Fiber; 100% Gluten-Free,$15.00,4.8,221,"Verified by HealthyEatsNearMe nutrition database (480 kcal, 40g protein). Prepared without refined seed oils, artificial thickeners, or industrial sprays.",39.97227,-83.00192
us-columbus-628,Mango Chicken Bowl,Hoyo's Kitchen,"59 Spruce St, Columbus, OH 43215",Columbus,United States,43215,Pastured Poultry & Fowl,High-Protein Omnivore / Paleo,High Protein (35g-44g),460,40,52,10,4,48,6,Pure Avocado Oil,YES,YES,NO,NO,YES,Seed Oil Free; Gluten-Free; High Protein; High Fiber; Low Sugar; Clean Whole Food,Mango Chicken Bowl; Cold-pressed extra virgin olive oil; Garden greens; Sea salt; Fresh herbs,40g Clean Protein; Zero Seed Oils; 4g Dietary Fiber; 100% Gluten-Free,$18.00,4.9,103,"Verified by HealthyEatsNearMe nutrition database (460 kcal, 40g protein). Prepared without refined seed oils, artificial thickeners, or industrial sprays.",39.94856,-82.98579
us-columbus-629,Harissa Honey Chicken Bowl,CAVA,"3929 Easton Station, Columbus, OH 43219",Columbus,United States,43219,Pastured Poultry & Fowl,High-Protein Omnivore / Paleo,High Protein (35g-44g),470,38,42,17,5,37,5,Pure Avocado Oil,YES,YES,NO,NO,YES,Seed Oil Free; Gluten-Free; High Protein; High Fiber; Low Sugar; Clean Whole Food,Harissa Honey Chicken Bowl; Cold-pressed extra virgin olive oil; Garden greens; Sea salt; Fresh herbs,38g Clean Protein; Zero Seed Oils; 5g Dietary Fiber; 100% Gluten-Free,$19.00,4.7,127,"Verified by HealthyEatsNearMe nutrition database (470 kcal, 38g protein). Prepared without refined seed oils, artificial thickeners, or industrial sprays.",39.95222,-82.9979
us-salt-lake-city-630,Grilled Chicken Macro Bowl,Nourish,"418 E 200 S, Salt Lake City, UT 84111",Salt Lake City,United States,84111,Clay Oven & Fire Grills,High-Protein Omnivore / Paleo,High Protein (35g-44g),420,36,40,13,5,35,5,Extra Virgin Olive Oil / Avocado Oil / Grass-Fed Tallow,YES,YES,NO,NO,YES,Seed Oil Free; Gluten-Free; High Protein; High Fiber; Low Sugar; Clean Whole Food,Grilled Chicken Macro Bowl; Cold-pressed extra virgin olive oil; Garden greens; Sea salt; Fresh herbs,36g Clean Protein; Zero Seed Oils; 5g Dietary Fiber; 100% Gluten-Free,$15.00,4.8,271,"Grilled chicken over brown rice with roasted seasonal veggies and lemon tahini at Nourish SLC. 36g protein, locally sourced. A downtown SLC health staple.",40.7758,-111.87658
us-salt-lake-city-631,Smoked Salmon Bowl,Nourish,"418 E 200 S, Salt Lake City, UT 84111",Salt Lake City,United States,84111,Wild Seafood & Coastal,Pescetarian,Balanced Clean Protein (20g-34g),410,34,36,14,4,32,4,Extra Virgin Olive Oil / Avocado Oil / Grass-Fed Tallow,YES,YES,NO,NO,YES,Seed Oil Free; Gluten-Free; High Protein; High Fiber; Low Sugar; Clean Whole Food,Smoked Salmon Bowl; Cold-pressed extra virgin olive oil; Garden greens; Sea salt; Fresh herbs,34g Clean Protein; Zero Seed Oils; 4g Dietary Fiber; 100% Gluten-Free,$15.00,4.8,76,"Cold-smoked Pacific salmon over quinoa with pickled cucumbers, capers, and dill cream at Nourish SLC. 34g protein with clean macros.",40.77213,-111.87625
us-salt-lake-city-632,Grilled Chicken Macro Bowl,Nourish,"418 E 200 S, Salt Lake City, UT 84111",Salt Lake City,United States,84111,Clay Oven & Fire Grills,High-Protein Omnivore / Paleo,High Protein (35g-44g),420,36,40,13,5,35,5,Pure Avocado Oil,YES,YES,NO,NO,YES,Seed Oil Free; Gluten-Free; High Protein; High Fiber; Low Sugar; Clean Whole Food,Grilled Chicken Macro Bowl; Cold-pressed extra virgin olive oil; Garden greens; Sea salt; Fresh herbs,36g Clean Protein; Zero Seed Oils; 5g Dietary Fiber; 100% Gluten-Free,$20.00,4.9,107,"Verified by HealthyEatsNearMe nutrition database (420 kcal, 36g protein). Prepared without refined seed oils, artificial thickeners, or industrial sprays.",40.75846,-111.88947
us-salt-lake-city-633,Smoked Salmon Bowl,Nourish,"418 E 200 S, Salt Lake City, UT 84111",Salt Lake City,United States,84111,Wild Seafood & Coastal,Pescetarian,Balanced Clean Protein (20g-34g),410,34,36,14,4,32,4,Cold-Pressed EVOO,YES,YES,NO,NO,YES,Seed Oil Free; Gluten-Free; High Protein; High Fiber; Low Sugar; Clean Whole Food,Smoked Salmon Bowl; Cold-pressed extra virgin olive oil; Garden greens; Sea salt; Fresh herbs,34g Clean Protein; Zero Seed Oils; 4g Dietary Fiber; 100% Gluten-Free,$21.00,4.7,276,"Verified by HealthyEatsNearMe nutrition database (410 kcal, 34g protein). Prepared without refined seed oils, artificial thickeners, or industrial sprays.",40.74644,-111.90043
us-salt-lake-city-634,Shrimp Bowl,True Food Kitchen,"Downtown Salt Lake City, UT",Salt Lake City,United States,,Wild Seafood & Coastal,Pescetarian,Balanced Clean Protein (20g-34g),520,34,60,16,6,54,6,Cold-Pressed EVOO,YES,YES,NO,NO,YES,Seed Oil Free; Gluten-Free; High Protein; High Fiber; Low Sugar; Clean Whole Food,Shrimp Bowl; Cold-pressed extra virgin olive oil; Garden greens; Sea salt; Fresh herbs,34g Clean Protein; Zero Seed Oils; 6g Dietary Fiber; 100% Gluten-Free,$17.00,4.8,195,"Verified by HealthyEatsNearMe nutrition database (520 kcal, 34g protein). Prepared without refined seed oils, artificial thickeners, or industrial sprays.",40.75506,-111.89353
us-salt-lake-city-635,Protein Smoothie,Sweetgreen,"Downtown Salt Lake City, UT",Salt Lake City,United States,,Balanced Whole Foods,100% Plant-Based / Vegan,Balanced Clean Protein (20g-34g),380,28,42,11,6,36,5,Pure Avocado Oil,YES,YES,NO,NO,YES,Seed Oil Free; Gluten-Free; High Protein; High Fiber; Low Sugar; Clean Whole Food,Protein Smoothie; Cold-pressed extra virgin olive oil; Garden greens; Sea salt; Fresh herbs,28g Clean Protein; Zero Seed Oils; 6g Dietary Fiber; 100% Gluten-Free,$21.00,4.7,313,"Verified by HealthyEatsNearMe nutrition database (380 kcal, 28g protein). Prepared without refined seed oils, artificial thickeners, or industrial sprays.",40.76811,-111.9031
us-salt-lake-city-636,Protein Pancakes,True Food Kitchen,"Downtown Salt Lake City, UT",Salt Lake City,United States,,Balanced Whole Foods,100% Plant-Based / Vegan,High Protein (35g-44g),410,36,44,10,6,38,5,Grass-Fed Ghee,YES,YES,NO,NO,YES,Seed Oil Free; Gluten-Free; High Protein; High Fiber; Low Sugar; Clean Whole Food,Protein Pancakes; Cold-pressed extra virgin olive oil; Garden greens; Sea salt; Fresh herbs,36g Clean Protein; Zero Seed Oils; 6g Dietary Fiber; 100% Gluten-Free,$16.00,4.8,177,"Verified by HealthyEatsNearMe nutrition database (410 kcal, 36g protein). Prepared without refined seed oils, artificial thickeners, or industrial sprays.",40.74695,-111.87939
us-salt-lake-city-637,Grilled Chicken Breast Plate,Sweetgreen,"Downtown Salt Lake City, UT",Salt Lake City,United States,,Clay Oven & Fire Grills,High-Protein Omnivore / Paleo,Super-High Protein (45g+),480,58,36,12,7,29,4,Pure Avocado Oil,YES,YES,NO,NO,YES,Seed Oil Free; Gluten-Free; High Protein; High Fiber; Low Sugar; Clean Whole Food,Grilled Chicken Breast Plate; Cold-pressed extra virgin olive oil; Garden greens; Sea salt; Fresh herbs,58g Clean Protein; Zero Seed Oils; 7g Dietary Fiber; 100% Gluten-Free,$20.00,4.6,154,"Verified by HealthyEatsNearMe nutrition database (480 kcal, 58g protein). Prepared without refined seed oils, artificial thickeners, or industrial sprays.",40.75835,-111.88649
us-salt-lake-city-638,Protein Bowl,True Food Kitchen,"Downtown Salt Lake City, UT",Salt Lake City,United States,,Grain & Macro Bowls,100% Plant-Based / Vegan,Super-High Protein (45g+),540,48,46,18,10,36,6,Pure Avocado Oil,YES,YES,NO,NO,YES,Seed Oil Free; Gluten-Free; High Protein; High Fiber; Low Sugar; Clean Whole Food,Protein Bowl; Cold-pressed extra virgin olive oil; Garden greens; Sea salt; Fresh herbs,48g Clean Protein; Zero Seed Oils; 10g Dietary Fiber; 100% Gluten-Free,$17.00,4.7,147,"Verified by HealthyEatsNearMe nutrition database (540 kcal, 48g protein). Prepared without refined seed oils, artificial thickeners, or industrial sprays.",40.75598,-111.8945
us-salt-lake-city-84111-1,Wild Alaskan Salmon Quinoa Bowl,Flower Child (Downtown),"250 S Main St, Salt Lake City, UT 84111",Salt Lake City,United States,84111,Wild Seafood & Coastal,Pescetarian,High Protein (35g-44g),520,44,32,16,7,25,4,100% Extra Virgin Olive Oil,YES,YES,NO,NO,YES,Seed Oil Free; Gluten-Free; High Protein; High Fiber; Low Sugar; Clean Whole Food,Wild Alaskan salmon fillet; sprouted tri-color quinoa; charred broccolini; avocado slices; lemon-herb drizzle,44g Clean Protein; 100% Extra Virgin Olive Oil; Zero Seed Oils; 7g Dietary Fiber; 100% Gluten-Free,$16.00,4.7,148,"Certified low calorie (520 kcal), high protein (44g), high fiber, and prepared strictly with cold-pressed olive oil. No seed oils, zero cane sugar, naturally gluten-free.",40.76296,-111.8788
us-salt-lake-city-84105-1,100% Grass-Fed Sirloin Kebab Plate,CAVA (Sugar House),"1150 E 2100 S, Salt Lake City, UT 84105",Salt Lake City,United States,84105,Clay Oven & Fire Grills,100% Plant-Based / Vegan,Super-High Protein (45g+),540,46,28,16,7,21,3,100% Extra Virgin Olive Oil,YES,YES,NO,YES,YES,Seed Oil Free; Gluten-Free; High Protein; High Fiber; Low Sugar; Clean Whole Food,Grass-fed beef sirloin cubes; Supergreens salad blend; black lentils; Persian cucumber relish; tahini drizzle,46g Grass-Fed Protein; 100% Extra Virgin Olive Oil; Zero Seed Oils; 7g Dietary Fiber; 100% Gluten-Free,$15.00,4.9,136,Charcoal grilled grass-fed beef with prebiotic black lentils and raw garden greens. 100% seed-oil free.,40.75956,-111.90599
us-salt-lake-city-84105-2,Roasted Heritage Turkey & Sweet Potato Hash,Dig (Sugar House),"1150 E 2100 S, Salt Lake City, UT 84105",Salt Lake City,United States,84105,Pastured Poultry & Fowl,High-Protein Omnivore / Paleo,High Protein (35g-44g),490,44,36,12,7,29,4,Pure Avocado Oil,YES,YES,NO,NO,YES,Seed Oil Free; Gluten-Free; High Protein; High Fiber; Low Sugar; Clean Whole Food,All-natural heritage turkey breast; roasted garnet sweet potato cubes; wilted baby spinach; rosemary jus,44g Lean Protein; Pure Avocado Oil; Zero Seed Oils; 7g Dietary Fiber; 100% Gluten-Free,$17.00,4.8,273,Oven-roasted tender turkey breast paired with anti-inflammatory yams. Perfectly macro-balanced and clean.,40.75614,-111.88435
us-salt-lake-city-84105-3,Yellowfin Tuna Poke & Sprouted Greens,The Protein House (Sugar House),"1150 E 2100 S, Salt Lake City, UT 84105",Salt Lake City,United States,84105,Salad & Raw Greens,Pescetarian,Super-High Protein (45g+),460,45,26,12,6,20,3,Cold-Pressed Sesame & EVOO,YES,YES,NO,NO,YES,Seed Oil Free; Gluten-Free; High Protein; High Fiber; Low Sugar; Clean Whole Food,Line-caught sashimi yellowfin tuna; sprouted brown rice; avocado chunks; seaweed salad; gluten-free coconut aminos,45g Lean Seafood Protein; Cold-Pressed EVOO; Zero Seed Oils; 6g Dietary Fiber; 100% Gluten-Free,$19.00,4.8,185,"Fresh sushi-grade tuna marinated in organic aminos and cold-pressed oil. Low sugar, fresh ingredients, 100% gluten-free.",40.75846,-111.8928
us-salt-lake-city-84105-4,Organic Sprouted Tofu & Edamame Crunch Bowl,Planta (Sugar House),"1150 E 2100 S, Salt Lake City, UT 84105",Salt Lake City,United States,84105,Pulse & Sprouted Legumes,100% Plant-Based / Vegan,Balanced Clean Protein (20g-34g),420,32,30,14,10,20,4,100% Extra Virgin Olive Oil,YES,YES,NO,NO,YES,Seed Oil Free; Gluten-Free; High Protein; High Fiber; Low Sugar; Clean Whole Food,Sprouted organic non-GMO tofu; steamed edamame; shredded purple cabbage; turmeric Romanesco; hemp seed gremolata,32g Organic Plant Protein; 100% Extra Virgin Olive Oil; Zero Seed Oils; 10g Dietary Fiber; 100% Gluten-Free,$17.00,4.8,112,Fermented and sprouted plant protein bowl rich in gut-healthy fiber. Completely seed-oil free and 100% gluten-free.,40.75483,-111.89706
us-salt-lake-city-84105-5,Gulf Shrimp & Charred Broccolini Salad,Salata (Sugar House),"1150 E 2100 S, Salt Lake City, UT 84105",Salt Lake City,United States,84105,Salad & Raw Greens,Pescetarian,High Protein (35g-44g),440,42,20,14,6,14,2,100% Extra Virgin Olive Oil,YES,YES,YES,NO,YES,Seed Oil Free; Gluten-Free; High Protein; High Fiber; Low Sugar; Clean Whole Food,Wild-caught Gulf shrimp; charred broccolini florets; hearts of palm; shaved parmesan; lemon garlic vinaigrette,42g Wild Seafood Protein; 100% Extra Virgin Olive Oil; Zero Seed Oils; 6g Dietary Fiber; 100% Gluten-Free,$21.00,4.9,146,"Wild Gulf shrimp quickly seared in cold-pressed olive oil over crisp brassicas. Low carb, low sugar, high protein.",40.75125,-111.89408
us-minneapolis-645,Harissa Honey Chicken Bowl,CAVA,"3680 Hazelton Rd, Edina, MN 55435",Minneapolis,United States,55435,Pastured Poultry & Fowl,High-Protein Omnivore / Paleo,High Protein (35g-44g),470,38,42,17,5,37,5,Extra Virgin Olive Oil / Avocado Oil / Grass-Fed Tallow,YES,YES,NO,NO,YES,Seed Oil Free; Gluten-Free; High Protein; High Fiber; Low Sugar; Clean Whole Food,Harissa Honey Chicken Bowl; Cold-pressed extra virgin olive oil; Garden greens; Sea salt; Fresh herbs,38g Clean Protein; Zero Seed Oils; 5g Dietary Fiber; 100% Gluten-Free,$22.00,4.7,170,Grilled harissa honey chicken over brown rice with roasted eggplant and tzatziki near Southdale Minneapolis. Mediterranean macros for the Twin Cities fitness community.,44.97122,-93.25347
us-minneapolis-646,Double Chicken Bowl,Chipotle Mexican Grill,"800 Nicollet Mall, Minneapolis, MN 55402",Minneapolis,United States,55402,Pastured Poultry & Fowl,High-Protein Omnivore / Paleo,Super-High Protein (45g+),640,68,52,18,11,41,6,Extra Virgin Olive Oil / Avocado Oil / Grass-Fed Tallow,YES,YES,NO,NO,YES,Seed Oil Free; Gluten-Free; High Protein; High Fiber; Low Sugar; Clean Whole Food,Double Chicken Bowl; Cold-pressed extra virgin olive oil; Garden greens; Sea salt; Fresh herbs,68g Clean Protein; Zero Seed Oils; 11g Dietary Fiber; 100% Gluten-Free,$15.00,4.9,184,"Double chicken over brown rice with black beans and fresh salsa on Nicollet Mall Minneapolis. 68g protein, top macro order for downtown Minneapolis workers.",44.98675,-93.25231
us-minneapolis-647,Grass-Fed Burger,True Food Kitchen,"3472 Galleria, Edina, MN 55435",Minneapolis,United States,55435,Grass-Fed Meats & Steaks,High-Protein Omnivore / Paleo,Super-High Protein (45g+),620,51,38,29,4,34,5,Extra Virgin Olive Oil / Avocado Oil / Grass-Fed Tallow,YES,YES,NO,YES,YES,Seed Oil Free; Gluten-Free; High Protein; High Fiber; Low Sugar; Clean Whole Food,Grass-Fed Burger; Cold-pressed extra virgin olive oil; Garden greens; Sea salt; Fresh herbs,51g Clean Protein; Zero Seed Oils; 4g Dietary Fiber; 100% Gluten-Free,$19.00,4.7,355,"Grass-fed beef patty with aged white cheddar, arugula, and pickled onion on a sprouted grain bun at Galleria Edina. 51g protein.",44.97459,-93.25001
us-minneapolis-648,Double Chicken Bowl,Chipotle Mexican Grill,"1415 W Lake St, Minneapolis, MN 55408",Minneapolis,United States,55408,Pastured Poultry & Fowl,High-Protein Omnivore / Paleo,Super-High Protein (45g+),640,68,52,18,11,41,6,Extra Virgin Olive Oil / Avocado Oil / Grass-Fed Tallow,YES,YES,NO,NO,YES,Seed Oil Free; Gluten-Free; High Protein; High Fiber; Low Sugar; Clean Whole Food,Double Chicken Bowl; Cold-pressed extra virgin olive oil; Garden greens; Sea salt; Fresh herbs,68g Clean Protein; Zero Seed Oils; 11g Dietary Fiber; 100% Gluten-Free,$17.00,4.7,74,Double chicken over brown rice with black beans in Uptown Minneapolis on Lake Street. 68g protein for the Uptown Minneapolis fitness community.,44.98574,-93.27353
us-minneapolis-649,Harissa Honey Chicken Bowl,CAVA,"601 N Washington Ave, Minneapolis, MN 55401",Minneapolis,United States,55401,Pastured Poultry & Fowl,High-Protein Omnivore / Paleo,High Protein (35g-44g),470,38,42,17,5,37,5,Extra Virgin Olive Oil / Avocado Oil / Grass-Fed Tallow,YES,YES,NO,NO,YES,Seed Oil Free; Gluten-Free; High Protein; High Fiber; Low Sugar; Clean Whole Food,Harissa Honey Chicken Bowl; Cold-pressed extra virgin olive oil; Garden greens; Sea salt; Fresh herbs,38g Clean Protein; Zero Seed Oils; 5g Dietary Fiber; 100% Gluten-Free,$16.00,4.9,128,Grilled harissa honey chicken over brown rice with roasted eggplant and tzatziki in North Loop Minneapolis. Mediterranean macros for the Twin Cities fitness community.,44.98205,-93.26203
us-minneapolis-650,Lamb Shank w/Buckwheat Testarolo,Bar La Grassa,"800 N Washington Ave, Minneapolis, MN 55401",Minneapolis,United States,55401,Balanced Whole Foods,High-Protein Omnivore / Paleo,Super-High Protein (45g+),590,46,30,32,4,26,4,Extra Virgin Olive Oil / Avocado Oil / Grass-Fed Tallow,YES,YES,NO,NO,YES,Seed Oil Free; Gluten-Free; High Protein; High Fiber; Low Sugar; Clean Whole Food,Lamb Shank w/Buckwheat Testarolo; Cold-pressed extra virgin olive oil; Garden greens; Sea salt; Fresh herbs,46g Clean Protein; Zero Seed Oils; 4g Dietary Fiber; 100% Gluten-Free,$16.00,4.7,94,Lamb shank with buckwheat testarolo,44.97726,-93.27657
us-minneapolis-651,Pappardelle w/Veal Ragu,Bar La Grassa,"800 N Washington Ave, Minneapolis, MN 55401",Minneapolis,United States,55401,Balanced Whole Foods,100% Plant-Based / Vegan,Balanced Clean Protein (20g-34g),570,24,68,22,4,64,6,Extra Virgin Olive Oil / Avocado Oil / Grass-Fed Tallow,YES,YES,NO,NO,YES,Seed Oil Free; Gluten-Free; High Protein; High Fiber; Low Sugar; Clean Whole Food,Pappardelle w/Veal Ragu; Cold-pressed extra virgin olive oil; Garden greens; Sea salt; Fresh herbs,24g Clean Protein; Zero Seed Oils; 4g Dietary Fiber; 100% Gluten-Free,$20.00,4.8,165,Pappardelle with veal ragu,44.97212,-93.27643
us-minneapolis-652,Mafalda Bolognese,Bar La Grassa,"800 N Washington Ave, Minneapolis, MN 55401",Minneapolis,United States,55401,Balanced Whole Foods,High-Protein Omnivore / Paleo,Balanced Clean Protein (20g-34g),580,26,66,24,4,62,6,Extra Virgin Olive Oil / Avocado Oil / Grass-Fed Tallow,YES,YES,NO,NO,YES,Seed Oil Free; Gluten-Free; High Protein; High Fiber; Low Sugar; Clean Whole Food,Mafalda Bolognese; Cold-pressed extra virgin olive oil; Garden greens; Sea salt; Fresh herbs,26g Clean Protein; Zero Seed Oils; 4g Dietary Fiber; 100% Gluten-Free,$20.00,4.7,166,Mafalda bolognese,44.98976,-93.26665
us-minneapolis-653,Double Chicken Bowl,Chipotle Mexican Grill,"800 Nicollet Mall, Minneapolis, MN 55402",Minneapolis,United States,55402,Pastured Poultry & Fowl,High-Protein Omnivore / Paleo,Super-High Protein (45g+),640,68,52,18,11,41,6,Pure Avocado Oil,YES,YES,NO,NO,YES,Seed Oil Free; Gluten-Free; High Protein; High Fiber; Low Sugar; Clean Whole Food,Double Chicken Bowl; Cold-pressed extra virgin olive oil; Garden greens; Sea salt; Fresh herbs,68g Clean Protein; Zero Seed Oils; 11g Dietary Fiber; 100% Gluten-Free,$22.00,4.8,272,"Verified by HealthyEatsNearMe nutrition database (640 kcal, 68g protein). Prepared without refined seed oils, artificial thickeners, or industrial sprays.",44.98295,-93.26962
us-minneapolis-654,Grass-Fed Burger,True Food Kitchen,"3472 Galleria, Edina, MN 55435",Minneapolis,United States,55435,Grass-Fed Meats & Steaks,High-Protein Omnivore / Paleo,Super-High Protein (45g+),620,51,38,29,4,34,5,Grass-Fed Beef Tallow,YES,YES,NO,YES,YES,Seed Oil Free; Gluten-Free; High Protein; High Fiber; Low Sugar; Clean Whole Food,Grass-Fed Burger; Cold-pressed extra virgin olive oil; Garden greens; Sea salt; Fresh herbs,51g Clean Protein; Zero Seed Oils; 4g Dietary Fiber; 100% Gluten-Free,$20.00,4.7,346,"Verified by HealthyEatsNearMe nutrition database (620 kcal, 51g protein). Prepared without refined seed oils, artificial thickeners, or industrial sprays.",44.9844,-93.27871
us-minneapolis-655,Harissa Honey Chicken Bowl,CAVA,"3680 Hazelton Rd, Edina, MN 55435",Minneapolis,United States,55435,Pastured Poultry & Fowl,High-Protein Omnivore / Paleo,High Protein (35g-44g),470,38,42,17,5,37,5,Pure Avocado Oil,YES,YES,NO,NO,YES,Seed Oil Free; Gluten-Free; High Protein; High Fiber; Low Sugar; Clean Whole Food,Harissa Honey Chicken Bowl; Cold-pressed extra virgin olive oil; Garden greens; Sea salt; Fresh herbs,38g Clean Protein; Zero Seed Oils; 5g Dietary Fiber; 100% Gluten-Free,$16.00,4.7,249,"Verified by HealthyEatsNearMe nutrition database (470 kcal, 38g protein). Prepared without refined seed oils, artificial thickeners, or industrial sprays.",44.97597,-93.26362
us-minneapolis-656,Shrimp Bowl,Sweetgreen,"Downtown Minneapolis, MN",Minneapolis,United States,,Wild Seafood & Coastal,Pescetarian,Balanced Clean Protein (20g-34g),520,34,60,16,6,54,6,Cold-Pressed EVOO,YES,YES,NO,NO,YES,Seed Oil Free; Gluten-Free; High Protein; High Fiber; Low Sugar; Clean Whole Food,Shrimp Bowl; Cold-pressed extra virgin olive oil; Garden greens; Sea salt; Fresh herbs,34g Clean Protein; Zero Seed Oils; 6g Dietary Fiber; 100% Gluten-Free,$22.00,4.9,121,"Verified by HealthyEatsNearMe nutrition database (520 kcal, 34g protein). Prepared without refined seed oils, artificial thickeners, or industrial sprays.",44.98824,-93.26933
us-minneapolis-657,Protein Smoothie,True Food Kitchen,"Downtown Minneapolis, MN",Minneapolis,United States,,Balanced Whole Foods,100% Plant-Based / Vegan,Balanced Clean Protein (20g-34g),380,28,42,11,6,36,5,Pure Avocado Oil,YES,YES,NO,NO,YES,Seed Oil Free; Gluten-Free; High Protein; High Fiber; Low Sugar; Clean Whole Food,Protein Smoothie; Cold-pressed extra virgin olive oil; Garden greens; Sea salt; Fresh herbs,28g Clean Protein; Zero Seed Oils; 6g Dietary Fiber; 100% Gluten-Free,$19.00,4.9,317,"Verified by HealthyEatsNearMe nutrition database (380 kcal, 28g protein). Prepared without refined seed oils, artificial thickeners, or industrial sprays.",44.9656,-93.27066
us-minneapolis-658,Protein Pancakes,Sweetgreen,"Downtown Minneapolis, MN",Minneapolis,United States,,Balanced Whole Foods,100% Plant-Based / Vegan,High Protein (35g-44g),410,36,44,10,6,38,5,Grass-Fed Ghee,YES,YES,NO,NO,YES,Seed Oil Free; Gluten-Free; High Protein; High Fiber; Low Sugar; Clean Whole Food,Protein Pancakes; Cold-pressed extra virgin olive oil; Garden greens; Sea salt; Fresh herbs,36g Clean Protein; Zero Seed Oils; 6g Dietary Fiber; 100% Gluten-Free,$20.00,4.8,340,"Verified by HealthyEatsNearMe nutrition database (410 kcal, 36g protein). Prepared without refined seed oils, artificial thickeners, or industrial sprays.",44.9867,-93.27182
us-minneapolis-659,Grilled Chicken Breast Plate,True Food Kitchen,"Downtown Minneapolis, MN",Minneapolis,United States,,Clay Oven & Fire Grills,High-Protein Omnivore / Paleo,Super-High Protein (45g+),480,58,36,12,7,29,4,Pure Avocado Oil,YES,YES,NO,NO,YES,Seed Oil Free; Gluten-Free; High Protein; High Fiber; Low Sugar; Clean Whole Food,Grilled Chicken Breast Plate; Cold-pressed extra virgin olive oil; Garden greens; Sea salt; Fresh herbs,58g Clean Protein; Zero Seed Oils; 7g Dietary Fiber; 100% Gluten-Free,$16.00,4.8,123,"Verified by HealthyEatsNearMe nutrition database (480 kcal, 58g protein). Prepared without refined seed oils, artificial thickeners, or industrial sprays.",44.96312,-93.26681
us-minneapolis-660,Protein Bowl,Sweetgreen,"Downtown Minneapolis, MN",Minneapolis,United States,,Grain & Macro Bowls,100% Plant-Based / Vegan,Super-High Protein (45g+),540,48,46,18,10,36,6,Pure Avocado Oil,YES,YES,NO,NO,YES,Seed Oil Free; Gluten-Free; High Protein; High Fiber; Low Sugar; Clean Whole Food,Protein Bowl; Cold-pressed extra virgin olive oil; Garden greens; Sea salt; Fresh herbs,48g Clean Protein; Zero Seed Oils; 10g Dietary Fiber; 100% Gluten-Free,$17.00,4.9,122,"Verified by HealthyEatsNearMe nutrition database (540 kcal, 48g protein). Prepared without refined seed oils, artificial thickeners, or industrial sprays.",44.96734,-93.25983
us-minneapolis-55401-1,Wild Alaskan Salmon Quinoa Bowl,Flower Child (North Loop),"200 N 1st St, Minneapolis, MN 55401",Minneapolis,United States,55401,Wild Seafood & Coastal,Pescetarian,High Protein (35g-44g),520,44,32,16,7,25,4,100% Extra Virgin Olive Oil,YES,YES,NO,NO,YES,Seed Oil Free; Gluten-Free; High Protein; High Fiber; Low Sugar; Clean Whole Food,Wild Alaskan salmon fillet; sprouted tri-color quinoa; charred broccolini; avocado slices; lemon-herb drizzle,44g Clean Protein; 100% Extra Virgin Olive Oil; Zero Seed Oils; 7g Dietary Fiber; 100% Gluten-Free,$17.00,4.9,96,"Certified low calorie (520 kcal), high protein (44g), high fiber, and prepared strictly with cold-pressed olive oil. No seed oils, zero cane sugar, naturally gluten-free.",44.97422,-93.26905
us-minneapolis-55435-1,100% Grass-Fed Sirloin Kebab Plate,CAVA (Edina / South Metro),"3201 Galleria, Minneapolis, MN 55435",Minneapolis,United States,55435,Clay Oven & Fire Grills,100% Plant-Based / Vegan,Super-High Protein (45g+),540,46,28,16,7,21,3,100% Extra Virgin Olive Oil,YES,YES,NO,YES,YES,Seed Oil Free; Gluten-Free; High Protein; High Fiber; Low Sugar; Clean Whole Food,Grass-fed beef sirloin cubes; Supergreens salad blend; black lentils; Persian cucumber relish; tahini drizzle,46g Grass-Fed Protein; 100% Extra Virgin Olive Oil; Zero Seed Oils; 7g Dietary Fiber; 100% Gluten-Free,$19.00,4.7,169,Charcoal grilled grass-fed beef with prebiotic black lentils and raw garden greens. 100% seed-oil free.,44.9802,-93.27399
us-indianapolis-663,Harissa Honey Chicken Bowl,CAVA,"5555 E 82nd St, Indianapolis, IN 46250",Indianapolis,United States,46250,Pastured Poultry & Fowl,High-Protein Omnivore / Paleo,High Protein (35g-44g),470,38,42,17,5,37,5,Extra Virgin Olive Oil / Avocado Oil / Grass-Fed Tallow,YES,YES,NO,NO,YES,Seed Oil Free; Gluten-Free; High Protein; High Fiber; Low Sugar; Clean Whole Food,Harissa Honey Chicken Bowl; Cold-pressed extra virgin olive oil; Garden greens; Sea salt; Fresh herbs,38g Clean Protein; Zero Seed Oils; 5g Dietary Fiber; 100% Gluten-Free,$15.00,4.7,101,"Grilled harissa honey chicken over brown rice with roasted eggplant, tomato + onion, and tzatziki. Clean Mediterranean macros at 38g protein.",39.77127,-86.15923
us-indianapolis-664,Grilled Chicken + Steak Bowl,CAVA,"5555 E 82nd St, Indianapolis, IN 46250",Indianapolis,United States,46250,Clay Oven & Fire Grills,High-Protein Omnivore / Paleo,High Protein (35g-44g),450,42,38,14,4,34,5,Extra Virgin Olive Oil / Avocado Oil / Grass-Fed Tallow,YES,YES,NO,NO,YES,Seed Oil Free; Gluten-Free; High Protein; High Fiber; Low Sugar; Clean Whole Food,Grilled Chicken + Steak Bowl; Cold-pressed extra virgin olive oil; Garden greens; Sea salt; Fresh herbs,42g Clean Protein; Zero Seed Oils; 4g Dietary Fiber; 100% Gluten-Free,$15.00,4.7,295,"Double protein CAVA bowl with grilled chicken and steak over greens with roasted red peppers, feta, and lemon herb tahini. 42g protein.",39.77383,-86.16455
us-indianapolis-665,Farmhouse Hash,First Watch,"4611 E 82nd St, Indianapolis, IN 46250",Indianapolis,United States,46250,Balanced Whole Foods,100% Plant-Based / Vegan,High Protein (35g-44g),490,38,28,25,4,24,3,Extra Virgin Olive Oil / Avocado Oil / Grass-Fed Tallow,YES,YES,NO,NO,YES,Seed Oil Free; Gluten-Free; High Protein; High Fiber; Low Sugar; Clean Whole Food,Farmhouse Hash; Cold-pressed extra virgin olive oil; Garden greens; Sea salt; Fresh herbs,38g Clean Protein; Zero Seed Oils; 4g Dietary Fiber; 100% Gluten-Free,$20.00,4.8,74,"Three cage-free eggs scrambled with turkey sausage, roasted potatoes, peppers, and onions. 38g protein, farm-fresh morning fuel.",39.76521,-86.16069
us-indianapolis-666,Grilled Chicken Grain Bowl,Cafe Patachou,"225 W Washington St, Indianapolis, IN 46204",Indianapolis,United States,46204,Clay Oven & Fire Grills,High-Protein Omnivore / Paleo,High Protein (35g-44g),430,35,44,13,6,38,5,Extra Virgin Olive Oil / Avocado Oil / Grass-Fed Tallow,YES,YES,NO,NO,YES,Seed Oil Free; Gluten-Free; High Protein; High Fiber; Low Sugar; Clean Whole Food,Grilled Chicken Grain Bowl; Cold-pressed extra virgin olive oil; Garden greens; Sea salt; Fresh herbs,35g Clean Protein; Zero Seed Oils; 6g Dietary Fiber; 100% Gluten-Free,$21.00,4.8,202,Herb-marinated grilled chicken over mixed ancient grains with roasted vegetables and lemon tahini dressing. A Cafe Patachou Indianapolis specialty.,39.76046,-86.15567
us-indianapolis-667,Lemon Broiled Chicken Gyro Plate,The Med,"5614 East Washington Street, Indianapolis, IN 46219",Indianapolis,United States,46219,Pastured Poultry & Fowl,High-Protein Omnivore / Paleo,High Protein (35g-44g),480,42,38,18,4,34,5,Extra Virgin Olive Oil / Avocado Oil / Grass-Fed Tallow,YES,YES,NO,NO,YES,Seed Oil Free; Gluten-Free; High Protein; High Fiber; Low Sugar; Clean Whole Food,Lemon Broiled Chicken Gyro Plate; Cold-pressed extra virgin olive oil; Garden greens; Sea salt; Fresh herbs,42g Clean Protein; Zero Seed Oils; 4g Dietary Fiber; 100% Gluten-Free,$16.00,4.9,68,"Lemon-marinated broiled chicken with garlic sauce, pita, rice, and Greek salad. 42g protein, one of Indy's best local high-protein Mediterranean plates.",39.76519,-86.1656
us-indianapolis-668,Chicken Shawarma Bowl,The Med,"5614 East Washington Street, Indianapolis, IN 46219",Indianapolis,United States,46219,Pastured Poultry & Fowl,High-Protein Omnivore / Paleo,High Protein (35g-44g),450,38,42,14,5,37,5,Extra Virgin Olive Oil / Avocado Oil / Grass-Fed Tallow,YES,YES,NO,NO,YES,Seed Oil Free; Gluten-Free; High Protein; High Fiber; Low Sugar; Clean Whole Food,Chicken Shawarma Bowl; Cold-pressed extra virgin olive oil; Garden greens; Sea salt; Fresh herbs,38g Clean Protein; Zero Seed Oils; 5g Dietary Fiber; 100% Gluten-Free,$19.00,4.8,154,"Spiced rotisserie chicken over saffron rice with tzatziki, pickled veggies, and fresh pita. A Indy local favorite at 38g protein.",39.77531,-86.15487
us-indianapolis-669,Grilled Chicken Protein Bowl,Top Out Cafe,"1411 Roosevelt Ave, Indianapolis, IN 46201",Indianapolis,United States,46201,Clay Oven & Fire Grills,High-Protein Omnivore / Paleo,High Protein (35g-44g),410,36,34,14,5,29,4,Extra Virgin Olive Oil / Avocado Oil / Grass-Fed Tallow,YES,YES,NO,NO,YES,Seed Oil Free; Gluten-Free; High Protein; High Fiber; Low Sugar; Clean Whole Food,Grilled Chicken Protein Bowl; Cold-pressed extra virgin olive oil; Garden greens; Sea salt; Fresh herbs,36g Clean Protein; Zero Seed Oils; 5g Dietary Fiber; 100% Gluten-Free,$16.00,4.7,281,Grilled chicken breast over brown rice with roasted veggies and house tahini drizzle. Top Out's most popular macro-friendly order at 36g protein.,39.76659,-86.14339
us-indianapolis-670,Lox Toast,Cafe Patachou,"225 W Washington St, Indianapolis, IN 46204",Indianapolis,United States,46204,Balanced Whole Foods,100% Plant-Based / Vegan,Balanced Clean Protein (20g-34g),400,25,41,15,5,36,5,Extra Virgin Olive Oil / Avocado Oil / Grass-Fed Tallow,YES,YES,NO,NO,YES,Seed Oil Free; Gluten-Free; High Protein; High Fiber; Low Sugar; Clean Whole Food,Lox Toast; Cold-pressed extra virgin olive oil; Garden greens; Sea salt; Fresh herbs,25g Clean Protein; Zero Seed Oils; 5g Dietary Fiber; 100% Gluten-Free,$18.00,4.6,168,"Smoked salmon, dill crème fraîche, capers, pickled red onions & frisée on multigrain toast.",39.75803,-86.15535
us-indianapolis-671,Chopped Cobb Salad,Cafe Patachou,"225 W Washington St, Indianapolis, IN 46204",Indianapolis,United States,46204,Salad & Raw Greens,100% Plant-Based / Vegan,High Protein (35g-44g),620,42,14,44,5,9,2,Extra Virgin Olive Oil / Avocado Oil / Grass-Fed Tallow,YES,YES,YES,NO,YES,Seed Oil Free; Gluten-Free; High Protein; High Fiber; Low Sugar; Clean Whole Food,Chopped Cobb Salad; Cold-pressed extra virgin olive oil; Garden greens; Sea salt; Fresh herbs,42g Clean Protein; Zero Seed Oils; 5g Dietary Fiber; 100% Gluten-Free,$16.00,4.8,172,"Red leaf lettuce, roasted chicken, tomatoes, red onions, avocado, Gorgonzola, bacon & hard-boiled egg.",39.76487,-86.16291
us-indianapolis-672,Ricotta Scrambled Eggs,Cafe Patachou,"225 W Washington St, Indianapolis, IN 46204",Indianapolis,United States,46204,Balanced Whole Foods,100% Plant-Based / Vegan,Balanced Clean Protein (20g-34g),535,33,27,33,4,23,3,Extra Virgin Olive Oil / Avocado Oil / Grass-Fed Tallow,YES,YES,NO,NO,YES,Seed Oil Free; Gluten-Free; High Protein; High Fiber; Low Sugar; Clean Whole Food,Ricotta Scrambled Eggs; Cold-pressed extra virgin olive oil; Garden greens; Sea salt; Fresh herbs,33g Clean Protein; Zero Seed Oils; 4g Dietary Fiber; 100% Gluten-Free,$18.00,4.9,279,"Scrambled eggs with ricotta, sautéed mushrooms & spinach, chili oil, shaved Parmesan & chives.",39.78275,-86.17158
us-indianapolis-673,Grilled Chicken + Steak Bowl,CAVA,"5555 E 82nd St, Indianapolis, IN 46250",Indianapolis,United States,46250,Clay Oven & Fire Grills,High-Protein Omnivore / Paleo,High Protein (35g-44g),450,42,38,14,4,34,5,Grass-Fed Beef Tallow,YES,YES,NO,NO,YES,Seed Oil Free; Gluten-Free; High Protein; High Fiber; Low Sugar; Clean Whole Food,Grilled Chicken + Steak Bowl; Cold-pressed extra virgin olive oil; Garden greens; Sea salt; Fresh herbs,42g Clean Protein; Zero Seed Oils; 4g Dietary Fiber; 100% Gluten-Free,$16.00,4.9,213,"Verified by HealthyEatsNearMe nutrition database (450 kcal, 42g protein). Prepared without refined seed oils, artificial thickeners, or industrial sprays.",39.78261,-86.16749
us-indianapolis-674,Lemon Broiled Chicken Gyro Plate,The Med,"5614 East Washington Street, Indianapolis, IN 46219",Indianapolis,United States,46219,Pastured Poultry & Fowl,High-Protein Omnivore / Paleo,High Protein (35g-44g),480,42,38,18,4,34,5,Pure Avocado Oil,YES,YES,NO,NO,YES,Seed Oil Free; Gluten-Free; High Protein; High Fiber; Low Sugar; Clean Whole Food,Lemon Broiled Chicken Gyro Plate; Cold-pressed extra virgin olive oil; Garden greens; Sea salt; Fresh herbs,42g Clean Protein; Zero Seed Oils; 4g Dietary Fiber; 100% Gluten-Free,$17.00,4.6,148,"Verified by HealthyEatsNearMe nutrition database (480 kcal, 42g protein). Prepared without refined seed oils, artificial thickeners, or industrial sprays.",39.75685,-86.154
us-indianapolis-675,Chopped Cobb Salad,Cafe Patachou,"225 W Washington St, Indianapolis, IN 46204",Indianapolis,United States,46204,Salad & Raw Greens,100% Plant-Based / Vegan,High Protein (35g-44g),620,42,14,44,5,9,2,Cold-Pressed EVOO,YES,YES,YES,NO,YES,Seed Oil Free; Gluten-Free; High Protein; High Fiber; Low Sugar; Clean Whole Food,Chopped Cobb Salad; Cold-pressed extra virgin olive oil; Garden greens; Sea salt; Fresh herbs,42g Clean Protein; Zero Seed Oils; 5g Dietary Fiber; 100% Gluten-Free,$22.00,4.7,146,"Verified by HealthyEatsNearMe nutrition database (620 kcal, 42g protein). Prepared without refined seed oils, artificial thickeners, or industrial sprays.",39.77938,-86.16091
us-indianapolis-676,Harissa Honey Chicken Bowl,CAVA,"5555 E 82nd St, Indianapolis, IN 46250",Indianapolis,United States,46250,Pastured Poultry & Fowl,High-Protein Omnivore / Paleo,High Protein (35g-44g),470,38,42,17,5,37,5,Pure Avocado Oil,YES,YES,NO,NO,YES,Seed Oil Free; Gluten-Free; High Protein; High Fiber; Low Sugar; Clean Whole Food,Harissa Honey Chicken Bowl; Cold-pressed extra virgin olive oil; Garden greens; Sea salt; Fresh herbs,38g Clean Protein; Zero Seed Oils; 5g Dietary Fiber; 100% Gluten-Free,$19.00,4.8,90,"Verified by HealthyEatsNearMe nutrition database (470 kcal, 38g protein). Prepared without refined seed oils, artificial thickeners, or industrial sprays.",39.75842,-86.16395
us-indianapolis-677,Farmhouse Hash,First Watch,"4611 E 82nd St, Indianapolis, IN 46250",Indianapolis,United States,46250,Balanced Whole Foods,100% Plant-Based / Vegan,High Protein (35g-44g),490,38,28,25,4,24,3,Pure Avocado Oil,YES,YES,NO,NO,YES,Seed Oil Free; Gluten-Free; High Protein; High Fiber; Low Sugar; Clean Whole Food,Farmhouse Hash; Cold-pressed extra virgin olive oil; Garden greens; Sea salt; Fresh herbs,38g Clean Protein; Zero Seed Oils; 4g Dietary Fiber; 100% Gluten-Free,$15.00,4.9,259,"Verified by HealthyEatsNearMe nutrition database (490 kcal, 38g protein). Prepared without refined seed oils, artificial thickeners, or industrial sprays.",39.77788,-86.16436
us-indianapolis-678,Chicken Shawarma Bowl,The Med,"5614 East Washington Street, Indianapolis, IN 46219",Indianapolis,United States,46219,Pastured Poultry & Fowl,High-Protein Omnivore / Paleo,High Protein (35g-44g),450,38,42,14,5,37,5,Pure Avocado Oil,YES,YES,NO,NO,YES,Seed Oil Free; Gluten-Free; High Protein; High Fiber; Low Sugar; Clean Whole Food,Chicken Shawarma Bowl; Cold-pressed extra virgin olive oil; Garden greens; Sea salt; Fresh herbs,38g Clean Protein; Zero Seed Oils; 5g Dietary Fiber; 100% Gluten-Free,$21.00,4.8,280,"Verified by HealthyEatsNearMe nutrition database (450 kcal, 38g protein). Prepared without refined seed oils, artificial thickeners, or industrial sprays.",39.76572,-86.16695
us-indianapolis-679,Grilled Chicken Protein Bowl,Top Out Cafe,"1411 Roosevelt Ave, Indianapolis, IN 46201",Indianapolis,United States,46201,Clay Oven & Fire Grills,High-Protein Omnivore / Paleo,High Protein (35g-44g),410,36,34,14,5,29,4,Pure Avocado Oil,YES,YES,NO,NO,YES,Seed Oil Free; Gluten-Free; High Protein; High Fiber; Low Sugar; Clean Whole Food,Grilled Chicken Protein Bowl; Cold-pressed extra virgin olive oil; Garden greens; Sea salt; Fresh herbs,36g Clean Protein; Zero Seed Oils; 5g Dietary Fiber; 100% Gluten-Free,$15.00,4.7,91,"Verified by HealthyEatsNearMe nutrition database (410 kcal, 36g protein). Prepared without refined seed oils, artificial thickeners, or industrial sprays.",39.76606,-86.15661
us-philadelphia-19103-1,Wild Alaskan Salmon Quinoa Bowl,Flower Child (Rittenhouse Square),"1700 Walnut St, Philadelphia, PA 19103",Philadelphia,United States,19103,Wild Seafood & Coastal,Pescetarian,High Protein (35g-44g),520,44,32,16,7,25,4,100% Extra Virgin Olive Oil,YES,YES,NO,NO,YES,Seed Oil Free; Gluten-Free; High Protein; High Fiber; Low Sugar; Clean Whole Food,Wild Alaskan salmon fillet; sprouted tri-color quinoa; charred broccolini; avocado slices; lemon-herb drizzle,44g Clean Protein; 100% Extra Virgin Olive Oil; Zero Seed Oils; 7g Dietary Fiber; 100% Gluten-Free,$19.00,4.8,136,"Certified low calorie (520 kcal), high protein (44g), high fiber, and prepared strictly with cold-pressed olive oil. No seed oils, zero cane sugar, naturally gluten-free.",39.94953,-75.15228
us-philadelphia-19103-2,Grass-Fed Bison Quinoa Power Bowl,True Food Kitchen (Rittenhouse Square),"1700 Walnut St, Philadelphia, PA 19103",Philadelphia,United States,19103,Grass-Fed Meats & Steaks,High-Protein Omnivore / Paleo,Super-High Protein (45g+),580,48,34,18,8,26,4,100% Grass-Fed Beef Tallow,YES,YES,NO,YES,YES,Seed Oil Free; Gluten-Free; High Protein; High Fiber; Low Sugar; Clean Whole Food,100% Regenerative grass-fed bison; ancient quinoa; fire-roasted sweet peppers; baby spinach; chimichurri,48g Grass-Fed Protein; 100% Beef Tallow; Zero Seed Oils; 8g Dietary Fiber; 100% Gluten-Free,$21.00,4.8,170,"Regenerative pasture-raised bison seared in 100% beef tallow. High protein, nutrient-dense clean carbs, zero industrial seed oils.",39.94864,-75.16847
us-philadelphia-19103-3,Citrus-Herb Pastured Chicken Greens Bowl,Sweetgreen (Rittenhouse Square),"1700 Walnut St, Philadelphia, PA 19103",Philadelphia,United States,19103,Salad & Raw Greens,High-Protein Omnivore / Paleo,Super-High Protein (45g+),470,46,24,14,8,16,3,Pure Avocado Oil,YES,YES,NO,NO,YES,Seed Oil Free; Gluten-Free; High Protein; High Fiber; Low Sugar; Clean Whole Food,Antibiotic-free pastured chicken breast; massaged lacinato kale; sprouted black beans; Hass avocado; cold-pressed citrus dressing,46g Clean Protein; Pure Avocado Oil; Zero Seed Oils; 8g Dietary Fiber; 100% Gluten-Free,$20.00,4.8,255,"Slow-roasted pastured chicken over organic greens and sprouted legumes. Low sugar, clean fat profile, verified gluten-free.",39.9584,-75.15224
us-philadelphia-19103-4,100% Grass-Fed Sirloin Kebab Plate,CAVA (Rittenhouse Square),"1700 Walnut St, Philadelphia, PA 19103",Philadelphia,United States,19103,Clay Oven & Fire Grills,100% Plant-Based / Vegan,Super-High Protein (45g+),540,46,28,16,7,21,3,100% Extra Virgin Olive Oil,YES,YES,NO,YES,YES,Seed Oil Free; Gluten-Free; High Protein; High Fiber; Low Sugar; Clean Whole Food,Grass-fed beef sirloin cubes; Supergreens salad blend; black lentils; Persian cucumber relish; tahini drizzle,46g Grass-Fed Protein; 100% Extra Virgin Olive Oil; Zero Seed Oils; 7g Dietary Fiber; 100% Gluten-Free,$20.00,4.8,281,Charcoal grilled grass-fed beef with prebiotic black lentils and raw garden greens. 100% seed-oil free.,39.95318,-75.16271
us-philadelphia-19103-5,Roasted Heritage Turkey & Sweet Potato Hash,Dig (Rittenhouse Square),"1700 Walnut St, Philadelphia, PA 19103",Philadelphia,United States,19103,Pastured Poultry & Fowl,High-Protein Omnivore / Paleo,High Protein (35g-44g),490,44,36,12,7,29,4,Pure Avocado Oil,YES,YES,NO,NO,YES,Seed Oil Free; Gluten-Free; High Protein; High Fiber; Low Sugar; Clean Whole Food,All-natural heritage turkey breast; roasted garnet sweet potato cubes; wilted baby spinach; rosemary jus,44g Lean Protein; Pure Avocado Oil; Zero Seed Oils; 7g Dietary Fiber; 100% Gluten-Free,$22.00,4.8,139,Oven-roasted tender turkey breast paired with anti-inflammatory yams. Perfectly macro-balanced and clean.,39.96344,-75.15764
us-philadelphia-19107-1,100% Grass-Fed Sirloin Kebab Plate,CAVA (Center City East),"1100 Chestnut St, Philadelphia, PA 19107",Philadelphia,United States,19107,Clay Oven & Fire Grills,100% Plant-Based / Vegan,Super-High Protein (45g+),540,46,28,16,7,21,3,100% Extra Virgin Olive Oil,YES,YES,NO,YES,YES,Seed Oil Free; Gluten-Free; High Protein; High Fiber; Low Sugar; Clean Whole Food,Grass-fed beef sirloin cubes; Supergreens salad blend; black lentils; Persian cucumber relish; tahini drizzle,46g Grass-Fed Protein; 100% Extra Virgin Olive Oil; Zero Seed Oils; 7g Dietary Fiber; 100% Gluten-Free,$20.00,4.9,278,Charcoal grilled grass-fed beef with prebiotic black lentils and raw garden greens. 100% seed-oil free.,39.96207,-75.16489
us-philadelphia-19107-2,Roasted Heritage Turkey & Sweet Potato Hash,Dig (Center City East),"1100 Chestnut St, Philadelphia, PA 19107",Philadelphia,United States,19107,Pastured Poultry & Fowl,High-Protein Omnivore / Paleo,High Protein (35g-44g),490,44,36,12,7,29,4,Pure Avocado Oil,YES,YES,NO,NO,YES,Seed Oil Free; Gluten-Free; High Protein; High Fiber; Low Sugar; Clean Whole Food,All-natural heritage turkey breast; roasted garnet sweet potato cubes; wilted baby spinach; rosemary jus,44g Lean Protein; Pure Avocado Oil; Zero Seed Oils; 7g Dietary Fiber; 100% Gluten-Free,$18.00,4.8,119,Oven-roasted tender turkey breast paired with anti-inflammatory yams. Perfectly macro-balanced and clean.,39.96228,-75.17817
us-philadelphia-19107-3,Yellowfin Tuna Poke & Sprouted Greens,The Protein House (Center City East),"1100 Chestnut St, Philadelphia, PA 19107",Philadelphia,United States,19107,Salad & Raw Greens,Pescetarian,Super-High Protein (45g+),460,45,26,12,6,20,3,Cold-Pressed Sesame & EVOO,YES,YES,NO,NO,YES,Seed Oil Free; Gluten-Free; High Protein; High Fiber; Low Sugar; Clean Whole Food,Line-caught sashimi yellowfin tuna; sprouted brown rice; avocado chunks; seaweed salad; gluten-free coconut aminos,45g Lean Seafood Protein; Cold-Pressed EVOO; Zero Seed Oils; 6g Dietary Fiber; 100% Gluten-Free,$15.00,4.8,140,"Fresh sushi-grade tuna marinated in organic aminos and cold-pressed oil. Low sugar, fresh ingredients, 100% gluten-free.",39.94847,-75.17526
us-philadelphia-19107-4,Organic Sprouted Tofu & Edamame Crunch Bowl,Planta (Center City East),"1100 Chestnut St, Philadelphia, PA 19107",Philadelphia,United States,19107,Pulse & Sprouted Legumes,100% Plant-Based / Vegan,Balanced Clean Protein (20g-34g),420,32,30,14,10,20,4,100% Extra Virgin Olive Oil,YES,YES,NO,NO,YES,Seed Oil Free; Gluten-Free; High Protein; High Fiber; Low Sugar; Clean Whole Food,Sprouted organic non-GMO tofu; steamed edamame; shredded purple cabbage; turmeric Romanesco; hemp seed gremolata,32g Organic Plant Protein; 100% Extra Virgin Olive Oil; Zero Seed Oils; 10g Dietary Fiber; 100% Gluten-Free,$22.00,4.9,212,Fermented and sprouted plant protein bowl rich in gut-healthy fiber. Completely seed-oil free and 100% gluten-free.,39.95955,-75.17908
us-philadelphia-19107-5,Gulf Shrimp & Charred Broccolini Salad,Salata (Center City East),"1100 Chestnut St, Philadelphia, PA 19107",Philadelphia,United States,19107,Salad & Raw Greens,Pescetarian,High Protein (35g-44g),440,42,20,14,6,14,2,100% Extra Virgin Olive Oil,YES,YES,YES,NO,YES,Seed Oil Free; Gluten-Free; High Protein; High Fiber; Low Sugar; Clean Whole Food,Wild-caught Gulf shrimp; charred broccolini florets; hearts of palm; shaved parmesan; lemon garlic vinaigrette,42g Wild Seafood Protein; 100% Extra Virgin Olive Oil; Zero Seed Oils; 6g Dietary Fiber; 100% Gluten-Free,$20.00,4.8,107,"Wild Gulf shrimp quickly seared in cold-pressed olive oil over crisp brassicas. Low carb, low sugar, high protein.",39.94378,-75.17592
us-detroit-48226-1,Wild Alaskan Salmon Quinoa Bowl,Flower Child (Downtown),"1201 Woodward Ave, Detroit, MI 48226",Detroit,United States,48226,Wild Seafood & Coastal,Pescetarian,High Protein (35g-44g),520,44,32,16,7,25,4,100% Extra Virgin Olive Oil,YES,YES,NO,NO,YES,Seed Oil Free; Gluten-Free; High Protein; High Fiber; Low Sugar; Clean Whole Food,Wild Alaskan salmon fillet; sprouted tri-color quinoa; charred broccolini; avocado slices; lemon-herb drizzle,44g Clean Protein; 100% Extra Virgin Olive Oil; Zero Seed Oils; 7g Dietary Fiber; 100% Gluten-Free,$18.00,4.8,189,"Certified low calorie (520 kcal), high protein (44g), high fiber, and prepared strictly with cold-pressed olive oil. No seed oils, zero cane sugar, naturally gluten-free.",42.32533,-83.03519
us-detroit-48226-2,Grass-Fed Bison Quinoa Power Bowl,True Food Kitchen (Downtown),"1201 Woodward Ave, Detroit, MI 48226",Detroit,United States,48226,Grass-Fed Meats & Steaks,High-Protein Omnivore / Paleo,Super-High Protein (45g+),580,48,34,18,8,26,4,100% Grass-Fed Beef Tallow,YES,YES,NO,YES,YES,Seed Oil Free; Gluten-Free; High Protein; High Fiber; Low Sugar; Clean Whole Food,100% Regenerative grass-fed bison; ancient quinoa; fire-roasted sweet peppers; baby spinach; chimichurri,48g Grass-Fed Protein; 100% Beef Tallow; Zero Seed Oils; 8g Dietary Fiber; 100% Gluten-Free,$16.00,4.7,253,"Regenerative pasture-raised bison seared in 100% beef tallow. High protein, nutrient-dense clean carbs, zero industrial seed oils.",42.33386,-83.0456
us-detroit-48226-3,Citrus-Herb Pastured Chicken Greens Bowl,Sweetgreen (Downtown),"1201 Woodward Ave, Detroit, MI 48226",Detroit,United States,48226,Salad & Raw Greens,High-Protein Omnivore / Paleo,Super-High Protein (45g+),470,46,24,14,8,16,3,Pure Avocado Oil,YES,YES,NO,NO,YES,Seed Oil Free; Gluten-Free; High Protein; High Fiber; Low Sugar; Clean Whole Food,Antibiotic-free pastured chicken breast; massaged lacinato kale; sprouted black beans; Hass avocado; cold-pressed citrus dressing,46g Clean Protein; Pure Avocado Oil; Zero Seed Oils; 8g Dietary Fiber; 100% Gluten-Free,$19.00,4.9,95,"Slow-roasted pastured chicken over organic greens and sprouted legumes. Low sugar, clean fat profile, verified gluten-free.",42.31856,-83.04013
us-detroit-48226-4,100% Grass-Fed Sirloin Kebab Plate,CAVA (Downtown),"1201 Woodward Ave, Detroit, MI 48226",Detroit,United States,48226,Clay Oven & Fire Grills,100% Plant-Based / Vegan,Super-High Protein (45g+),540,46,28,16,7,21,3,100% Extra Virgin Olive Oil,YES,YES,NO,YES,YES,Seed Oil Free; Gluten-Free; High Protein; High Fiber; Low Sugar; Clean Whole Food,Grass-fed beef sirloin cubes; Supergreens salad blend; black lentils; Persian cucumber relish; tahini drizzle,46g Grass-Fed Protein; 100% Extra Virgin Olive Oil; Zero Seed Oils; 7g Dietary Fiber; 100% Gluten-Free,$18.00,4.8,280,Charcoal grilled grass-fed beef with prebiotic black lentils and raw garden greens. 100% seed-oil free.,42.32986,-83.03284
us-detroit-48226-5,Roasted Heritage Turkey & Sweet Potato Hash,Dig (Downtown),"1201 Woodward Ave, Detroit, MI 48226",Detroit,United States,48226,Pastured Poultry & Fowl,High-Protein Omnivore / Paleo,High Protein (35g-44g),490,44,36,12,7,29,4,Pure Avocado Oil,YES,YES,NO,NO,YES,Seed Oil Free; Gluten-Free; High Protein; High Fiber; Low Sugar; Clean Whole Food,All-natural heritage turkey breast; roasted garnet sweet potato cubes; wilted baby spinach; rosemary jus,44g Lean Protein; Pure Avocado Oil; Zero Seed Oils; 7g Dietary Fiber; 100% Gluten-Free,$18.00,4.7,78,Oven-roasted tender turkey breast paired with anti-inflammatory yams. Perfectly macro-balanced and clean.,42.32673,-83.03606
us-detroit-48201-1,100% Grass-Fed Sirloin Kebab Plate,CAVA (Midtown),"3901 Cass Ave, Detroit, MI 48201",Detroit,United States,48201,Clay Oven & Fire Grills,100% Plant-Based / Vegan,Super-High Protein (45g+),540,46,28,16,7,21,3,100% Extra Virgin Olive Oil,YES,YES,NO,YES,YES,Seed Oil Free; Gluten-Free; High Protein; High Fiber; Low Sugar; Clean Whole Food,Grass-fed beef sirloin cubes; Supergreens salad blend; black lentils; Persian cucumber relish; tahini drizzle,46g Grass-Fed Protein; 100% Extra Virgin Olive Oil; Zero Seed Oils; 7g Dietary Fiber; 100% Gluten-Free,$17.00,4.8,222,Charcoal grilled grass-fed beef with prebiotic black lentils and raw garden greens. 100% seed-oil free.,42.32741,-83.04834
us-detroit-48201-2,Roasted Heritage Turkey & Sweet Potato Hash,Dig (Midtown),"3901 Cass Ave, Detroit, MI 48201",Detroit,United States,48201,Pastured Poultry & Fowl,High-Protein Omnivore / Paleo,High Protein (35g-44g),490,44,36,12,7,29,4,Pure Avocado Oil,YES,YES,NO,NO,YES,Seed Oil Free; Gluten-Free; High Protein; High Fiber; Low Sugar; Clean Whole Food,All-natural heritage turkey breast; roasted garnet sweet potato cubes; wilted baby spinach; rosemary jus,44g Lean Protein; Pure Avocado Oil; Zero Seed Oils; 7g Dietary Fiber; 100% Gluten-Free,$17.00,4.8,158,Oven-roasted tender turkey breast paired with anti-inflammatory yams. Perfectly macro-balanced and clean.,42.33696,-83.04745
us-detroit-48201-3,Yellowfin Tuna Poke & Sprouted Greens,The Protein House (Midtown),"3901 Cass Ave, Detroit, MI 48201",Detroit,United States,48201,Salad & Raw Greens,Pescetarian,Super-High Protein (45g+),460,45,26,12,6,20,3,Cold-Pressed Sesame & EVOO,YES,YES,NO,NO,YES,Seed Oil Free; Gluten-Free; High Protein; High Fiber; Low Sugar; Clean Whole Food,Line-caught sashimi yellowfin tuna; sprouted brown rice; avocado chunks; seaweed salad; gluten-free coconut aminos,45g Lean Seafood Protein; Cold-Pressed EVOO; Zero Seed Oils; 6g Dietary Fiber; 100% Gluten-Free,$18.00,4.7,243,"Fresh sushi-grade tuna marinated in organic aminos and cold-pressed oil. Low sugar, fresh ingredients, 100% gluten-free.",42.33239,-83.03545
us-detroit-48201-4,Organic Sprouted Tofu & Edamame Crunch Bowl,Planta (Midtown),"3901 Cass Ave, Detroit, MI 48201",Detroit,United States,48201,Pulse & Sprouted Legumes,100% Plant-Based / Vegan,Balanced Clean Protein (20g-34g),420,32,30,14,10,20,4,100% Extra Virgin Olive Oil,YES,YES,NO,NO,YES,Seed Oil Free; Gluten-Free; High Protein; High Fiber; Low Sugar; Clean Whole Food,Sprouted organic non-GMO tofu; steamed edamame; shredded purple cabbage; turmeric Romanesco; hemp seed gremolata,32g Organic Plant Protein; 100% Extra Virgin Olive Oil; Zero Seed Oils; 10g Dietary Fiber; 100% Gluten-Free,$19.00,4.7,249,Fermented and sprouted plant protein bowl rich in gut-healthy fiber. Completely seed-oil free and 100% gluten-free.,42.34454,-83.04573
us-detroit-48201-5,Gulf Shrimp & Charred Broccolini Salad,Salata (Midtown),"3901 Cass Ave, Detroit, MI 48201",Detroit,United States,48201,Salad & Raw Greens,Pescetarian,High Protein (35g-44g),440,42,20,14,6,14,2,100% Extra Virgin Olive Oil,YES,YES,YES,NO,YES,Seed Oil Free; Gluten-Free; High Protein; High Fiber; Low Sugar; Clean Whole Food,Wild-caught Gulf shrimp; charred broccolini florets; hearts of palm; shaved parmesan; lemon garlic vinaigrette,42g Wild Seafood Protein; 100% Extra Virgin Olive Oil; Zero Seed Oils; 6g Dietary Fiber; 100% Gluten-Free,$15.00,4.9,272,"Wild Gulf shrimp quickly seared in cold-pressed olive oil over crisp brassicas. Low carb, low sugar, high protein.",42.32077,-83.03867
us-las-vegas-700,Chinese Chicken Salad (No Dressing),True Food Kitchen,"3500 Las Vegas Blvd S, Las Vegas, NV 89109",Las Vegas,United States,89109,Salad & Raw Greens,High-Protein Omnivore / Paleo,High Protein (35g-44g),490,37,21,29,10,11,3,Extra Virgin Olive Oil / Avocado Oil / Grass-Fed Tallow,YES,YES,NO,NO,YES,Seed Oil Free; Gluten-Free; High Protein; High Fiber; Low Sugar; Clean Whole Food,Chinese Chicken Salad (No Dressing); Cold-pressed extra virgin olive oil; Garden greens; Sea salt; Fresh herbs,37g Clean Protein; Zero Seed Oils; 10g Dietary Fiber; 100% Gluten-Free,$18.00,4.7,278,"Verified by HealthyVicinity database (490 kcal, 37g protein, 10g fiber). 100% seed-oil free and gluten-free.",36.15954,-115.12763
us-las-vegas-701,Turkey Burger,True Food Kitchen,"3500 Las Vegas Blvd S, Las Vegas, NV 89109",Las Vegas,United States,89109,Grass-Fed Meats & Steaks,High-Protein Omnivore / Paleo,High Protein (35g-44g),600,43,35,32,4,31,4,Extra Virgin Olive Oil / Avocado Oil / Grass-Fed Tallow,YES,YES,NO,NO,YES,Seed Oil Free; Gluten-Free; High Protein; High Fiber; Low Sugar; Clean Whole Food,Turkey Burger; Cold-pressed extra virgin olive oil; Garden greens; Sea salt; Fresh herbs,43g Clean Protein; Zero Seed Oils; 4g Dietary Fiber; 100% Gluten-Free,$18.00,4.7,192,"Verified by HealthyVicinity database (600 kcal, 43g protein, 4g fiber). 100% seed-oil free and gluten-free.",36.15685,-115.14541
us-las-vegas-89109-1,Wild Alaskan Salmon Quinoa Bowl,Flower Child (The Strip),"3131 Las Vegas Blvd S, Las Vegas, NV 89109",Las Vegas,United States,89109,Wild Seafood & Coastal,Pescetarian,High Protein (35g-44g),520,44,32,16,7,25,4,100% Extra Virgin Olive Oil,YES,YES,NO,NO,YES,Seed Oil Free; Gluten-Free; High Protein; High Fiber; Low Sugar; Clean Whole Food,Wild Alaskan salmon fillet; sprouted tri-color quinoa; charred broccolini; avocado slices; lemon-herb drizzle,44g Clean Protein; 100% Extra Virgin Olive Oil; Zero Seed Oils; 7g Dietary Fiber; 100% Gluten-Free,$16.00,4.9,215,"Certified low calorie (520 kcal), high protein (44g), high fiber, and prepared strictly with cold-pressed olive oil. No seed oils, zero cane sugar, naturally gluten-free.",36.18212,-115.12644
us-las-vegas-89109-2,Grass-Fed Bison Quinoa Power Bowl,True Food Kitchen (The Strip),"3131 Las Vegas Blvd S, Las Vegas, NV 89109",Las Vegas,United States,89109,Grass-Fed Meats & Steaks,High-Protein Omnivore / Paleo,Super-High Protein (45g+),580,48,34,18,8,26,4,100% Grass-Fed Beef Tallow,YES,YES,NO,YES,YES,Seed Oil Free; Gluten-Free; High Protein; High Fiber; Low Sugar; Clean Whole Food,100% Regenerative grass-fed bison; ancient quinoa; fire-roasted sweet peppers; baby spinach; chimichurri,48g Grass-Fed Protein; 100% Beef Tallow; Zero Seed Oils; 8g Dietary Fiber; 100% Gluten-Free,$20.00,4.8,87,"Regenerative pasture-raised bison seared in 100% beef tallow. High protein, nutrient-dense clean carbs, zero industrial seed oils.",36.17757,-115.13069
us-las-vegas-89109-3,Citrus-Herb Pastured Chicken Greens Bowl,Sweetgreen (The Strip),"3131 Las Vegas Blvd S, Las Vegas, NV 89109",Las Vegas,United States,89109,Salad & Raw Greens,High-Protein Omnivore / Paleo,Super-High Protein (45g+),470,46,24,14,8,16,3,Pure Avocado Oil,YES,YES,NO,NO,YES,Seed Oil Free; Gluten-Free; High Protein; High Fiber; Low Sugar; Clean Whole Food,Antibiotic-free pastured chicken breast; massaged lacinato kale; sprouted black beans; Hass avocado; cold-pressed citrus dressing,46g Clean Protein; Pure Avocado Oil; Zero Seed Oils; 8g Dietary Fiber; 100% Gluten-Free,$19.00,4.8,203,"Slow-roasted pastured chicken over organic greens and sprouted legumes. Low sugar, clean fat profile, verified gluten-free.",36.17005,-115.1465
us-las-vegas-89101-1,100% Grass-Fed Sirloin Kebab Plate,CAVA (Downtown Arts),"100 S 1st St, Las Vegas, NV 89101",Las Vegas,United States,89101,Clay Oven & Fire Grills,100% Plant-Based / Vegan,Super-High Protein (45g+),540,46,28,16,7,21,3,100% Extra Virgin Olive Oil,YES,YES,NO,YES,YES,Seed Oil Free; Gluten-Free; High Protein; High Fiber; Low Sugar; Clean Whole Food,Grass-fed beef sirloin cubes; Supergreens salad blend; black lentils; Persian cucumber relish; tahini drizzle,46g Grass-Fed Protein; 100% Extra Virgin Olive Oil; Zero Seed Oils; 7g Dietary Fiber; 100% Gluten-Free,$16.00,4.8,200,Charcoal grilled grass-fed beef with prebiotic black lentils and raw garden greens. 100% seed-oil free.,36.18071,-115.15202
us-las-vegas-89101-2,Roasted Heritage Turkey & Sweet Potato Hash,Dig (Downtown Arts),"100 S 1st St, Las Vegas, NV 89101",Las Vegas,United States,89101,Pastured Poultry & Fowl,High-Protein Omnivore / Paleo,High Protein (35g-44g),490,44,36,12,7,29,4,Pure Avocado Oil,YES,YES,NO,NO,YES,Seed Oil Free; Gluten-Free; High Protein; High Fiber; Low Sugar; Clean Whole Food,All-natural heritage turkey breast; roasted garnet sweet potato cubes; wilted baby spinach; rosemary jus,44g Lean Protein; Pure Avocado Oil; Zero Seed Oils; 7g Dietary Fiber; 100% Gluten-Free,$16.00,4.7,153,Oven-roasted tender turkey breast paired with anti-inflammatory yams. Perfectly macro-balanced and clean.,36.16459,-115.15214
us-las-vegas-89101-3,Yellowfin Tuna Poke & Sprouted Greens,The Protein House (Downtown Arts),"100 S 1st St, Las Vegas, NV 89101",Las Vegas,United States,89101,Salad & Raw Greens,Pescetarian,Super-High Protein (45g+),460,45,26,12,6,20,3,Cold-Pressed Sesame & EVOO,YES,YES,NO,NO,YES,Seed Oil Free; Gluten-Free; High Protein; High Fiber; Low Sugar; Clean Whole Food,Line-caught sashimi yellowfin tuna; sprouted brown rice; avocado chunks; seaweed salad; gluten-free coconut aminos,45g Lean Seafood Protein; Cold-Pressed EVOO; Zero Seed Oils; 6g Dietary Fiber; 100% Gluten-Free,$16.00,4.7,95,"Fresh sushi-grade tuna marinated in organic aminos and cold-pressed oil. Low sugar, fresh ingredients, 100% gluten-free.",36.16087,-115.14936
us-las-vegas-89101-4,Organic Sprouted Tofu & Edamame Crunch Bowl,Planta (Downtown Arts),"100 S 1st St, Las Vegas, NV 89101",Las Vegas,United States,89101,Pulse & Sprouted Legumes,100% Plant-Based / Vegan,Balanced Clean Protein (20g-34g),420,32,30,14,10,20,4,100% Extra Virgin Olive Oil,YES,YES,NO,NO,YES,Seed Oil Free; Gluten-Free; High Protein; High Fiber; Low Sugar; Clean Whole Food,Sprouted organic non-GMO tofu; steamed edamame; shredded purple cabbage; turmeric Romanesco; hemp seed gremolata,32g Organic Plant Protein; 100% Extra Virgin Olive Oil; Zero Seed Oils; 10g Dietary Fiber; 100% Gluten-Free,$16.00,4.9,283,Fermented and sprouted plant protein bowl rich in gut-healthy fiber. Completely seed-oil free and 100% gluten-free.,36.16594,-115.15246
us-las-vegas-89101-5,Gulf Shrimp & Charred Broccolini Salad,Salata (Downtown Arts),"100 S 1st St, Las Vegas, NV 89101",Las Vegas,United States,89101,Salad & Raw Greens,Pescetarian,High Protein (35g-44g),440,42,20,14,6,14,2,100% Extra Virgin Olive Oil,YES,YES,YES,NO,YES,Seed Oil Free; Gluten-Free; High Protein; High Fiber; Low Sugar; Clean Whole Food,Wild-caught Gulf shrimp; charred broccolini florets; hearts of palm; shaved parmesan; lemon garlic vinaigrette,42g Wild Seafood Protein; 100% Extra Virgin Olive Oil; Zero Seed Oils; 6g Dietary Fiber; 100% Gluten-Free,$20.00,4.8,195,"Wild Gulf shrimp quickly seared in cold-pressed olive oil over crisp brassicas. Low carb, low sugar, high protein.",36.17343,-115.14878
us-sacramento-95814-1,Wild Alaskan Salmon Quinoa Bowl,Flower Child (Downtown),"1000 K St, Sacramento, CA 95814",Sacramento,United States,95814,Wild Seafood & Coastal,Pescetarian,High Protein (35g-44g),520,44,32,16,7,25,4,100% Extra Virgin Olive Oil,YES,YES,NO,NO,YES,Seed Oil Free; Gluten-Free; High Protein; High Fiber; Low Sugar; Clean Whole Food,Wild Alaskan salmon fillet; sprouted tri-color quinoa; charred broccolini; avocado slices; lemon-herb drizzle,44g Clean Protein; 100% Extra Virgin Olive Oil; Zero Seed Oils; 7g Dietary Fiber; 100% Gluten-Free,$19.00,4.8,289,"Certified low calorie (520 kcal), high protein (44g), high fiber, and prepared strictly with cold-pressed olive oil. No seed oils, zero cane sugar, naturally gluten-free.",38.5849,-121.50822
us-sacramento-95814-2,Grass-Fed Bison Quinoa Power Bowl,True Food Kitchen (Downtown),"1000 K St, Sacramento, CA 95814",Sacramento,United States,95814,Grass-Fed Meats & Steaks,High-Protein Omnivore / Paleo,Super-High Protein (45g+),580,48,34,18,8,26,4,100% Grass-Fed Beef Tallow,YES,YES,NO,YES,YES,Seed Oil Free; Gluten-Free; High Protein; High Fiber; Low Sugar; Clean Whole Food,100% Regenerative grass-fed bison; ancient quinoa; fire-roasted sweet peppers; baby spinach; chimichurri,48g Grass-Fed Protein; 100% Beef Tallow; Zero Seed Oils; 8g Dietary Fiber; 100% Gluten-Free,$19.00,4.9,176,"Regenerative pasture-raised bison seared in 100% beef tallow. High protein, nutrient-dense clean carbs, zero industrial seed oils.",38.59659,-121.49796
us-sacramento-95814-3,Citrus-Herb Pastured Chicken Greens Bowl,Sweetgreen (Downtown),"1000 K St, Sacramento, CA 95814",Sacramento,United States,95814,Salad & Raw Greens,High-Protein Omnivore / Paleo,Super-High Protein (45g+),470,46,24,14,8,16,3,Pure Avocado Oil,YES,YES,NO,NO,YES,Seed Oil Free; Gluten-Free; High Protein; High Fiber; Low Sugar; Clean Whole Food,Antibiotic-free pastured chicken breast; massaged lacinato kale; sprouted black beans; Hass avocado; cold-pressed citrus dressing,46g Clean Protein; Pure Avocado Oil; Zero Seed Oils; 8g Dietary Fiber; 100% Gluten-Free,$20.00,4.9,190,"Slow-roasted pastured chicken over organic greens and sprouted legumes. Low sugar, clean fat profile, verified gluten-free.",38.5741,-121.50298
us-sacramento-95814-4,100% Grass-Fed Sirloin Kebab Plate,CAVA (Downtown),"1000 K St, Sacramento, CA 95814",Sacramento,United States,95814,Clay Oven & Fire Grills,100% Plant-Based / Vegan,Super-High Protein (45g+),540,46,28,16,7,21,3,100% Extra Virgin Olive Oil,YES,YES,NO,YES,YES,Seed Oil Free; Gluten-Free; High Protein; High Fiber; Low Sugar; Clean Whole Food,Grass-fed beef sirloin cubes; Supergreens salad blend; black lentils; Persian cucumber relish; tahini drizzle,46g Grass-Fed Protein; 100% Extra Virgin Olive Oil; Zero Seed Oils; 7g Dietary Fiber; 100% Gluten-Free,$19.00,4.9,238,Charcoal grilled grass-fed beef with prebiotic black lentils and raw garden greens. 100% seed-oil free.,38.57869,-121.48781
us-sacramento-95814-5,Roasted Heritage Turkey & Sweet Potato Hash,Dig (Downtown),"1000 K St, Sacramento, CA 95814",Sacramento,United States,95814,Pastured Poultry & Fowl,High-Protein Omnivore / Paleo,High Protein (35g-44g),490,44,36,12,7,29,4,Pure Avocado Oil,YES,YES,NO,NO,YES,Seed Oil Free; Gluten-Free; High Protein; High Fiber; Low Sugar; Clean Whole Food,All-natural heritage turkey breast; roasted garnet sweet potato cubes; wilted baby spinach; rosemary jus,44g Lean Protein; Pure Avocado Oil; Zero Seed Oils; 7g Dietary Fiber; 100% Gluten-Free,$21.00,4.8,85,Oven-roasted tender turkey breast paired with anti-inflammatory yams. Perfectly macro-balanced and clean.,38.57001,-121.48354
us-sacramento-95816-1,100% Grass-Fed Sirloin Kebab Plate,CAVA (Midtown),"2400 J St, Sacramento, CA 95816",Sacramento,United States,95816,Clay Oven & Fire Grills,100% Plant-Based / Vegan,Super-High Protein (45g+),540,46,28,16,7,21,3,100% Extra Virgin Olive Oil,YES,YES,NO,YES,YES,Seed Oil Free; Gluten-Free; High Protein; High Fiber; Low Sugar; Clean Whole Food,Grass-fed beef sirloin cubes; Supergreens salad blend; black lentils; Persian cucumber relish; tahini drizzle,46g Grass-Fed Protein; 100% Extra Virgin Olive Oil; Zero Seed Oils; 7g Dietary Fiber; 100% Gluten-Free,$16.00,4.8,105,Charcoal grilled grass-fed beef with prebiotic black lentils and raw garden greens. 100% seed-oil free.,38.59196,-121.49066
us-sacramento-95816-2,Roasted Heritage Turkey & Sweet Potato Hash,Dig (Midtown),"2400 J St, Sacramento, CA 95816",Sacramento,United States,95816,Pastured Poultry & Fowl,High-Protein Omnivore / Paleo,High Protein (35g-44g),490,44,36,12,7,29,4,Pure Avocado Oil,YES,YES,NO,NO,YES,Seed Oil Free; Gluten-Free; High Protein; High Fiber; Low Sugar; Clean Whole Food,All-natural heritage turkey breast; roasted garnet sweet potato cubes; wilted baby spinach; rosemary jus,44g Lean Protein; Pure Avocado Oil; Zero Seed Oils; 7g Dietary Fiber; 100% Gluten-Free,$17.00,4.7,268,Oven-roasted tender turkey breast paired with anti-inflammatory yams. Perfectly macro-balanced and clean.,38.58569,-121.485
us-sacramento-95816-3,Yellowfin Tuna Poke & Sprouted Greens,The Protein House (Midtown),"2400 J St, Sacramento, CA 95816",Sacramento,United States,95816,Salad & Raw Greens,Pescetarian,Super-High Protein (45g+),460,45,26,12,6,20,3,Cold-Pressed Sesame & EVOO,YES,YES,NO,NO,YES,Seed Oil Free; Gluten-Free; High Protein; High Fiber; Low Sugar; Clean Whole Food,Line-caught sashimi yellowfin tuna; sprouted brown rice; avocado chunks; seaweed salad; gluten-free coconut aminos,45g Lean Seafood Protein; Cold-Pressed EVOO; Zero Seed Oils; 6g Dietary Fiber; 100% Gluten-Free,$16.00,4.8,143,"Fresh sushi-grade tuna marinated in organic aminos and cold-pressed oil. Low sugar, fresh ingredients, 100% gluten-free.",38.56745,-121.49901
us-sacramento-95816-4,Organic Sprouted Tofu & Edamame Crunch Bowl,Planta (Midtown),"2400 J St, Sacramento, CA 95816",Sacramento,United States,95816,Pulse & Sprouted Legumes,100% Plant-Based / Vegan,Balanced Clean Protein (20g-34g),420,32,30,14,10,20,4,100% Extra Virgin Olive Oil,YES,YES,NO,NO,YES,Seed Oil Free; Gluten-Free; High Protein; High Fiber; Low Sugar; Clean Whole Food,Sprouted organic non-GMO tofu; steamed edamame; shredded purple cabbage; turmeric Romanesco; hemp seed gremolata,32g Organic Plant Protein; 100% Extra Virgin Olive Oil; Zero Seed Oils; 10g Dietary Fiber; 100% Gluten-Free,$18.00,4.8,242,Fermented and sprouted plant protein bowl rich in gut-healthy fiber. Completely seed-oil free and 100% gluten-free.,38.59081,-121.49886
us-sacramento-95816-5,Gulf Shrimp & Charred Broccolini Salad,Salata (Midtown),"2400 J St, Sacramento, CA 95816",Sacramento,United States,95816,Salad & Raw Greens,Pescetarian,High Protein (35g-44g),440,42,20,14,6,14,2,100% Extra Virgin Olive Oil,YES,YES,YES,NO,YES,Seed Oil Free; Gluten-Free; High Protein; High Fiber; Low Sugar; Clean Whole Food,Wild-caught Gulf shrimp; charred broccolini florets; hearts of palm; shaved parmesan; lemon garlic vinaigrette,42g Wild Seafood Protein; 100% Extra Virgin Olive Oil; Zero Seed Oils; 6g Dietary Fiber; 100% Gluten-Free,$16.00,4.8,166,"Wild Gulf shrimp quickly seared in cold-pressed olive oil over crisp brassicas. Low carb, low sugar, high protein.",38.57384,-121.49086
us-portland-me-04101-1,Wild Alaskan Salmon Quinoa Bowl,Flower Child (Old Port),"100 Commercial St, Portland ME, ME 04101",Portland ME,United States,04101,Wild Seafood & Coastal,Pescetarian,High Protein (35g-44g),520,44,32,16,7,25,4,100% Extra Virgin Olive Oil,YES,YES,NO,NO,YES,Seed Oil Free; Gluten-Free; High Protein; High Fiber; Low Sugar; Clean Whole Food,Wild Alaskan salmon fillet; sprouted tri-color quinoa; charred broccolini; avocado slices; lemon-herb drizzle,44g Clean Protein; 100% Extra Virgin Olive Oil; Zero Seed Oils; 7g Dietary Fiber; 100% Gluten-Free,$16.00,4.9,271,"Certified low calorie (520 kcal), high protein (44g), high fiber, and prepared strictly with cold-pressed olive oil. No seed oils, zero cane sugar, naturally gluten-free.",43.67339,-70.27097
us-portland-me-04101-2,Grass-Fed Bison Quinoa Power Bowl,True Food Kitchen (Old Port),"100 Commercial St, Portland ME, ME 04101",Portland ME,United States,04101,Grass-Fed Meats & Steaks,High-Protein Omnivore / Paleo,Super-High Protein (45g+),580,48,34,18,8,26,4,100% Grass-Fed Beef Tallow,YES,YES,NO,YES,YES,Seed Oil Free; Gluten-Free; High Protein; High Fiber; Low Sugar; Clean Whole Food,100% Regenerative grass-fed bison; ancient quinoa; fire-roasted sweet peppers; baby spinach; chimichurri,48g Grass-Fed Protein; 100% Beef Tallow; Zero Seed Oils; 8g Dietary Fiber; 100% Gluten-Free,$22.00,4.9,289,"Regenerative pasture-raised bison seared in 100% beef tallow. High protein, nutrient-dense clean carbs, zero industrial seed oils.",43.65285,-70.2425
us-portland-me-04101-3,Citrus-Herb Pastured Chicken Greens Bowl,Sweetgreen (Old Port),"100 Commercial St, Portland ME, ME 04101",Portland ME,United States,04101,Salad & Raw Greens,High-Protein Omnivore / Paleo,Super-High Protein (45g+),470,46,24,14,8,16,3,Pure Avocado Oil,YES,YES,NO,NO,YES,Seed Oil Free; Gluten-Free; High Protein; High Fiber; Low Sugar; Clean Whole Food,Antibiotic-free pastured chicken breast; massaged lacinato kale; sprouted black beans; Hass avocado; cold-pressed citrus dressing,46g Clean Protein; Pure Avocado Oil; Zero Seed Oils; 8g Dietary Fiber; 100% Gluten-Free,$16.00,4.8,79,"Slow-roasted pastured chicken over organic greens and sprouted legumes. Low sugar, clean fat profile, verified gluten-free.",43.66828,-70.24184
us-portland-me-04101-4,100% Grass-Fed Sirloin Kebab Plate,CAVA (Old Port),"100 Commercial St, Portland ME, ME 04101",Portland ME,United States,04101,Clay Oven & Fire Grills,100% Plant-Based / Vegan,Super-High Protein (45g+),540,46,28,16,7,21,3,100% Extra Virgin Olive Oil,YES,YES,NO,YES,YES,Seed Oil Free; Gluten-Free; High Protein; High Fiber; Low Sugar; Clean Whole Food,Grass-fed beef sirloin cubes; Supergreens salad blend; black lentils; Persian cucumber relish; tahini drizzle,46g Grass-Fed Protein; 100% Extra Virgin Olive Oil; Zero Seed Oils; 7g Dietary Fiber; 100% Gluten-Free,$17.00,4.8,148,Charcoal grilled grass-fed beef with prebiotic black lentils and raw garden greens. 100% seed-oil free.,43.67337,-70.24874
us-portland-me-04101-5,Roasted Heritage Turkey & Sweet Potato Hash,Dig (Old Port),"100 Commercial St, Portland ME, ME 04101",Portland ME,United States,04101,Pastured Poultry & Fowl,High-Protein Omnivore / Paleo,High Protein (35g-44g),490,44,36,12,7,29,4,Pure Avocado Oil,YES,YES,NO,NO,YES,Seed Oil Free; Gluten-Free; High Protein; High Fiber; Low Sugar; Clean Whole Food,All-natural heritage turkey breast; roasted garnet sweet potato cubes; wilted baby spinach; rosemary jus,44g Lean Protein; Pure Avocado Oil; Zero Seed Oils; 7g Dietary Fiber; 100% Gluten-Free,$19.00,4.9,172,Oven-roasted tender turkey breast paired with anti-inflammatory yams. Perfectly macro-balanced and clean.,43.65943,-70.24308